Transaction ID,Order Date,Day Name,Brand,Mobile Model,Units Sold,Price Per Unit,Total,Customer Name,Customer Age,City,Payment Method,Customer Ratings
1433,21-11-2022,Monday,Samsung,Galaxy Note 20,8.0,51136.18,409089.44,Bhavana Mehta,51,Bangalore,Cash,1.0
3662,08/18/2024,Sunday,OnePlus,OnePlus 9,9.0,69513.61,625622.49,Sneha Reddy,58,Delhi,UPI,5.0
1612,01/10/2023,Tuesday,Samsung,Galaxy S21,5.0,31488.69,157443.44999999998,Manoj Sharma,22,Kolkata,Cash,3.0
2365,12-08-2023,Saturday,Apple,iPhone SE,7.0,15654.42,109580.94,Priya Varma,24,Kolkata,Credit Card,3.0
2929,20-01-2024,Saturday,Vivo,Vivo S1,4.0,53393.77,213575.08,Vivek Nair,27,Gorakhpur,Credit Card,2.0
3783,24-09-2024,Tuesday,Apple,iPhone 11,5.0,29274.45,146372.25,Monika Chatterjee,28,Kolkata,UPI,3.0
762,05/15/2022,Sunday,Xiaomi,Mi 11,2.0,33518.06,67036.12,Rohan Singh,59,Delhi,Cash,5.0
2403,22-08-2023,Tuesday,Xiaomi,Mi 11,7.0,65479.76,458358.32,Kiran Joshi,41,Chennai,Credit Card,5.0
1607,08-01-2023,Sunday,Xiaomi,Redmi Note 10,4.0,58601.07,234404.28,Yogesh Roy,43,Jodhpur,Debit Card,5.0
966,07/12/2022,Tuesday,OnePlus,OnePlus 9,1.0,43591.32,43591.32,Kiran Jain,29,Rajkot,Debit Card,3.0
3524,07/09/2024,Tuesday,Apple,iPhone SE,5.0,38079.12,190395.6,Bina Roy,33,Delhi,UPI,5.0
2760,12/01/2023,Friday,Xiaomi,Mi 11,8.0,11983.13,95865.04,Prashant Gupta,37,Bhopal,UPI,5.0
1363,02-11-2022,Wednesday,Apple,iPhone 11,6.0,56002.31,336013.86,Umesh Nair,49,Kolkata,Debit Card,5.0
818,05/30/2022,Monday,Vivo,Vivo V20,6.0,23708.29,142249.74,Amit Goyal,30,Delhi,UPI,4.0
3194,04/06/2024,Saturday,Vivo,Vivo S1,7.0,24297.27,170080.89,Lalita Desai,46,Madurai,Credit Card,5.0
2098,05/27/2023,Saturday,Samsung,Galaxy A51,4.0,53150.68,212602.72,Lata Kaur,56,Kanpur,Debit Card,2.0
2339,04-08-2023,Friday,Vivo,Vivo V20,2.0,58541.96,117083.92,Ramesh Jain,28,Delhi,UPI,2.0
2296,07/23/2023,Sunday,Samsung,Galaxy Note 20,6.0,37741.71,226450.26,Krishna Menon,41,Delhi,Cash,5.0
1337,25-10-2022,Tuesday,Samsung,Galaxy A51,5.0,52234.81,261174.05,Sneha Sharma,21,Delhi,Credit Card,3.0
3053,25-02-2024,Sunday,Xiaomi,Redmi 9,4.0,11270.34,45081.36,Meena Patel,38,Rajkot,Credit Card,5.0
15,13-10-2021,Wednesday,Vivo,Vivo V20,6.0,11079.29,66475.74,Manoj Siddiqui,22,Chennai,Cash,5.0
898,06/23/2022,Thursday,Xiaomi,Redmi Note 10,7.0,48007.85,336054.95,Sachin Rao,19,Delhi,UPI,5.0
1910,04/05/2023,Wednesday,Vivo,Vivo V20,1.0,51195.19,51195.19,Bhavana Dutta,42,Delhi,UPI,4.0
326,01/09/2022,Sunday,Samsung,Galaxy Note 20,2.0,69094.89,138189.78,Prashant Teja,18,Coimbatore,UPI,5.0
884,06/18/2022,Saturday,OnePlus,OnePlus Nord,6.0,53946.49,323678.94,Radha Kulkarni,45,Delhi,Credit Card,4.0
2758,12/01/2023,Friday,OnePlus,OnePlus 8T,1.0,49532.0,49532.0,Neeta Prasad,40,Delhi,Credit Card,2.0
1092,08/16/2022,Tuesday,Xiaomi,Mi 11,9.0,57633.6,518702.39999999997,Amit Das,43,Delhi,Cash,5.0
3197,07-04-2024,Sunday,Samsung,Galaxy Note 20,6.0,47858.23,287149.38,Ramesh Solanki,52,Mumbai,Debit Card,4.0
2070,05/20/2023,Saturday,Samsung,Galaxy Note 20,8.0,58858.06,470864.48,Radha Solanki,26,Delhi,Debit Card,4.0
2858,12/30/2023,Saturday,Xiaomi,Redmi 9,5.0,32196.65,160983.25,Umesh Nair,28,Mumbai,UPI,2.0
2248,07/09/2023,Sunday,OnePlus,OnePlus 9,5.0,68590.12,342950.6,Ravi Siddiqui,54,Rajkot,Credit Card,4.0
2923,18-01-2024,Thursday,Xiaomi,Mi 11,2.0,65686.37,131372.74,Sachin Kaur,26,Mumbai,Credit Card,4.0
2973,02-02-2024,Friday,Vivo,Vivo V20,7.0,54559.64,381917.48,Nikhil Arora,35,Madurai,Debit Card,5.0
2624,10/23/2023,Monday,Samsung,Galaxy Note 20,3.0,67264.09,201792.27,Rohan Rao,28,Mumbai,UPI,2.0
2241,07-07-2023,Friday,Vivo,Vivo S1,6.0,29089.8,174538.8,Radha Alva,50,Madurai,Debit Card,4.0
512,03/01/2022,Tuesday,Apple,iPhone 11,4.0,27544.91,110179.64,Monika Singh,33,Delhi,Cash,3.0
1621,12-01-2023,Thursday,Vivo,Vivo Y51,6.0,34464.35,206786.09999999998,Priya Teja,45,Jodhpur,UPI,3.0
1133,28-08-2022,Sunday,Xiaomi,Mi 11,6.0,38805.41,232832.46000000002,Priya Patel,53,Hyderabad,Debit Card,5.0
3145,23-03-2024,Saturday,OnePlus,OnePlus 9,9.0,38537.24,346835.16,Harish Teja,20,Delhi,Debit Card,5.0
230,12/13/2021,Monday,Samsung,Galaxy Note 20,7.0,68981.2,482868.39999999997,Nikhil Rathod,45,Jodhpur,Cash,5.0
292,12/30/2021,Thursday,Xiaomi,Redmi 9,8.0,62058.5,496468.0,Tapan Ahuja,54,Gorakhpur,Credit Card,5.0
2021,06-05-2023,Saturday,OnePlus,OnePlus 8T,9.0,69501.97,625517.73,Anjali Jain,41,Bhopal,Credit Card,2.0
3717,04-09-2024,Wednesday,Vivo,Vivo V20,3.0,49388.29,148164.87,Pooja Rao,54,Jodhpur,Debit Card,5.0
713,30-04-2022,Saturday,Vivo,Vivo Y51,6.0,50451.86,302711.16000000003,Devendra Singh,30,Chennai,Cash,5.0
2465,08-09-2023,Friday,Samsung,Galaxy S21,3.0,20159.91,60479.729999999996,Deepika Malhotra,39,Patna,Debit Card,5.0
1617,11-01-2023,Wednesday,Xiaomi,Redmi Note 10,7.0,39783.94,278487.58,Ayesha Roy,59,Gorakhpur,,3.0
2847,27-12-2023,Wednesday,Apple,iPhone SE,2.0,25697.49,51394.98,Radha Nair,42,Coimbatore,Cash,4.0
1673,27-01-2023,Friday,Apple,iPhone 11,5.0,30991.01,154955.05,Arun Mehta,34,Delhi,UPI,4.0
1212,09/20/2022,Tuesday,Vivo,Vivo S1,5.0,10318.85,51594.25,Ayesha Sheth,44,Delhi,Cash,5.0
2608,10/19/2023,Thursday,Xiaomi,Mi 11,5.0,58048.57,290242.85,Manoj Nambiar,22,Vadodara,UPI,3.0
3819,04-10-2024,Friday,Xiaomi,Mi 11,7.0,50619.98,354339.86000000004,Arun Shah,20,Mumbai,UPI,3.0
2112,05/31/2023,Wednesday,Vivo,Vivo S1,1.0,66325.61,66325.61,Sunil Varma,24,Delhi,UPI,2.0
3008,02/13/2024,Tuesday,Apple,iPhone 12,1.0,22486.6,22486.6,Meena Dutta,20,Delhi,UPI,2.0
1512,12/13/2022,Tuesday,Xiaomi,Redmi 9,4.0,49701.6,198806.4,Bhavana Mishra,46,Kolkata,Debit Card,1.0
3806,10/01/2024,Tuesday,OnePlus,OnePlus Nord,3.0,42937.1,128811.29999999999,Lata Bhattacharya,41,Patna,UPI,2.0
3801,29-09-2024,Sunday,Samsung,Galaxy Note 20,1.0,16386.86,16386.86,Anand Bhattacharya,55,Mumbai,Cash,4.0
3165,29-03-2024,Friday,Samsung,Galaxy Note 20,9.0,50798.71,457188.39,Anand Chatterjee,38,Chennai,Debit Card,2.0
1259,03-10-2022,Monday,Samsung,Galaxy S21,6.0,64198.07,385188.42,Sumit Sharma,56,Lucknow,UPI,1.0
2282,07/19/2023,Wednesday,Vivo,Vivo Y51,8.0,26122.04,208976.32,Tanuja Rao,25,Delhi,Credit Card,4.0
1948,04/16/2023,Sunday,Samsung,Galaxy S21,7.0,51630.72,361415.04000000004,Manoj Kaur,32,Ludhiana,Cash,5.0
1737,15-02-2023,Wednesday,Apple,iPhone 11,5.0,45422.86,227114.3,Pankaj Sheth,50,Delhi,Credit Card,4.0
3263,26-04-2024,Friday,Apple,iPhone 12,1.0,49454.1,49454.1,Nikhil Menon,26,Gorakhpur,Debit Card,2.0
180,11/28/2021,Sunday,Apple,iPhone SE,5.0,55618.7,278093.5,Vijay Sheth,41,Delhi,Credit Card,4.0
1393,10-11-2022,Thursday,Xiaomi,Mi 11,1.0,38390.36,38390.36,Prashant Gupta,36,Mumbai,UPI,3.0
212,12/08/2021,Wednesday,OnePlus,OnePlus Nord,8.0,,544693.84,Priya Teja,58,Delhi,Credit Card,4.0
747,10-05-2022,Tuesday,Vivo,Vivo V20,2.0,,47576.76,Mala Mathur,19,Delhi,Credit Card,5.0
2160,06/14/2023,Wednesday,Apple,iPhone 12,5.0,28649.81,143249.05000000002,Deepika Prasad,26,Mumbai,Credit Card,2.0
1613,10-01-2023,Tuesday,Samsung,Galaxy S21,2.0,32718.54,65437.08,Vivek Nambiar,36,Mumbai,Debit Card,1.0
1162,09/05/2022,Monday,Vivo,Vivo Y51,9.0,11183.54,100651.86000000002,Nikhil Chaudhary,26,Delhi,UPI,1.0
1379,06-11-2022,Sunday,Samsung,Galaxy S21,4.0,35435.83,141743.32,Sneha Mehta,54,Ranchi,Cash,1.0
1399,12-11-2022,Saturday,Samsung,Galaxy A51,2.0,51878.31,103756.62,Navin Malhotra,46,Rajkot,Credit Card,5.0
1827,12-03-2023,Sunday,Xiaomi,Redmi 9,6.0,36445.91,218675.46000000002,Mala Ghosh,56,Mumbai,UPI,4.0
3776,09/22/2024,Sunday,Apple,iPhone 11,1.0,45712.01,45712.01,Priya Patel,26,Bhopal,UPI,5.0
1510,12/12/2022,Monday,Apple,iPhone 11,4.0,67352.2,269408.8,Pooja Pillai,44,Gorakhpur,Cash,1.0
552,03/14/2022,Monday,OnePlus,OnePlus 9,2.0,54056.32,108112.64,Yogesh Patel,26,Indore,UPI,5.0
215,09-12-2021,Thursday,Samsung,Galaxy Note 20,5.0,45993.15,229965.75,Ravi Sharma,33,Mumbai,Debit Card,3.0
1048,08/04/2022,Thursday,Xiaomi,Redmi 9,3.0,43309.58,129928.74,Tapan Rathod,20,Mumbai,UPI,5.0
1460,11/29/2022,Tuesday,Xiaomi,Mi 11,9.0,11082.27,99740.43000000001,Bina Solanki,55,Gorakhpur,Credit Card,5.0
3151,24-03-2024,Sunday,Xiaomi,Mi 11,9.0,36379.34,327414.05999999994,Lalita Ahuja,20,Delhi,Cash,3.0
3522,07/08/2024,Monday,Xiaomi,Mi 11,8.0,32919.01,263352.08,Vivek Prasad,18,Hyderabad,UPI,5.0
3279,01-05-2024,Wednesday,Xiaomi,Redmi 9,6.0,12792.49,76754.94,Neeta Mathur,18,Mumbai,UPI,2.0
415,01-02-2022,Tuesday,Vivo,Vivo S1,4.0,55216.61,220866.44,Gita Teja,53,Delhi,Credit Card,5.0
953,08-07-2022,Friday,Vivo,Vivo S1,8.0,46929.46,375435.68,Namita Kumar,45,Delhi,UPI,4.0
2274,07/16/2023,Sunday,Samsung,Galaxy A51,5.0,25518.99,127594.95000000001,Anita Shah,24,Mumbai,Credit Card,2.0
1753,20-02-2023,Monday,Xiaomi,Mi 11,4.0,58718.89,234875.56,Harish Goyal,34,Delhi,Debit Card,5.0
3031,19-02-2024,Monday,Samsung,Galaxy Note 20,1.0,64885.23,64885.23,Ravi Malhotra,30,Kolkata,Credit Card,3.0
1610,01/09/2023,Monday,OnePlus,OnePlus Nord,5.0,40292.49,201462.44999999998,Rohan Sheth,55,Gorakhpur,Credit Card,1.0
1117,24-08-2022,Wednesday,OnePlus,OnePlus 8T,9.0,52520.85,472687.64999999997,Sachin Joshi,23,Mumbai,Cash,3.0
2118,06/02/2023,Friday,OnePlus,OnePlus Nord,8.0,35192.22,281537.76,Tanuja Mathur,43,Rajkot,Debit Card,5.0
721,03-05-2022,Tuesday,Xiaomi,Redmi 9,2.0,65285.16,130570.32,Sumit Joshi,47,Kolkata,Cash,5.0
916,06/28/2022,Tuesday,Samsung,Galaxy Note 20,1.0,18706.33,18706.33,Vijay Siddiqui,21,Jodhpur,Credit Card,3.0
71,29-10-2021,Friday,Samsung,Galaxy Note 20,9.0,26525.79,238732.11000000002,Ayesha Ghosh,32,Ranchi,UPI,3.0
2185,21-06-2023,Wednesday,Samsung,Galaxy A51,3.0,10226.06,30678.18,Rajesh Chaudhary,19,Bangalore,UPI,4.0
150,11/20/2021,Saturday,Samsung,Galaxy Note 20,9.0,37365.97,336293.73,Tanuja Goyal,56,Delhi,UPI,4.0
1352,10/29/2022,Saturday,OnePlus,OnePlus 9,7.0,30441.13,213087.91,Jyoti Sheth,53,Mumbai,Credit Card,4.0
1794,03/04/2023,Saturday,Vivo,Vivo S1,7.0,28089.3,196625.1,Radha Srivastava,36,Bhopal,Cash,1.0
3014,02/14/2024,Wednesday,Vivo,Vivo V20,7.0,10694.33,74860.31,Tanuja Reddy,23,Indore,Credit Card,5.0
1895,01-04-2023,Saturday,Xiaomi,Mi 11,8.0,49179.56,393436.48,Yogesh Siddiqui,21,Kanpur,UPI,5.0
2867,02-01-2024,Tuesday,OnePlus,OnePlus Nord,4.0,57643.64,230574.56,Anand Arora,57,Delhi,Cash,5.0
2852,12/28/2023,Thursday,Vivo,Vivo V20,2.0,44474.47,88948.94,Namita Desai,28,Delhi,Cash,2.0
1035,31-07-2022,Sunday,Apple,iPhone 12,1.0,33803.66,33803.66,Arun Prasad,35,Patna,Credit Card,5.0
3134,03/20/2024,Wednesday,Samsung,Galaxy S21,1.0,59683.57,59683.57,Umesh Nair,45,Delhi,UPI,3.0
734,05/06/2022,Friday,OnePlus,OnePlus 8T,1.0,44630.3,44630.3,Deepika Malhotra,44,Bhopal,Credit Card,5.0
2600,10/16/2023,Monday,OnePlus,OnePlus 8T,3.0,24012.51,72037.53,Krishna Jain,21,Mumbai,Cash,3.0
3207,10-04-2024,Wednesday,Vivo,Vivo Y51,2.0,68121.49,136242.98,Krishna Jain,23,Delhi,Cash,1.0
804,05/27/2022,Friday,OnePlus,OnePlus 9,8.0,58816.94,470535.52,Mala Malhotra,18,Delhi,Cash,4.0
487,22-02-2022,Tuesday,Vivo,Vivo Y51,1.0,39298.58,39298.58,Ramesh Dutta,22,Indore,UPI,3.0
94,11/04/2021,Thursday,OnePlus,OnePlus 8T,6.0,39512.07,237072.41999999998,Bina Deshmukh,44,Mumbai,Cash,4.0
185,30-11-2021,Tuesday,Vivo,Vivo Y51,6.0,14275.5,85653.0,Lalita Patel,45,Kolkata,Cash,3.0
2762,12/02/2023,Saturday,Xiaomi,Redmi Note 10,9.0,14729.08,132561.72,Anjali Desai,50,Ludhiana,Debit Card,5.0
1177,09-09-2022,Friday,Apple,iPhone 11,2.0,56262.3,112524.6,Kavita Rawat,43,Jodhpur,Credit Card,3.0
322,01/08/2022,Saturday,Samsung,Galaxy S21,2.0,43400.92,86801.84,Bhavana Srivastava,25,Madurai,Cash,5.0
2269,15-07-2023,Saturday,Apple,iPhone SE,7.0,11070.03,77490.21,Isha Kaur,30,Vadodara,Cash,3.0
930,07/02/2022,Saturday,Apple,iPhone SE,8.0,69984.48,559875.84,Kunal Yadav,19,Mumbai,Credit Card,5.0
3640,08/11/2024,Sunday,Vivo,Vivo S1,5.0,14185.42,70927.1,Manoj Iyer,44,Bangalore,UPI,2.0
33,18-10-2021,Monday,Apple,iPhone SE,6.0,10910.45,65462.700000000004,Sumit Pillai,55,Rajkot,UPI,3.0
3300,05/06/2024,Monday,Samsung,Galaxy S21,9.0,28041.34,252372.06,Sanjay Patel,51,Delhi,UPI,3.0
411,31-01-2022,Monday,Vivo,Vivo V20,4.0,12110.48,48441.92,Tanuja Rao,30,Mumbai,Cash,3.0
316,01/06/2022,Thursday,Vivo,Vivo Y51,3.0,35489.71,106469.13,Anita Rawat,50,Vadodara,UPI,5.0
1923,09-04-2023,Sunday,Xiaomi,Mi 11,5.0,33913.96,169569.8,Sanjay Ghosh,53,Delhi,UPI,5.0
1695,02-02-2023,Thursday,Apple,iPhone 11,2.0,53600.23,107200.46,Shruti Chaudhary,22,Chennai,Credit Card,1.0
1075,12-08-2022,Friday,Apple,iPhone 11,7.0,33169.36,232185.52000000002,Vivek Menon,19,Delhi,UPI,5.0
3284,05/02/2024,Thursday,Vivo,Vivo S1,8.0,64762.06,518096.48,Sunita Teja,22,Mumbai,Debit Card,2.0
319,07-01-2022,Friday,Apple,iPhone 12,3.0,47174.09,141522.27,Jyoti Mishra,28,Delhi,Cash,3.0
1651,21-01-2023,Saturday,Apple,iPhone 11,2.0,33930.48,67860.96,Lata Rathod,50,Bangalore,Cash,3.0
3611,03-08-2024,Saturday,OnePlus,OnePlus 9,5.0,55877.12,279385.60000000003,Navin Kapoor,39,Kanpur,Cash,5.0
3603,31-07-2024,Wednesday,Apple,iPhone SE,5.0,47037.46,235187.3,Anjali Nambiar,37,Delhi,UPI,5.0
355,16-01-2022,Sunday,Samsung,Galaxy Note 20,4.0,60480.38,241921.52,Manoj Rao,25,Gorakhpur,Debit Card,5.0
1098,08/18/2022,Thursday,Vivo,Vivo V20,1.0,16471.2,16471.2,Vinod Dutta,41,Mumbai,UPI,4.0
3764,09/18/2024,Wednesday,Samsung,Galaxy S21,8.0,32611.36,260890.88,Sachin Shah,25,Delhi,Debit Card,2.0
3382,05/31/2024,Friday,Samsung,Galaxy Note 20,5.0,61899.64,309498.2,Pooja Srivastava,51,Chennai,Cash,5.0
1838,03/15/2023,Wednesday,OnePlus,OnePlus 9,6.0,59960.99,359765.94,Ramesh Verma,43,Madurai,UPI,5.0
2482,09/13/2023,Wednesday,Samsung,Galaxy A51,2.0,13698.51,27397.02,Rohan Mishra,29,Kolkata,Debit Card,2.0
479,19-02-2022,Saturday,Samsung,Galaxy Note 20,4.0,25216.94,100867.76,Krishna Malhotra,59,Delhi,Debit Card,5.0
2878,01/05/2024,Friday,Xiaomi,Mi 11,5.0,67809.06,339045.3,Rohan Prasad,51,Patna,Debit Card,2.0
1579,01-01-2023,Sunday,Samsung,Galaxy A51,3.0,14771.18,44313.54,Tapan Singh,27,Coimbatore,Debit Card,5.0
2348,08/07/2023,Monday,Samsung,Galaxy Note 20,1.0,43847.62,43847.62,Amit Ghosh,38,Ranchi,UPI,4.0
1593,04-01-2023,Wednesday,Vivo,Vivo S1,1.0,60671.29,60671.29,Arun Kapoor,35,Mumbai,UPI,3.0
808,05/28/2022,Saturday,Samsung,Galaxy A51,9.0,22448.17,202033.52999999997,Prashant Shah,22,Kolkata,Credit Card,3.0
2360,08/11/2023,Friday,Vivo,Vivo V20,8.0,49888.0,399104.0,Monika Goyal,34,Delhi,Cash,3.0
121,12-11-2021,Friday,OnePlus,OnePlus Nord,5.0,14628.66,73143.3,Arun Verma,42,Kolkata,Debit Card,3.0
882,06/18/2022,Saturday,OnePlus,OnePlus Nord,3.0,58340.52,175021.56,Nikhil Patel,42,Jodhpur,Cash,3.0
2463,07-09-2023,Thursday,Vivo,Vivo S1,9.0,27763.83,249874.47000000003,Sanjay Malhotra,24,Mumbai,UPI,5.0
737,07-05-2022,Saturday,Apple,iPhone 11,4.0,68954.74,275818.96,Sneha Patel,45,Delhi,UPI,3.0
2664,11/03/2023,Friday,Xiaomi,Redmi 9,7.0,49589.25,347124.75,Kiran Mathur,51,Delhi,Cash,5.0
3491,29-06-2024,Saturday,Apple,iPhone SE,5.0,23434.37,117171.84999999999,Gita Rathod,51,Mumbai,Debit Card,2.0
1951,17-04-2023,Monday,Apple,iPhone 11,6.0,32351.65,194109.90000000002,Priyanka Pillai,24,Coimbatore,UPI,5.0
1533,19-12-2022,Monday,OnePlus,OnePlus 8T,2.0,35163.27,70326.54,Anita Malhotra,21,Bhopal,UPI,4.0
3657,16-08-2024,Friday,Samsung,Galaxy Note 20,9.0,16240.75,146166.75,Tapan Ahuja,45,Mumbai,Debit Card,5.0
18,10/14/2021,Thu,Xiaomi,Redmi Note 10,1.0,51293.14,51293.14,Anand Pillai,30,Delhi,Cash,3.0
2988,02/06/2024,Tuesday,Apple,iPhone 11,6.0,35010.08,210060.48,Reena Kulkarni,31,Kolkata,Credit Card,2.0
1663,25-01-2023,Wednesday,Apple,iPhone SE,5.0,11468.82,57344.1,Neeta Ghosh,41,Vadodara,UPI,4.0
2658,11/02/2023,Thursday,Samsung,Galaxy A51,2.0,37741.34,75482.68,Anand Pillai,19,Jodhpur,Credit Card,4.0
2700,11/14/2023,Tuesday,Samsung,Galaxy A51,7.0,44516.78,311617.45999999996,Kavita Desai,50,Delhi,UPI,5.0
1457,28-11-2022,Monday,OnePlus,OnePlus 8T,5.0,12134.93,60674.65,Deepika Malhotra,52,Madurai,Credit Card,5.0
2475,11-09-2023,Monday,OnePlus,OnePlus Nord,6.0,68824.86,412949.16000000003,Lata Kaur,25,Delhi,Credit Card,2.0
904,06/24/2022,Friday,Xiaomi,Mi 11,8.0,29448.11,235584.88,Isha Nair,31,Rajkot,Debit Card,5.0
1189,13-09-2022,Tuesday,Vivo,Vivo S1,1.0,51318.7,51318.7,Pooja Goyal,32,Delhi,UPI,1.0
890,06/20/2022,Monday,OnePlus,OnePlus 9,6.0,38369.54,230217.24,Ramesh Mishra,27,Delhi,Credit Card,2.0
1000,07/21/2022,Thursday,OnePlus,OnePlus Nord,2.0,56593.45,113186.9,Anand Kapoor,44,Mumbai,Cash,3.0
756,05/13/2022,Friday,Samsung,Galaxy S21,7.0,27208.94,190462.58,Nikhil Varma,23,Bhopal,Cash,3.0
1698,02/03/2023,Friday,Xiaomi,Redmi 9,6.0,47403.42,284420.52,Kavita Solanki,34,Kanpur,Debit Card,4.0
3638,08/10/2024,Saturday,Vivo,Vivo V20,4.0,49089.35,196357.4,Rohan Goyal,42,Mumbai,UPI,4.0
2291,21-07-2023,Friday,Xiaomi,Redmi 9,5.0,31350.75,156753.75,Deepika Solanki,27,Mumbai,Cash,2.0
241,16-12-2021,Thursday,Samsung,Galaxy S21,5.0,,183691.65000000002,Krishna Rathod,36,Delhi,UPI,5.0
3411,09-06-2024,Sunday,Vivo,Vivo V20,9.0,18648.14,167833.26,Shruti Bhatnagar,44,Kanpur,Credit Card,2.0
2660,11/02/2023,Thursday,Xiaomi,Redmi Note 10,1.0,25386.64,25386.64,Kavita Iyer,32,Rajkot,UPI,4.0
1819,10-03-2023,Friday,OnePlus,OnePlus 8T,8.0,40721.09,325768.72,Sumit Mishra,47,Delhi,Debit Card,5.0
3542,07/14/2024,Sunday,Xiaomi,Mi 11,9.0,25092.73,225834.57,Sneha Arora,25,Delhi,Cash,5.0
1547,23-12-2022,Friday,Apple,iPhone SE,3.0,69958.98,209876.94,Sunil Luthra,43,Delhi,Cash,5.0
110,11/09/2021,Tuesday,Samsung,Galaxy S21,8.0,69047.13,552377.04,Sunil Jain,48,Gorakhpur,UPI,5.0
458,02/13/2022,Sunday,Samsung,Galaxy Note 20,9.0,62662.78,563965.02,Priya Singh,41,Mumbai,Debit Card,4.0
2753,30-11-2023,Thursday,Apple,iPhone SE,5.0,64359.35,321796.75,Sneha Rao,43,Mumbai,UPI,5.0
2314,07/28/2023,Friday,Samsung,Galaxy Note 20,1.0,63052.44,63052.44,Vijay Das,46,Lucknow,UPI,2.0
2338,08/04/2023,Friday,Vivo,Vivo S1,2.0,58160.75,116321.5,Krishna Rao,21,Delhi,Debit Card,5.0
1114,08/23/2022,Tuesday,Samsung,Galaxy A51,7.0,34166.57,239165.99,Devendra Srivastava,28,Bhopal,UPI,5.0
52,10/24/2021,Sun,OnePlus,OnePlus Nord,1.0,10539.92,10539.92,Yogesh Roy,58,Delhi,UPI,5.0
2099,28-05-2023,Sunday,OnePlus,OnePlus Nord,6.0,45099.56,270597.36,Mala Malhotra,45,Delhi,Credit Card,4.0
3024,02/17/2024,Saturday,Xiaomi,Redmi 9,7.0,51972.67,363808.69,Navin Chaudhary,39,Kanpur,UPI,1.0
74,10/30/2021,Saturday,OnePlus,OnePlus Nord,3.0,69894.04,209682.12,Sunil Das,24,Delhi,Debit Card,4.0
1581,01-01-2023,Sunday,Samsung,Galaxy A51,1.0,19288.95,19288.95,Pankaj Pathak,29,Delhi,UPI,3.0
1899,02-04-2023,Sunday,Samsung,Galaxy A51,6.0,45546.45,273278.69999999995,Lalita Patel,26,Jodhpur,UPI,5.0
2504,09/19/2023,Tuesday,Vivo,Vivo Y51,4.0,19340.51,77362.04,Prashant Deshmukh,28,Kanpur,Credit Card,5.0
3598,07/30/2024,Tuesday,Apple,iPhone 11,2.0,28202.2,56404.4,Yogesh Patel,24,Mumbai,Debit Card,5.0
3042,02/22/2024,Thursday,Vivo,Vivo S1,9.0,59104.16,531937.4400000001,Sunita Iyer,51,Chennai,UPI,5.0
394,01/26/2022,Wednesday,Xiaomi,Redmi 9,3.0,21280.94,63842.81999999999,Vijay Jain,19,Gorakhpur,Cash,4.0
271,24-12-2021,Friday,Apple,iPhone SE,9.0,67973.54,611761.86,Ramesh Nambiar,37,Coimbatore,Credit Card,3.0
197,03-12-2021,Friday,Apple,iPhone 12,1.0,25310.93,25310.93,Neeta Menon,51,Delhi,Credit Card,3.0
2749,28-11-2023,Tuesday,OnePlus,OnePlus Nord,9.0,25406.17,228655.52999999997,Aditya Singh,21,Mumbai,Credit Card,4.0
3013,14-02-2024,Wednesday,Samsung,Galaxy A51,8.0,69593.56,556748.48,Lalita Alva,52,Mumbai,Debit Card,5.0
3364,05/25/2024,Saturday,Samsung,Galaxy Note 20,1.0,58560.57,58560.57,Umesh Dutta,30,Kanpur,UPI,4.0
3407,07-06-2024,Friday,OnePlus,OnePlus 8T,2.0,49597.98,99195.96,Sunil Varma,33,Delhi,UPI,5.0
2991,07-02-2024,Wednesday,Apple,iPhone SE,9.0,67963.37,611670.33,Pooja Patel,51,Madurai,Credit Card,4.0
1816,03/10/2023,Friday,OnePlus,OnePlus 8T,3.0,14960.02,44880.06,Neeta Desai,33,Lucknow,UPI,3.0
1657,23-01-2023,Monday,Samsung,Galaxy Note 20,8.0,51194.46,409555.68,Prashant Gupta,42,Madurai,Debit Card,5.0
1826,03/12/2023,Sunday,OnePlus,OnePlus Nord,1.0,65216.34,65216.34,Bhavana Ghosh,47,Delhi,Cash,3.0
53,25-10-2021,Mon,OnePlus,OnePlus 9,7.0,25468.65,178280.55000000002,Krishna Mehta,32,Lucknow,Debit Card,5.0
466,02/15/2022,Tuesday,Xiaomi,Mi 11,6.0,26302.45,157814.7,Sumit Mishra,27,Jodhpur,UPI,4.0
27,17-10-2021,Sunday,Samsung,Galaxy A51,4.0,37813.09,151252.36,Yogesh Ahuja,34,Delhi,Cash,4.0
2271,15-07-2023,Saturday,Xiaomi,Redmi 9,8.0,15309.21,122473.68,Sunil Jain,47,Delhi,UPI,5.0
1806,03/07/2023,Tuesday,Apple,iPhone 11,9.0,56797.63,511178.67,Manoj Nambiar,27,Mumbai,Debit Card,3.0
2531,26-09-2023,Tuesday,Apple,iPhone SE,7.0,57177.57,400242.99,Yogesh Ahuja,35,Bangalore,UPI,4.0
2526,09/25/2023,Monday,Vivo,Vivo Y51,1.0,65952.59,65952.59,Jyoti Ahuja,56,Mumbai,UPI,5.0
2975,03-02-2024,Saturday,OnePlus,OnePlus Nord,4.0,64866.68,259466.72,Bhavana Rawat,49,Chennai,Credit Card,2.0
1341,26-10-2022,Wednesday,Apple,iPhone 11,3.0,36929.9,110789.70000000001,Namita Das,47,Delhi,UPI,1.0
3325,14-05-2024,Tuesday,Vivo,Vivo Y51,7.0,55909.19,391364.33,Sanjay Mehta,35,Ranchi,Credit Card,3.0
3123,16-03-2024,Saturday,Vivo,Vivo V20,5.0,20645.9,103229.5,Ravi Dutta,53,Bangalore,Debit Card,5.0
3803,30-09-2024,Monday,Apple,iPhone SE,1.0,21978.92,21978.92,Sachin Kaur,20,Delhi,Credit Card,5.0
2620,10/22/2023,Sunday,Samsung,Galaxy S21,8.0,69230.07,553840.56,Bina Teja,39,Patna,UPI,5.0
1554,12/25/2022,Sunday,Samsung,Galaxy A51,3.0,28760.96,86282.88,Anand Kaur,41,Hyderabad,Cash,3.0
1534,12/19/2022,Monday,Apple,iPhone 12,4.0,67924.64,271698.56,Ramesh Srivastava,32,Mumbai,Debit Card,5.0
221,11-12-2021,Saturday,OnePlus,OnePlus 9,9.0,,181327.41,Kiran Rathod,40,Chennai,Debit Card,4.0
2656,11/01/2023,Wednesday,Samsung,Galaxy A51,3.0,11238.61,33715.83,Shruti Menon,48,Mumbai,Cash,2.0
299,01-01-2022,Saturday,Samsung,Galaxy S21,4.0,49695.46,198781.84,Meena Joshi,28,Kolkata,UPI,4.0
1007,23-07-2022,Saturday,Vivo,Vivo V20,6.0,61060.23,366361.38,Priyanka Dutta,37,Jodhpur,Debit Card,5.0
1502,12/10/2022,Saturday,Vivo,Vivo V20,7.0,68118.32,476828.24000000005,Pooja Deshmukh,31,Mumbai,Credit Card,3.0
464,02/15/2022,Tuesday,Vivo,Vivo S1,7.0,51602.91,361220.37,Kunal Shah,48,Chennai,UPI,5.0
1779,27-02-2023,Monday,Xiaomi,Mi 11,9.0,23127.66,208148.94,Arun Desai,28,Delhi,Credit Card,5.0
1974,04/23/2023,Sunday,Samsung,Galaxy S21,3.0,25047.9,75143.70000000001,Deepika Menon,27,Hyderabad,Debit Card,2.0
1351,29-10-2022,Saturday,Xiaomi,Redmi 9,7.0,19636.19,137453.33,Lalita Luthra,45,Jodhpur,Debit Card,1.0
1733,14-02-2023,Tuesday,Apple,iPhone SE,8.0,,134510.96,Mala Arora,27,Mumbai,Debit Card,5.0
1703,05-02-2023,Sunday,OnePlus,OnePlus 9,2.0,19177.71,38355.42,Pankaj Mishra,30,Delhi,Cash,4.0
832,06/03/2022,Friday,Apple,iPhone 11,8.0,34563.35,276506.8,Vivek Srivastava,50,Delhi,Debit Card,2.0
3559,19-07-2024,Friday,Xiaomi,Redmi 9,5.0,29261.29,146306.45,Bhavana Mehta,35,Delhi,Credit Card,3.0
683,22-04-2022,Friday,Samsung,Galaxy A51,9.0,29601.34,266412.06,Sunita Luthra,20,Coimbatore,UPI,5.0
2380,08/16/2023,Wednesday,Samsung,Galaxy A51,4.0,13256.27,53025.08,Pooja Srivastava,30,Indore,UPI,5.0
433,06-02-2022,Sunday,Samsung,Galaxy S21,4.0,60733.07,242932.28,Kiran Malhotra,29,Delhi,Debit Card,5.0
2667,04-11-2023,Saturday,Vivo,Vivo S1,8.0,22414.97,179319.76,Anjali Varma,54,Madurai,Credit Card,5.0
3065,29-02-2024,Thursday,OnePlus,OnePlus 8T,4.0,39208.42,156833.68,Prashant Luthra,50,Delhi,Debit Card,1.0
1789,02-03-2023,Thursday,Samsung,Galaxy A51,2.0,55565.72,111131.44,Navin Malhotra,26,Ludhiana,UPI,5.0
1602,01/07/2023,Saturday,OnePlus,OnePlus 9,5.0,38034.48,190172.40000000002,Tapan Kumar,31,Delhi,Debit Card,5.0
257,21-12-2021,Tuesday,Samsung,Galaxy S21,1.0,,59490.23,Bina Mishra,50,Delhi,Debit Card,5.0
2067,19-05-2023,Friday,Apple,iPhone SE,9.0,17189.49,154705.41,Meena Chatterjee,58,Patna,Debit Card,1.0
2245,08-07-2023,Saturday,Xiaomi,Redmi Note 10,8.0,23494.36,187954.88,Pooja Thakur,22,Mumbai,Cash,2.0
1426,11/19/2022,Saturday,Vivo,Vivo V20,9.0,65080.63,585725.6699999999,Isha Desai,31,Coimbatore,Cash,1.0
2568,10/07/2023,Saturday,OnePlus,OnePlus Nord,6.0,64885.11,389310.66000000003,Pankaj Nambiar,54,Ranchi,Credit Card,5.0
3414,06/09/2024,Sunday,Samsung,Galaxy Note 20,2.0,47406.29,94812.58,Isha Sheth,57,Jodhpur,UPI,5.0
2476,09/11/2023,Monday,Apple,iPhone SE,9.0,42727.4,384546.60000000003,Isha Yadav,31,Hyderabad,Credit Card,4.0
1962,04/20/2023,Thursday,Vivo,Vivo Y51,8.0,37519.48,300155.84,Vivek Srivastava,18,Gorakhpur,UPI,5.0
158,11/22/2021,Monday,Vivo,Vivo V20,3.0,38281.99,114845.97,Namita Das,29,Gorakhpur,Credit Card,5.0
2754,11/30/2023,Thursday,Xiaomi,Mi 11,7.0,12475.02,87325.14,Bina Kumar,32,Patna,Credit Card,2.0
3395,04-06-2024,Tuesday,Samsung,Galaxy A51,6.0,54744.3,328465.80000000005,Kavita Rawat,50,Delhi,Credit Card,4.0
206,12/06/2021,Monday,OnePlus,OnePlus Nord,3.0,63256.5,189769.5,Sumit Malhotra,24,Mumbai,UPI,5.0
1160,09/05/2022,Monday,Apple,iPhone 12,4.0,30089.1,120356.4,Kavita Iyer,45,Ludhiana,Debit Card,5.0
34,10/19/2021,Tuesday,OnePlus,OnePlus 9,4.0,27024.73,108098.92,Vinod Dutta,44,Mumbai,UPI,5.0
2017,05-05-2023,Friday,OnePlus,OnePlus 9,6.0,49827.9,298967.4,Vivek Luthra,37,Delhi,Credit Card,4.0
1428,11/20/2022,Sunday,Vivo,Vivo S1,5.0,54336.75,271683.75,Ramesh Verma,46,Delhi,Cash,5.0
2464,09/08/2023,Friday,Vivo,Vivo Y51,2.0,52625.48,105250.96,Sachin Goyal,40,Hyderabad,Cash,5.0
2068,05/19/2023,Friday,Xiaomi,Redmi Note 10,3.0,37065.36,111196.08,Sachin Desai,24,Hyderabad,Cash,4.0
1229,24-09-2022,Saturday,Vivo,Vivo S1,3.0,20839.76,62519.28,Lata Chaudhary,21,Lucknow,Cash,5.0
2942,01/24/2024,Wednesday,Vivo,Vivo Y51,7.0,30207.56,211452.92,Gita Iyer,34,Mumbai,Debit Card,2.0
1919,08-04-2023,Saturday,OnePlus,OnePlus Nord,7.0,59522.68,416658.76,Priyanka Menon,24,Indore,UPI,4.0
2779,07-12-2023,Thursday,Vivo,Vivo V20,3.0,25389.25,76167.75,Sumit Verma,28,Hyderabad,Cash,4.0
502,02/27/2022,Sunday,Xiaomi,Redmi 9,8.0,26334.43,210675.44,Vivek Deshmukh,45,Delhi,UPI,2.0
341,12-01-2022,Wednesday,Xiaomi,Mi 11,3.0,16342.04,49026.12,Reena Desai,58,Delhi,Debit Card,3.0
2773,05-12-2023,Tuesday,OnePlus,OnePlus 9,9.0,56570.29,509132.61,Pooja Srivastava,38,Mumbai,Debit Card,5.0
1553,24-12-2022,Saturday,Samsung,Galaxy Note 20,5.0,19518.23,97591.15,Reena Kulkarni,27,Rajkot,UPI,1.0
1957,18-04-2023,Tuesday,OnePlus,OnePlus Nord,4.0,32411.18,129644.72,Tapan Rawat,43,Patna,Debit Card,1.0
1967,21-04-2023,Friday,Samsung,Galaxy S21,5.0,15795.32,78976.6,Bina Nair,35,Gorakhpur,UPI,2.0
3005,12-02-2024,Monday,Vivo,Vivo S1,1.0,46976.23,46976.23,Anita Prasad,21,Mumbai,Debit Card,4.0
1992,04/28/2023,Friday,OnePlus,OnePlus 8T,7.0,51033.6,357235.2,Monika Goyal,41,Delhi,Debit Card,4.0
1221,22-09-2022,Thursday,OnePlus,OnePlus Nord,2.0,33445.18,66890.36,Tapan Mathur,54,Vadodara,Debit Card,4.0
568,03/18/2022,Friday,Vivo,Vivo S1,6.0,58626.2,351757.19999999995,Mala Siddiqui,47,Indore,Cash,4.0
2376,08/15/2023,Tuesday,OnePlus,OnePlus Nord,4.0,28727.7,114910.8,Nikhil Reddy,46,Mumbai,Credit Card,4.0
2009,03-05-2023,Wednesday,Vivo,Vivo Y51,4.0,44627.34,178509.36,Devendra Arora,31,Bhopal,Cash,2.0
491,23-02-2022,Wednesday,OnePlus,OnePlus 8T,7.0,57035.72,399250.04000000004,Sanjay Das,22,Madurai,UPI,2.0
135,16-11-2021,Tuesday,Samsung,Galaxy Note 20,8.0,39973.99,319791.92,Pankaj Desai,45,Mumbai,Credit Card,3.0
3025,18-02-2024,Sunday,Vivo,Vivo Y51,8.0,37946.21,303569.68,Vivek Ghosh,44,Mumbai,Debit Card,1.0
3308,05/09/2024,Thursday,Vivo,Vivo Y51,1.0,65024.69,65024.69,Anjali Thakur,59,Kolkata,UPI,4.0
264,12/23/2021,Thursday,Xiaomi,Redmi 9,8.0,42844.38,342755.04,Rohan Gupta,53,Delhi,Debit Card,4.0
3077,03-03-2024,Sunday,OnePlus,OnePlus 8T,4.0,38950.34,155801.36,Bhavana Kapoor,49,Delhi,Credit Card,4.0
839,05-06-2022,Sunday,Apple,iPhone SE,3.0,35803.32,107409.95999999999,Yogesh Rao,35,Coimbatore,UPI,5.0
658,04/14/2022,Thursday,Vivo,Vivo V20,7.0,26337.14,184359.97999999998,Rajesh Chatterjee,39,Mumbai,Cash,3.0
3584,07/26/2024,Friday,Apple,iPhone 12,9.0,25384.34,228459.06,Radha Kaur,45,Delhi,Credit Card,5.0
677,20-04-2022,Wednesday,Xiaomi,Mi 11,6.0,57747.2,346483.19999999995,Lalita Shah,42,Kolkata,Debit Card,4.0
2310,07/27/2023,Thursday,Vivo,Vivo V20,4.0,45413.87,181655.48,Lalita Rao,23,Mumbai,Cash,2.0
3118,03/15/2024,Friday,Samsung,Galaxy Note 20,7.0,63646.44,445525.08,Nikhil Menon,21,Delhi,UPI,1.0
1211,19-09-2022,Monday,OnePlus,OnePlus 9,3.0,12949.16,38847.479999999996,Nikhil Solanki,35,Coimbatore,Cash,3.0
3227,15-04-2024,Monday,OnePlus,OnePlus 8T,3.0,49976.21,149928.63,Lalita Shah,51,Rajkot,Debit Card,4.0
430,02/05/2022,Saturday,OnePlus,OnePlus 8T,4.0,67642.89,270571.56,Isha Nair,35,Delhi,Debit Card,4.0
1778,02/27/2023,Monday,Samsung,Galaxy A51,3.0,26919.96,80759.88,Anand Nair,58,Delhi,UPI,5.0
722,05/03/2022,Tuesday,Samsung,Galaxy Note 20,1.0,17717.44,17717.44,Bhavana Varma,19,Delhi,UPI,4.0
2255,11-07-2023,Tuesday,OnePlus,OnePlus Nord,5.0,58949.23,294746.15,Navin Verma,45,Delhi,Debit Card,2.0
171,26-11-2021,Friday,OnePlus,OnePlus 9,7.0,25905.35,181337.44999999998,Sanjay Bhattacharya,46,Delhi,Cash,5.0
2911,14-01-2024,Sunday,Apple,iPhone 12,1.0,59438.82,59438.82,Anjali Jain,51,Ludhiana,UPI,5.0
1599,06-01-2023,Friday,Apple,iPhone 11,9.0,30727.67,276549.02999999997,Monika Goyal,59,Delhi,UPI,5.0
2737,25-11-2023,Saturday,Vivo,Vivo V20,5.0,31324.32,156621.6,Umesh Nair,46,Delhi,Credit Card,4.0
1469,01-12-2022,Thursday,Apple,iPhone SE,7.0,35592.74,249149.18,Sneha Sharma,27,Coimbatore,Cash,1.0
3497,01-07-2024,Monday,Apple,iPhone 11,9.0,59598.51,536386.59,Neeta Arora,44,Gorakhpur,UPI,4.0
189,01-12-2021,Wednesday,Apple,iPhone SE,6.0,16444.86,98669.16,Sachin Yadav,25,Chennai,Credit Card,3.0
13,12-10-2021,Tuesday,Apple,iPhone 12,8.0,45448.95,363591.6,Ramesh Joshi,23,Mumbai,Cash,5.0
2412,08/25/2023,Friday,Samsung,Galaxy A51,4.0,37378.47,149513.88,Sunil Siddiqui,30,Bhopal,UPI,2.0
2006,05/02/2023,Tuesday,OnePlus,OnePlus 9,3.0,11304.33,33912.99,Ramesh Srivastava,32,Mumbai,Credit Card,2.0
2046,05/13/2023,Saturday,OnePlus,OnePlus Nord,2.0,49607.13,99214.26,Rohan Kapoor,48,Coimbatore,Debit Card,5.0
539,10-03-2022,Thursday,Samsung,Galaxy Note 20,3.0,59934.35,179803.05,Neeta Mishra,58,Ranchi,Cash,2.0
1652,01/21/2023,Saturday,Apple,iPhone SE,9.0,64264.09,578376.8099999999,Isha Reddy,24,Patna,Debit Card,4.0
1511,13-12-2022,Tuesday,Apple,iPhone 12,3.0,54046.51,162139.53,Devendra Jain,50,Vadodara,Credit Card,1.0
671,18-04-2022,Monday,Vivo,Vivo S1,6.0,25878.97,155273.82,Ravi Kumar,19,Vadodara,Cash,5.0
239,16-12-2021,Thursday,Samsung,Galaxy A51,6.0,12913.76,77482.56,Yogesh Dutta,48,Delhi,Credit Card,3.0
175,27-11-2021,Saturday,OnePlus,OnePlus 8T,1.0,14964.3,14964.3,Anita Prasad,40,Chennai,Cash,5.0
2253,10-07-2023,Monday,Vivo,Vivo V20,3.0,40802.84,122408.51999999999,Mala Chatterjee,20,Lucknow,Debit Card,2.0
3122,03/16/2024,Saturday,Apple,iPhone 11,7.0,38815.24,271706.68,Monika Nambiar,48,Delhi,UPI,3.0
1583,02-01-2023,Monday,Vivo,Vivo S1,4.0,29758.32,119033.28,Lata Shah,44,Hyderabad,Credit Card,5.0
2469,09-09-2023,Saturday,Vivo,Vivo Y51,7.0,22586.52,158105.64,Vinod Kaur,56,Indore,UPI,2.0
1413,16-11-2022,Wednesday,OnePlus,OnePlus Nord,3.0,54838.95,164516.84999999998,Sneha Prasad,52,Delhi,UPI,5.0
352,01/15/2022,Saturday,OnePlus,OnePlus Nord,3.0,51032.6,153097.8,Anand Patel,23,Gorakhpur,Debit Card,5.0
1917,07-04-2023,Friday,Apple,iPhone 11,9.0,25969.5,233725.5,Nikhil Reddy,19,Ludhiana,UPI,5.0
1294,10/13/2022,Thursday,Vivo,Vivo S1,3.0,30465.66,91396.98,Deepika Verma,59,Mumbai,Cash,1.0
3339,18-05-2024,Saturday,Apple,iPhone 11,4.0,30770.5,123082.0,Radha Kumar,19,Bhopal,Credit Card,3.0
2416,08/26/2023,Saturday,Apple,iPhone 11,5.0,68330.0,341650.0,Kavita Mehta,22,Mumbai,Credit Card,5.0
2010,05/03/2023,Wednesday,Xiaomi,Redmi Note 10,7.0,52145.05,365015.35000000003,Prashant Gupta,55,Bangalore,UPI,5.0
3821,05-10-2024,Saturday,Vivo,Vivo S1,5.0,68746.2,343731.0,Vivek Shah,18,Delhi,Cash,5.0
2970,02/01/2024,Thursday,Apple,iPhone 12,9.0,36127.93,325151.37,Pooja Pillai,22,Mumbai,Cash,4.0
565,17-03-2022,Thursday,Samsung,Galaxy Note 20,4.0,61010.32,244041.28,Shruti Dutta,51,Delhi,Cash,4.0
323,08-01-2022,Saturday,Samsung,Galaxy Note 20,5.0,48745.56,243727.8,Ramesh Jain,57,Jodhpur,Debit Card,5.0
1289,12-10-2022,Wednesday,Xiaomi,Redmi Note 10,1.0,14719.72,14719.72,Neeta Mishra,34,Jodhpur,Cash,5.0
1746,02/18/2023,Saturday,OnePlus,OnePlus Nord,8.0,42115.16,336921.28,Jyoti Iyer,43,Rajkot,Cash,5.0
2358,08/10/2023,Thursday,Vivo,Vivo V20,4.0,62746.61,250986.44,Ayesha Dutta,26,Kanpur,Credit Card,2.0
1174,09/09/2022,Friday,Vivo,Vivo S1,2.0,65853.89,131707.78,Rajesh Ahuja,41,Gorakhpur,Debit Card,5.0
416,02/01/2022,Tuesday,Vivo,Vivo Y51,6.0,67338.37,404030.22,Anita Varma,27,Mumbai,UPI,5.0
2571,08-10-2023,Sunday,Xiaomi,Redmi 9,7.0,21241.03,148687.21,Gita Dutta,27,Chennai,Cash,4.0
1273,07-10-2022,Friday,Apple,iPhone 12,2.0,38764.95,77529.9,Sumit Nambiar,47,Delhi,Cash,5.0
3798,09/28/2024,Saturday,Xiaomi,Mi 11,3.0,40432.24,121296.72,Harish Malhotra,20,Delhi,Credit Card,5.0
1993,28-04-2023,Friday,Samsung,Galaxy A51,1.0,57687.87,57687.87,Anand Joshi,30,Chennai,UPI,4.0
46,10/23/2021,Saturday,Vivo,Vivo V20,1.0,23287.05,23287.05,Priyanka Pillai,23,Madurai,Cash,5.0
3358,05/24/2024,Friday,OnePlus,OnePlus 8T,1.0,59512.9,59512.9,Priyanka Mishra,59,Kolkata,UPI,4.0
184,11/29/2021,Monday,Vivo,Vivo Y51,4.0,62329.67,249318.68,Manoj Mehta,45,Delhi,Debit Card,5.0
3698,08/29/2024,Thursday,Xiaomi,Mi 11,1.0,19932.45,19932.45,Namita Desai,42,Mumbai,Debit Card,2.0
3832,10/08/2024,Tuesday,Xiaomi,Redmi 9,8.0,34675.31,277402.48,Vivek Sheth,25,Jodhpur,UPI,2.0
1176,09/09/2022,Friday,Samsung,Galaxy S21,6.0,34374.95,206249.69999999998,Sunil Rawat,25,Mumbai,Cash,1.0
1310,10/17/2022,Monday,Xiaomi,Mi 11,9.0,30120.29,271082.61,Krishna Menon,32,Mumbai,Cash,4.0
140,11/17/2021,Wednesday,Vivo,Vivo Y51,1.0,55374.02,55374.02,Neeta Kulkarni,32,Mumbai,Debit Card,5.0
3742,09/12/2024,Thursday,Apple,iPhone SE,4.0,69978.14,279912.56,Sachin Arora,42,Indore,Credit Card,2.0
2466,09/08/2023,Friday,Vivo,Vivo V20,4.0,59919.4,239677.6,Sunil Rao,53,Delhi,UPI,4.0
310,01/05/2022,Wednesday,OnePlus,OnePlus 9,9.0,21703.28,195329.52,Anita Sharma,48,Bhopal,UPI,3.0
267,23-12-2021,Thursday,Xiaomi,Mi 11,5.0,45261.09,226305.44999999998,Sunil Kapoor,26,Kolkata,Cash,3.0
2081,23-05-2023,Tuesday,OnePlus,OnePlus 8T,3.0,39584.6,118753.79999999999,Anjali Das,42,Kanpur,Debit Card,5.0
3089,07-03-2024,Thursday,Samsung,Galaxy A51,7.0,54820.51,383743.57,Prashant Gupta,22,Delhi,UPI,2.0
3344,05/19/2024,Sunday,Vivo,Vivo V20,5.0,43295.9,216479.5,Navin Pathak,42,Delhi,Credit Card,2.0
2475,11-09-2023,Monday,OnePlus,OnePlus Nord,6.0,68824.86,412949.16000000003,Lata Kaur,25,Delhi,Credit Card,2.0
1865,23-03-2023,Thursday,Apple,iPhone 11,6.0,60927.48,365564.88,Ravi Teja,20,Hyderabad,UPI,5.0
2058,05/16/2023,Tuesday,Apple,iPhone 11,2.0,47501.61,95003.22,Meena Thakur,54,Mumbai,Credit Card,1.0
145,19-11-2021,Friday,Samsung,Galaxy A51,6.0,58464.36,350786.16000000003,Anjali Ahuja,40,Mumbai,Cash,5.0
3323,13-05-2024,Monday,OnePlus,OnePlus 9,9.0,22075.02,198675.18,Prashant Gupta,48,Kolkata,Debit Card,3.0
496,02/25/2022,Friday,Apple,iPhone SE,5.0,65865.42,329327.1,Sunita Mehta,57,Ludhiana,UPI,2.0
872,06/15/2022,Wednesday,OnePlus,OnePlus 8T,9.0,34477.76,310299.84,Anjali Ahuja,52,Coimbatore,Debit Card,3.0
1205,17-09-2022,Saturday,Samsung,Galaxy Note 20,9.0,29455.05,265095.45,Arun Gupta,33,Bhopal,Debit Card,5.0
1186,09/12/2022,Monday,Samsung,Galaxy S21,8.0,53896.26,431170.08,Kiran Ghosh,22,Delhi,,5.0
2168,06/16/2023,Friday,Vivo,Vivo V20,3.0,59706.67,179120.01,Tapan Rathod,47,Kanpur,Credit Card,5.0
1214,09/20/2022,Tuesday,OnePlus,OnePlus Nord,1.0,49623.21,49623.21,Vivek Siddiqui,49,Kanpur,UPI,1.0
3222,04/14/2024,Sunday,Samsung,Galaxy Note 20,8.0,65885.33,527082.64,Isha Singh,55,Delhi,Debit Card,5.0
2910,01/14/2024,Sunday,Xiaomi,Redmi Note 10,8.0,14964.1,119712.8,Devendra Menon,18,Mumbai,Cash,2.0
1908,04/05/2023,Wednesday,Xiaomi,Redmi Note 10,3.0,57816.87,173450.61000000002,Harish Sharma,42,Mumbai,UPI,4.0
889,20-06-2022,Monday,Samsung,Galaxy Note 20,4.0,36806.19,147224.76,Manoj Jain,56,Coimbatore,Credit Card,3.0
2299,24-07-2023,Monday,Vivo,Vivo Y51,6.0,60615.22,363691.32,Krishna Rao,48,Delhi,Credit Card,2.0
252,12/19/2021,Sunday,OnePlus,OnePlus 9,1.0,49542.08,49542.08,Rajesh Shah,27,Gorakhpur,Credit Card,5.0
2111,31-05-2023,Wednesday,Apple,iPhone 11,8.0,31592.96,252743.68,Bhavana Teja,27,Gorakhpur,UPI,5.0
2472,09/10/2023,Sunday,Xiaomi,Mi 11,7.0,46936.72,328557.04000000004,Nikhil Deshmukh,29,Mumbai,Debit Card,5.0
367,19-01-2022,Wednesday,OnePlus,OnePlus 9,3.0,54335.7,163007.09999999998,Anita Menon,25,Ranchi,UPI,5.0
1201,16-09-2022,Friday,OnePlus,OnePlus 8T,6.0,35403.2,212419.19999999998,Reena Arora,39,Kanpur,Debit Card,5.0
2128,06/05/2023,Monday,Vivo,Vivo V20,2.0,49366.67,98733.34,Devendra Pathak,56,Kolkata,Credit Card,4.0
403,29-01-2022,Saturday,Samsung,Galaxy S21,2.0,22967.56,45935.12,Shruti Iyer,30,Delhi,Credit Card,4.0
280,12/27/2021,Monday,Vivo,Vivo Y51,1.0,38801.11,38801.11,Kiran Jain,32,Kanpur,Credit Card,5.0
3473,24-06-2024,Monday,Apple,iPhone SE,3.0,22913.24,68739.72,Krishna Rao,34,Kanpur,UPI,4.0
3369,27-05-2024,Monday,Apple,iPhone 12,5.0,33997.73,169988.65000000002,Tapan Rawat,23,Bhopal,UPI,3.0
359,17-01-2022,Monday,OnePlus,OnePlus 8T,9.0,63692.15,573229.35,Sumit Siddiqui,41,Mumbai,Debit Card,5.0
2721,20-11-2023,Monday,Xiaomi,Redmi Note 10,8.0,65861.16,526889.28,Namita Deshmukh,29,Mumbai,Cash,5.0
300,01/02/2022,Sunday,OnePlus,OnePlus Nord,6.0,24180.2,145081.2,Vivek Siddiqui,39,Mumbai,Credit Card,5.0
2224,07/02/2023,Sunday,Apple,iPhone 12,1.0,53018.52,53018.52,Isha Menon,48,Bhopal,Debit Card,2.0
574,03/20/2022,Sunday,Samsung,Galaxy A51,8.0,57191.55,457532.4,Priya Mehta,41,Patna,Credit Card,5.0
545,12-03-2022,Saturday,Xiaomi,Redmi 9,2.0,52403.11,104806.22,Sunil Rao,33,Kolkata,Credit Card,3.0
535,08-03-2022,Tuesday,Xiaomi,Redmi Note 10,4.0,30975.11,123900.44,Arun Ghosh,29,Lucknow,Debit Card,5.0
977,15-07-2022,Friday,Vivo,Vivo S1,9.0,34278.7,308508.3,Arun Rawat,35,Patna,Credit Card,4.0
3215,12-04-2024,Friday,Vivo,Vivo V20,4.0,30184.63,120738.52,Harish Kaur,31,Kolkata,Cash,2.0
2114,06/01/2023,Thursday,Vivo,Vivo V20,8.0,45756.88,366055.04,Pooja Rao,42,Delhi,Debit Card,5.0
606,03/29/2022,Tuesday,Vivo,Vivo V20,9.0,60272.4,542451.6,Rajesh Roy,51,Mumbai,Cash,4.0
1963,20-04-2023,Thursday,Xiaomi,Redmi 9,9.0,48539.18,436852.62,Arun Iyer,22,Jodhpur,Debit Card,1.0
3541,14-07-2024,Sunday,Apple,iPhone SE,5.0,28602.43,143012.15,Yogesh Dutta,26,Lucknow,UPI,2.0
1780,02/28/2023,Tuesday,Apple,iPhone 11,5.0,41316.1,206580.5,Sunil Sheth,55,Bhopal,Cash,1.0
600,03/27/2022,Sunday,OnePlus,OnePlus Nord,9.0,34366.6,309299.39999999997,Mala Roy,55,Delhi,Debit Card,3.0
439,08-02-2022,Tuesday,Vivo,Vivo Y51,4.0,60065.75,240263.0,Harish Solanki,51,Mumbai,Cash,2.0
1813,09-03-2023,Thursday,Vivo,Vivo S1,8.0,27936.86,223494.88,Vinod Ahuja,26,Delhi,Debit Card,4.0
2896,01/10/2024,Wednesday,Samsung,Galaxy A51,6.0,48216.52,289299.12,Monika Patel,36,Mumbai,UPI,3.0
656,04/13/2022,Wednesday,OnePlus,OnePlus Nord,7.0,54377.3,380641.10000000003,Bhavana Sheth,42,Bangalore,Cash,3.0
1152,09/02/2022,Friday,Xiaomi,Redmi 9,1.0,62097.82,62097.82,Sunita Singh,24,Ranchi,Credit Card,5.0
2987,06-02-2024,Tuesday,Apple,iPhone SE,6.0,47475.84,284855.04,Vijay Das,27,Mumbai,Credit Card,4.0
1043,03-08-2022,Wednesday,Samsung,Galaxy S21,2.0,17793.93,35587.86,Jyoti Rawat,58,Delhi,Debit Card,5.0
843,06-06-2022,Monday,OnePlus,OnePlus Nord,9.0,56589.21,509302.89,Vivek Srivastava,23,Patna,Credit Card,2.0
59,26-10-2021,Tue,Xiaomi,Redmi 9,1.0,41449.28,41449.28,Devendra Jain,48,Kanpur,Credit Card,5.0
77,31-10-2021,Sunday,Samsung,Galaxy A51,1.0,28764.47,28764.47,Deepika Deshmukh,29,Mumbai,Debit Card,3.0
3264,04/26/2024,Friday,OnePlus,OnePlus 9,2.0,62987.16,125974.32,Meena Mathur,27,Mumbai,UPI,3.0
3681,24-08-2024,Saturday,Vivo,Vivo V20,8.0,15634.6,125076.8,Rohan Pathak,58,Delhi,Debit Card,4.0
2019,06-05-2023,Saturday,Xiaomi,Redmi 9,4.0,41045.95,164183.8,Meena Kumar,50,Coimbatore,Credit Card,2.0
2426,08/29/2023,Tuesday,Samsung,Galaxy Note 20,9.0,31299.7,281697.3,Lalita Rao,32,Delhi,Debit Card,4.0
3456,06/20/2024,Thursday,OnePlus,OnePlus 8T,4.0,14940.53,59762.12,Vivek Mehta,32,Delhi,UPI,2.0
1927,10-04-2023,Monday,Xiaomi,Mi 11,6.0,62507.26,375043.56,Sumit Teja,30,Coimbatore,UPI,4.0
979,15-07-2022,Friday,Xiaomi,Redmi 9,9.0,59264.7,533382.2999999999,Anand Mehta,39,Kanpur,Cash,5.0
3415,10-06-2024,Monday,Samsung,Galaxy S21,6.0,30618.84,183713.04,Meena Desai,54,Indore,Credit Card,2.0
1028,07/30/2022,Saturday,Vivo,Vivo V20,4.0,31501.75,126007.0,Krishna Iyer,20,Patna,UPI,5.0
2415,25-08-2023,Friday,Vivo,Vivo S1,3.0,14170.53,42511.590000000004,Sunita Iyer,48,Delhi,UPI,4.0
2230,07/04/2023,Tuesday,Apple,iPhone SE,6.0,69371.2,416227.19999999995,Reena Dutta,25,Delhi,Cash,4.0
3090,03/07/2024,Thursday,Vivo,Vivo V20,8.0,64955.66,519645.28,Pooja Chatterjee,29,Kanpur,Credit Card,3.0
462,02/14/2022,Monday,Samsung,Galaxy Note 20,5.0,65999.77,329998.85000000003,Anita Varma,54,Mumbai,Debit Card,2.0
1085,14-08-2022,Sunday,Apple,iPhone SE,6.0,11083.61,66501.66,Navin Mathur,57,Bangalore,Cash,4.0
2655,01-11-2023,Wednesday,OnePlus,OnePlus 8T,5.0,64866.42,324332.1,,28,Kolkata,Cash,3.0
2300,07/24/2023,Monday,Xiaomi,Redmi 9,5.0,20695.01,103475.04999999999,Anjali Jain,58,Delhi,Credit Card,5.0
2652,10/31/2023,Tuesday,Vivo,Vivo V20,5.0,29542.44,147712.19999999998,Meena Yadav,37,Madurai,Credit Card,5.0
125,13-11-2021,Saturday,Vivo,Vivo S1,6.0,26831.67,160990.02,Sunil Rawat,19,Delhi,Cash,3.0
315,06-01-2022,Thursday,Samsung,Galaxy S21,8.0,30988.2,247905.6,Priyanka Jain,35,Indore,Credit Card,5.0
3528,07/10/2024,Wednesday,Vivo,Vivo V20,8.0,32691.68,261533.44,Sneha Patel,48,Delhi,UPI,3.0
306,01/03/2022,Monday,Apple,iPhone SE,3.0,14842.51,44527.53,Sunil Luthra,18,Mumbai,Debit Card,5.0
2750,11/29/2023,Wednesday,Vivo,Vivo V20,1.0,12092.82,12092.82,Tanuja Roy,55,Mumbai,Debit Card,4.0
3173,31-03-2024,Sunday,Samsung,Galaxy A51,5.0,45875.77,229378.84999999998,Manoj Jain,43,Delhi,Debit Card,4.0
2692,11/11/2023,Saturday,Xiaomi,Redmi Note 10,3.0,57580.62,172741.86000000002,Vinod Nambiar,36,Chennai,Cash,5.0
2668,11/04/2023,Saturday,Samsung,Galaxy A51,9.0,64014.09,576126.8099999999,Shruti Ahuja,20,Delhi,UPI,2.0
1736,02/14/2023,Tuesday,OnePlus,OnePlus 9,8.0,24935.74,199485.92,Priyanka Roy,19,Delhi,Credit Card,1.0
1892,03/31/2023,Friday,Xiaomi,Mi 11,1.0,16629.02,16629.02,Rajesh Chatterjee,57,Mumbai,UPI,5.0
45,22-10-2021,Friday,Apple,iPhone SE,5.0,68377.7,341888.5,Deepika Shah,32,Chennai,UPI,5.0
1728,02/12/2023,Sunday,Apple,iPhone 12,5.0,22801.78,114008.9,Priya Roy,41,Mumbai,Cash,3.0
1491,07-12-2022,Wednesday,Apple,iPhone 11,5.0,31388.6,156943.0,Lata Alva,35,Ludhiana,Debit Card,5.0
3658,08/17/2024,Saturday,OnePlus,OnePlus 9,8.0,33262.4,266099.2,Lalita Shah,31,Madurai,UPI,2.0
2796,12/11/2023,Monday,Xiaomi,Redmi 9,3.0,69667.01,209001.02999999997,Bhavana Malhotra,32,Hyderabad,UPI,5.0
1404,11/13/2022,Sunday,Xiaomi,Redmi Note 10,6.0,12775.49,76652.94,Anjali Desai,57,Ranchi,Debit Card,1.0
3034,02/20/2024,Tuesday,OnePlus,OnePlus 9,6.0,17287.89,103727.34,Ravi Ghosh,46,Patna,Debit Card,3.0
2391,19-08-2023,Saturday,Samsung,Galaxy S21,,60047.53,420332.70999999996,Kavita Kumar,32,Rajkot,UPI,2.0
810,05/28/2022,Saturday,Samsung,Galaxy A51,9.0,60312.95,542816.5499999999,Pankaj Alva,58,Indore,Credit Card,5.0
388,01/25/2022,Tuesday,Xiaomi,Redmi 9,1.0,61837.29,61837.29,Kunal Chaudhary,58,Lucknow,UPI,4.0
31,18-10-2021,Monday,Samsung,Galaxy Note 20,4.0,34238.58,136954.32,Bhavana Siddiqui,41,Ludhiana,Debit Card,2.0
2487,14-09-2023,Thursday,Vivo,Vivo V20,7.0,23124.42,161870.94,Jyoti Jain,47,Bangalore,Debit Card,2.0
204,12/05/2021,Sunday,Apple,iPhone SE,8.0,55878.61,447028.88,Lalita Dutta,49,Bhopal,Credit Card,4.0
1704,02/05/2023,Sunday,Xiaomi,Mi 11,5.0,58384.17,291920.85,Prashant Roy,25,Ranchi,UPI,4.0
1012,07/25/2022,Monday,Xiaomi,Redmi 9,1.0,13165.4,13165.4,Harish Prasad,43,Kanpur,Debit Card,5.0
2565,06-10-2023,Friday,Xiaomi,Redmi 9,6.0,53611.81,321670.86,Ravi Prasad,48,Delhi,Credit Card,5.0
3709,01-09-2024,Sunday,Apple,iPhone SE,,56993.29,56993.29,Rohan Rao,24,Delhi,Credit Card,4.0
1033,31-07-2022,Sunday,Xiaomi,Redmi 9,9.0,17357.68,156219.12,Anand Bhattacharya,51,Kanpur,Credit Card,5.0
64,10/27/2021,Wed,Apple,iPhone SE,4.0,55360.25,221441.0,Sumit Ghosh,35,Ludhiana,UPI,4.0
1179,10-09-2022,Saturday,OnePlus,OnePlus 9,2.0,66810.55,133621.1,Lata Verma,18,Delhi,Cash,1.0
369,20-01-2022,Thursday,Apple,iPhone 12,4.0,17714.77,70859.08,Shruti Thakur,29,Rajkot,UPI,4.0
1403,13-11-2022,Sunday,OnePlus,OnePlus 9,4.0,52765.23,211060.92,Ravi Arora,39,Indore,Cash,5.0
1886,03/29/2023,Wednesday,OnePlus,OnePlus 9,8.0,11171.35,89370.8,Kunal Yadav,19,Mumbai,Debit Card,5.0
1785,01-03-2023,Wednesday,Xiaomi,Mi 11,2.0,12191.22,24382.44,Meena Thakur,58,Mumbai,Cash,3.0
2542,09/29/2023,Friday,OnePlus,OnePlus 9,1.0,28682.53,28682.53,Isha Thakur,57,Bangalore,Debit Card,3.0
1832,03/14/2023,Tuesday,Xiaomi,Redmi Note 10,1.0,37253.67,37253.67,Prashant Nair,56,Ranchi,Credit Card,1.0
2537,28-09-2023,Thursday,Xiaomi,Mi 11,1.0,52594.3,52594.3,Kavita Kaur,27,Delhi,Credit Card,5.0
444,02/09/2022,Wednesday,Samsung,Galaxy A51,4.0,28508.15,114032.6,Bhavana Mehta,21,Mumbai,Cash,5.0
528,03/06/2022,Sunday,Vivo,Vivo S1,9.0,50538.64,454847.76,Rohan Menon,30,Mumbai,Cash,5.0
157,22-11-2021,Monday,OnePlus,OnePlus Nord,8.0,38679.97,309439.76,Pooja Dutta,42,Delhi,Cash,5.0
1567,28-12-2022,Wednesday,Xiaomi,Redmi Note 10,6.0,10520.15,63120.899999999994,Priya Kaur,18,Delhi,Credit Card,1.0
970,07/13/2022,Wednesday,Vivo,Vivo V20,6.0,27543.46,165260.76,Navin Pathak,42,Delhi,Credit Card,3.0
2764,12/02/2023,Saturday,Apple,iPhone SE,6.0,45074.59,270447.54,Anjali Kulkarni,37,Delhi,Credit Card,5.0
193,02-12-2021,Thursday,Apple,iPhone SE,8.0,68403.66,547229.28,Sunil Varma,42,Chennai,UPI,5.0
1809,08-03-2023,Wednesday,OnePlus,OnePlus Nord,7.0,27546.51,192825.56999999998,Pooja Goyal,29,Bhopal,Credit Card,5.0
2836,12/24/2023,Sunday,OnePlus,OnePlus 8T,2.0,68699.53,137399.06,Ramesh Dutta,34,Gorakhpur,Credit Card,3.0
765,16-05-2022,Monday,OnePlus,OnePlus Nord,1.0,46214.87,46214.87,Priya Kaur,34,Mumbai,Credit Card,3.0
3515,06-07-2024,Saturday,OnePlus,OnePlus 9,8.0,20251.61,162012.88,Rajesh Nambiar,18,Hyderabad,Cash,2.0
2657,02-11-2023,Thursday,OnePlus,OnePlus 8T,1.0,67741.01,67741.01,Sneha Malhotra,20,Delhi,Credit Card,2.0
2020,05/06/2023,Saturday,Apple,iPhone 12,8.0,35941.36,287530.88,Amit Srivastava,53,Rajkot,Credit Card,2.0
3529,10-07-2024,Wednesday,Apple,iPhone SE,2.0,52601.76,105203.52,Reena Arora,27,Bhopal,Credit Card,5.0
440,02/08/2022,Tuesday,OnePlus,OnePlus Nord,3.0,59980.37,179941.11000000002,Sunita Roy,19,Delhi,Cash,5.0
290,12/30/2021,Thursday,Vivo,Vivo S1,4.0,17195.31,68781.24,Shruti Sharma,39,Delhi,UPI,5.0
167,25-11-2021,Thursday,Apple,iPhone 12,2.0,63196.93,126393.86,Pooja Thakur,36,Delhi,Credit Card,5.0
1645,19-01-2023,Thursday,Vivo,Vivo S1,9.0,42754.15,384787.35000000003,Radha Nair,37,Bhopal,Cash,5.0
3083,05-03-2024,Tuesday,OnePlus,OnePlus 9,6.0,43363.15,260178.90000000002,Prashant Arora,34,Gorakhpur,Debit Card,3.0
3644,08/12/2024,Monday,Apple,iPhone 11,2.0,53662.57,107325.14,Umesh Srivastava,40,Delhi,Debit Card,3.0
3409,08-06-2024,Saturday,Vivo,Vivo Y51,8.0,33319.36,266554.88,Gita Iyer,28,Ludhiana,Debit Card,5.0
803,27-05-2022,Friday,Xiaomi,Redmi 9,2.0,17531.45,35062.9,Meena Yadav,50,Bangalore,Credit Card,2.0
2953,27-01-2024,Saturday,Apple,iPhone SE,3.0,44769.65,134308.95,Neeta Arora,37,Delhi,Debit Card,2.0
2859,31-12-2023,Sunday,OnePlus,OnePlus Nord,7.0,26737.97,187165.79,Kavita Desai,54,Madurai,Cash,5.0
2848,12/27/2023,Wednesday,Vivo,Vivo S1,8.0,39778.22,318225.76,Navin Solanki,40,Lucknow,Debit Card,3.0
2610,10/19/2023,Thursday,OnePlus,OnePlus 8T,3.0,46180.23,138540.69,Sunita Nair,18,Delhi,Debit Card,3.0
2233,05-07-2023,Wednesday,Apple,iPhone 11,1.0,56335.55,56335.55,Rohan Pathak,28,Mumbai,UPI,4.0
3026,02/18/2024,Sunday,Xiaomi,Redmi Note 10,2.0,40721.9,81443.8,Gita Sheth,32,Jodhpur,Credit Card,5.0
3188,04/04/2024,Thursday,OnePlus,OnePlus Nord,6.0,52012.88,312077.27999999997,Bhavana Malhotra,41,Coimbatore,Credit Card,1.0
1898,04/02/2023,Sunday,Xiaomi,Mi 11,4.0,10355.69,41422.76,Shruti Chaudhary,23,Delhi,Debit Card,5.0
1911,05-04-2023,Wednesday,Samsung,Galaxy S21,3.0,31987.42,95962.26,Neeta Desai,46,Mumbai,UPI,1.0
2371,13-08-2023,Sunday,Apple,iPhone SE,6.0,41591.17,249547.02,Jyoti Rawat,44,Lucknow,Credit Card,4.0
3128,03/18/2024,Monday,Samsung,Galaxy S21,1.0,25459.42,25459.42,Monika Ahuja,22,Madurai,Cash,2.0
195,03-12-2021,Friday,OnePlus,OnePlus 9,5.0,42445.45,212227.25,Vinod Kumar,32,Mumbai,Cash,5.0
451,11-02-2022,Friday,OnePlus,OnePlus 8T,3.0,10480.49,31441.47,Arun Kapoor,18,Ranchi,Credit Card,5.0
1514,12/14/2022,Wednesday,Apple,iPhone 11,2.0,17654.59,35309.18,Shruti Verma,50,Indore,Credit Card,3.0
2623,23-10-2023,Monday,Apple,iPhone SE,6.0,40677.88,244067.27999999997,Anjali Das,31,Vadodara,Cash,5.0
3579,25-07-2024,Thursday,Xiaomi,Redmi 9,5.0,67771.74,338858.7,Vivek Pathak,20,Delhi,Credit Card,5.0
1175,09-09-2022,Friday,Samsung,Galaxy S21,2.0,16655.21,33310.42,Anjali Thakur,46,Bhopal,Credit Card,4.0
30,10/18/2021,Mon,Vivo,Vivo Y51,4.0,43354.72,173418.88,Vinod Pathak,40,Delhi,Cash,5.0
3722,09/05/2024,Thursday,Xiaomi,Redmi Note 10,8.0,25689.57,205516.56,Vivek Mishra,45,Mumbai,Debit Card,3.0
3029,19-02-2024,Monday,Vivo,Vivo Y51,7.0,21263.68,148845.76,Harish Prasad,43,Delhi,UPI,4.0
753,12-05-2022,Thursday,Samsung,Galaxy A51,5.0,47948.33,239741.65000000002,Mala Verma,34,Vadodara,Cash,4.0
1546,12/22/2022,Thursday,Xiaomi,Redmi Note 10,7.0,26842.58,187898.06,Deepika Patel,58,Chennai,Debit Card,5.0
2523,24-09-2023,Sunday,Samsung,Galaxy A51,2.0,52236.52,104473.04,Nikhil Yadav,46,Bhopal,UPI,2.0
3474,06/25/2024,Tuesday,Vivo,Vivo S1,4.0,13955.73,55822.92,Sunita Luthra,20,Kanpur,Cash,3.0
806,05/27/2022,Friday,Samsung,Galaxy A51,2.0,,83387.2,Sachin Varma,54,Bhopal,UPI,3.0
2462,09/07/2023,Thursday,Samsung,Galaxy S21,9.0,48259.84,434338.55999999994,Kiran Pathak,31,Madurai,Credit Card,4.0
3461,21-06-2024,Friday,Apple,iPhone 12,8.0,42016.31,336130.48,Sunita Verma,55,Ranchi,UPI,2.0
3084,03/05/2024,Tuesday,Vivo,Vivo Y51,8.0,27091.37,216730.96,Mala Das,31,Bhopal,Debit Card,4.0
2272,07/15/2023,Saturday,Vivo,Vivo S1,6.0,11583.02,69498.12,Arun Iyer,58,Delhi,Credit Card,4.0
3577,24-07-2024,Wednesday,OnePlus,OnePlus Nord,1.0,65403.08,65403.08,Mala Ghosh,58,Ranchi,UPI,2.0
2334,08/03/2023,Thursday,Xiaomi,Redmi 9,3.0,42800.77,128402.31,Sachin Joshi,31,Delhi,Credit Card,2.0
2012,05/04/2023,Thursday,OnePlus,OnePlus 8T,9.0,69078.66,621707.9400000001,Kiran Prasad,55,Patna,UPI,4.0
745,10-05-2022,Tuesday,Vivo,Vivo Y51,3.0,27912.88,83738.64,Pankaj Srivastava,46,Mumbai,Debit Card,5.0
409,30-01-2022,Sunday,Apple,iPhone 11,1.0,61648.65,61648.65,Aditya Roy,18,Rajkot,Credit Card,5.0
2180,06/19/2023,Monday,Xiaomi,Mi 11,6.0,65608.4,393650.39999999997,Vinod Prasad,41,Coimbatore,UPI,4.0
811,29-05-2022,Sunday,Xiaomi,Mi 11,5.0,38265.02,191325.09999999998,Amit Joshi,30,Delhi,Cash,4.0
3477,25-06-2024,Tuesday,Samsung,Galaxy Note 20,8.0,55993.44,447947.52,Anjali Kulkarni,30,Mumbai,Debit Card,4.0
706,04/28/2022,Thursday,Samsung,Galaxy A51,3.0,30494.18,91482.54000000001,Namita Patel,55,Mumbai,Credit Card,5.0
1345,27-10-2022,Thursday,Xiaomi,Redmi 9,6.0,46462.59,278775.54,Lata Mehta,46,Bhopal,Cash,3.0
3249,22-04-2024,Monday,Samsung,Galaxy Note 20,7.0,12914.0,90398.0,Priya Ahuja,55,Delhi,Debit Card,1.0
2145,10-06-2023,Saturday,Samsung,Galaxy A51,4.0,56238.55,224954.2,Monika Mehta,57,Mumbai,Credit Card,4.0
1158,09/04/2022,Sunday,Samsung,Galaxy S21,1.0,41412.5,41412.5,Prashant Nair,39,Delhi,Cash,4.0
694,04/24/2022,Sunday,Apple,iPhone SE,9.0,20644.57,185801.13,Sneha Arora,34,Delhi,UPI,5.0
1423,18-11-2022,Friday,Apple,iPhone 11,7.0,63788.37,446518.59,Kavita Teja,27,Jodhpur,UPI,1.0
1449,25-11-2022,Friday,Apple,iPhone 11,5.0,41354.37,206771.85,Sunita Das,19,Delhi,UPI,3.0
1164,09/06/2022,Tuesday,Xiaomi,Redmi 9,3.0,51711.79,155135.37,Namita Patel,19,Mumbai,Cash,4.0
1540,12/20/2022,Tuesday,Xiaomi,Redmi 9,2.0,28874.89,57749.78,Meena Srivastava,45,Kolkata,Debit Card,3.0
1539,20-12-2022,Tuesday,OnePlus,OnePlus 8T,6.0,39269.37,235616.22000000003,Sunita Mathur,35,Indore,Debit Card,4.0
81,01-11-2021,Monday,Samsung,Galaxy Note 20,8.0,68166.49,545331.92,Prashant Dutta,45,Gorakhpur,Debit Card,5.0
258,12/21/2021,Tuesday,Apple,iPhone 11,6.0,61396.74,368380.44,Yogesh Shah,18,Mumbai,UPI,5.0
296,12/31/2021,Friday,Apple,iPhone SE,2.0,22470.62,44941.24,Gita Sheth,56,Hyderabad,Debit Card,3.0
2381,16-08-2023,Wednesday,Apple,iPhone 11,5.0,45797.83,228989.15000000002,Amit Srivastava,29,Mumbai,Debit Card,2.0
1105,20-08-2022,Saturday,OnePlus,OnePlus 8T,9.0,38517.82,346660.38,Ayesha Patel,48,Chennai,Cash,5.0
1968,04/21/2023,Friday,Apple,iPhone 11,2.0,67105.93,134211.86,Kiran Malhotra,33,Mumbai,UPI,4.0
2150,06/11/2023,Sunday,OnePlus,OnePlus 9,1.0,66079.12,66079.12,Vivek Jain,38,Delhi,Credit Card,5.0
3712,09/02/2024,Monday,Apple,iPhone 11,3.0,33636.66,100909.98000000001,Pooja Sharma,45,Bhopal,Credit Card,4.0
3351,22-05-2024,Wednesday,OnePlus,OnePlus Nord,3.0,57727.72,173183.16,Prashant Das,40,Ranchi,Cash,4.0
2751,29-11-2023,Wednesday,Apple,iPhone 11,4.0,34616.15,138464.6,Prashant Mishra,47,Coimbatore,Credit Card,5.0
2709,16-11-2023,Thursday,Apple,iPhone SE,6.0,40603.61,243621.66,Pooja Rao,42,Bangalore,Debit Card,5.0
1905,04-04-2023,Tuesday,OnePlus,OnePlus 8T,2.0,16438.07,32876.14,Sunita Mathur,36,Madurai,UPI,5.0
3476,06/25/2024,Tuesday,Apple,iPhone SE,1.0,13727.55,13727.55,Lata Joshi,40,Coimbatore,Cash,4.0
2860,12/31/2023,Sunday,Samsung,Galaxy Note 20,8.0,20823.25,166586.0,Arun Jain,41,Vadodara,UPI,2.0
2863,01-01-2024,Monday,Vivo,Vivo V20,5.0,22021.05,110105.25,Prashant Gupta,50,Madurai,Debit Card,5.0
3592,07/28/2024,Sunday,OnePlus,OnePlus 8T,1.0,39854.51,39854.51,Prashant Arora,54,Delhi,Debit Card,2.0
2443,02-09-2023,Saturday,Apple,iPhone 11,4.0,53505.59,214022.36,Anjali Rao,59,Chennai,UPI,3.0
3348,05/21/2024,Tuesday,Samsung,Galaxy A51,8.0,47979.97,383839.76,Priyanka Patel,43,Rajkot,Cash,3.0
3789,26-09-2024,Thursday,Samsung,Galaxy A51,1.0,19354.07,19354.07,Sanjay Srivastava,33,Mumbai,Cash,5.0
3200,04/08/2024,Monday,OnePlus,OnePlus 8T,6.0,46433.77,278602.62,Rajesh Siddiqui,57,Ludhiana,Debit Card,1.0
412,01/31/2022,Monday,Samsung,Galaxy A51,5.0,64709.3,323546.5,Kavita Bhattacharya,53,Kanpur,UPI,5.0
1897,01-04-2023,Saturday,Apple,iPhone 12,4.0,53289.35,213157.4,Shruti Sheth,29,Lucknow,Cash,5.0
2647,30-10-2023,Monday,Xiaomi,Redmi Note 10,7.0,35499.71,248497.97,Ramesh Joshi,51,Delhi,Debit Card,5.0
3829,07-10-2024,Monday,Apple,iPhone 12,2.0,55810.13,111620.26,Rajesh Singh,45,Rajkot,Cash,5.0
3826,10/06/2024,Sunday,Samsung,Galaxy S21,6.0,36957.75,221746.5,Radha Kumar,22,Delhi,Credit Card,5.0
819,31-05-2022,Tuesday,Vivo,Vivo S1,5.0,61985.64,309928.2,Aditya Nair,19,Indore,Cash,5.0
3298,05/06/2024,Monday,Samsung,Galaxy A51,5.0,13577.53,67887.65000000001,Amit Pillai,53,Mumbai,Cash,3.0
153,21-11-2021,Sunday,Apple,iPhone 11,8.0,68886.86,551094.88,Radha Jain,59,Hyderabad,Debit Card,5.0
3016,02/15/2024,Thursday,Samsung,Galaxy A51,2.0,47389.71,94779.42,Rajesh Arora,38,Lucknow,Cash,2.0
1770,02/25/2023,Saturday,Apple,iPhone SE,2.0,39016.54,78033.08,Krishna Chatterjee,52,Delhi,UPI,5.0
1573,30-12-2022,Friday,Vivo,Vivo V20,6.0,39825.36,238952.16,Namita Teja,53,Delhi,UPI,5.0
103,07-11-2021,Sunday,Vivo,Vivo Y51,3.0,64695.47,194086.41,Krishna Malhotra,44,Vadodara,UPI,3.0
2131,06-06-2023,Tuesday,Apple,iPhone 12,4.0,24404.18,97616.72,Monika Thakur,31,Ludhiana,Debit Card,4.0
240,12/16/2021,Thursday,Samsung,Galaxy S21,8.0,36877.22,295017.76,Isha Thakur,51,Delhi,UPI,5.0
3131,19-03-2024,Tuesday,Vivo,Vivo Y51,1.0,17867.27,17867.27,Radha Sheth,49,Delhi,UPI,5.0
2104,05/29/2023,Monday,OnePlus,OnePlus 8T,5.0,51376.48,256882.40000000002,Shruti Mehta,40,Bangalore,Cash,4.0
799,25-05-2022,Wednesday,Apple,iPhone SE,4.0,21053.19,84212.76,Arun Yadav,38,Indore,Cash,4.0
1443,24-11-2022,Thursday,Vivo,Vivo Y51,4.0,11352.95,45411.8,Namita Ghosh,41,Delhi,Debit Card,4.0
2790,12/10/2023,Sunday,Samsung,Galaxy Note 20,4.0,40102.77,160411.08,Anand Pillai,53,Mumbai,Credit Card,4.0
1072,08/11/2022,Thursday,OnePlus,OnePlus Nord,9.0,24853.87,223684.83,Tapan Varma,48,Delhi,Credit Card,5.0
2423,28-08-2023,Monday,Vivo,Vivo V20,4.0,63253.75,253015.0,Vinod Kaur,31,Patna,UPI,5.0
1484,12/05/2022,Monday,OnePlus,OnePlus 8T,3.0,37125.31,111375.93,Ravi Varma,58,Mumbai,UPI,1.0
2187,21-06-2023,Wednesday,Apple,iPhone SE,6.0,45790.96,274745.76,Anita Joshi,54,Kolkata,Debit Card,1.0
3161,28-03-2024,Thursday,Xiaomi,Redmi 9,9.0,35371.36,318342.24,Nikhil Bhatnagar,53,Gorakhpur,UPI,3.0
2242,07/07/2023,Friday,Apple,iPhone 11,6.0,23177.14,139062.84,Sunil Reddy,28,Chennai,UPI,2.0
333,10-01-2022,Monday,Xiaomi,Redmi Note 10,6.0,26178.06,157068.36000000002,Bina Rawat,57,Mumbai,Cash,5.0
2995,08-02-2024,Thursday,Samsung,Galaxy Note 20,7.0,45495.96,318471.72,Sunil Dutta,58,Bangalore,Credit Card,3.0
2214,06/29/2023,Thursday,Samsung,Galaxy Note 20,2.0,60462.7,120925.4,Anjali Rao,36,Patna,UPI,4.0
3824,10/05/2024,Saturday,Apple,iPhone SE,4.0,61439.67,245758.68,Namita Patel,39,Kanpur,Cash,4.0
2777,06-12-2023,Wednesday,Samsung,Galaxy S21,1.0,35751.43,35751.43,Yogesh Menon,47,Delhi,Cash,5.0
1069,10-08-2022,Wednesday,Samsung,Galaxy A51,3.0,34553.53,103660.59,Reena Bhattacharya,36,Delhi,Credit Card,5.0
2818,12/19/2023,Tuesday,Apple,iPhone SE,2.0,58912.38,117824.76,Rajesh Mathur,31,Delhi,Cash,2.0
1877,27-03-2023,Monday,Apple,iPhone SE,5.0,41889.16,209445.80000000002,Tapan Chatterjee,58,Kolkata,UPI,3.0
1954,04/18/2023,Tuesday,Xiaomi,Redmi Note 10,7.0,56418.84,394931.88,Sunil Kapoor,40,Coimbatore,Debit Card,1.0
2094,05/26/2023,Friday,Apple,iPhone 11,2.0,35686.81,71373.62,Isha Thakur,28,Mumbai,UPI,4.0
2820,12/19/2023,Tuesday,OnePlus,OnePlus 9,9.0,47378.37,426405.33,Umesh Kaur,32,Mumbai,UPI,4.0
870,06/14/2022,Tuesday,OnePlus,OnePlus 8T,2.0,33946.56,67893.12,Sachin Rawat,52,Vadodara,UPI,2.0
2195,24-06-2023,Saturday,Apple,iPhone 11,6.0,27483.06,164898.36000000002,Devendra Thakur,52,Mumbai,Cash,4.0
2087,25-05-2023,Thursday,Vivo,Vivo S1,1.0,47433.34,47433.34,Devendra Arora,21,Chennai,Debit Card,5.0
2588,10/13/2023,Friday,Samsung,Galaxy Note 20,3.0,52382.13,157146.38999999998,Manoj Chatterjee,19,Mumbai,Debit Card,5.0
3225,14-04-2024,Sunday,Samsung,Galaxy Note 20,2.0,57580.49,115160.98,Sunil Das,50,Coimbatore,UPI,3.0
555,15-03-2022,Tuesday,OnePlus,OnePlus 8T,6.0,50559.55,303357.30000000005,Priyanka Chatterjee,36,Mumbai,Credit Card,5.0
1378,11/06/2022,Sunday,Samsung,Galaxy A51,1.0,61046.71,61046.71,Kavita Dutta,24,Mumbai,Credit Card,4.0
1906,04/04/2023,Tuesday,OnePlus,OnePlus 8T,6.0,22362.91,134177.46,Bhavana Jain,24,Delhi,Cash,1.0
2203,26-06-2023,Monday,Xiaomi,Redmi 9,1.0,15912.24,15912.24,Anand Siddiqui,38,Mumbai,Debit Card,4.0
3433,14-06-2024,Friday,Apple,iPhone 11,4.0,37658.32,150633.28,Shruti Pathak,19,Mumbai,UPI,5.0
2219,01-07-2023,Saturday,Apple,iPhone 11,6.0,21332.16,127992.95999999999,Ravi Gupta,35,Ludhiana,Debit Card,2.0
1615,11-01-2023,Wednesday,Xiaomi,Redmi 9,4.0,42797.54,171190.16,Lalita Verma,45,Delhi,Cash,4.0
2298,07/23/2023,Sunday,Apple,iPhone 12,6.0,68642.14,411852.83999999997,Shruti Sharma,59,Delhi,UPI,5.0
2577,10-10-2023,Tuesday,Vivo,Vivo V20,5.0,31497.37,157486.85,Sanjay Sheth,34,Delhi,Debit Card,5.0
2713,18-11-2023,Saturday,Xiaomi,Mi 11,2.0,35511.36,71022.72,Ayesha Arora,26,Delhi,UPI,2.0
1564,12/27/2022,Tuesday,Apple,iPhone SE,8.0,54208.31,433666.48,Anand Kaur,24,Delhi,Cash,1.0
2173,17-06-2023,Saturday,Samsung,Galaxy S21,7.0,62610.55,438273.85000000003,Devendra Luthra,22,Mumbai,Cash,4.0
3402,06/06/2024,Thursday,Vivo,Vivo Y51,7.0,27797.25,194580.75,Kavita Bhattacharya,28,Delhi,Credit Card,4.0
3725,06-09-2024,Friday,OnePlus,OnePlus 9,4.0,53476.55,213906.2,Mala Teja,54,Delhi,UPI,3.0
2659,02-11-2023,Thursday,Apple,iPhone SE,8.0,34760.2,278081.6,Prashant Gupta,20,Delhi,Credit Card,5.0
1847,18-03-2023,Saturday,Xiaomi,Redmi Note 10,3.0,43610.31,130830.93,Rajesh Menon,41,Vadodara,UPI,5.0
595,26-03-2022,Saturday,Xiaomi,Mi 11,7.0,53771.02,376397.13999999996,Amit Rathod,35,Bangalore,Credit Card,3.0
1074,08/12/2022,Friday,Vivo,Vivo Y51,4.0,55779.58,223118.32,Lalita Alva,20,Vadodara,Credit Card,3.0
3731,08-09-2024,Sunday,Samsung,Galaxy S21,6.0,12703.57,76221.42,Sunita Iyer,53,Mumbai,Cash,5.0
1422,11/18/2022,Friday,Samsung,Galaxy Note 20,9.0,26707.92,240371.27999999997,Tapan Kumar,26,Mumbai,Credit Card,5.0
1407,14-11-2022,Monday,Vivo,Vivo Y51,2.0,35196.32,70392.64,Namita Malhotra,18,Kolkata,Credit Card,5.0
1570,12/29/2022,Thursday,Samsung,Galaxy S21,3.0,32008.35,96025.04999999999,Sanjay Roy,45,Mumbai,Credit Card,5.0
1432,11/21/2022,Monday,Xiaomi,Mi 11,8.0,54573.93,436591.44,Priya Mehta,53,Mumbai,UPI,5.0
347,14-01-2022,Friday,Vivo,Vivo S1,3.0,25781.55,77344.65,Manoj Ahuja,43,Jodhpur,UPI,4.0
795,24-05-2022,Tuesday,Xiaomi,Mi 11,2.0,52916.02,105832.04,Sumit Roy,34,Ludhiana,Credit Card,3.0
2035,10-05-2023,Wednesday,Apple,iPhone 11,3.0,54509.96,163529.88,Rohan Gupta,52,Patna,Credit Card,4.0
2814,12/17/2023,Sunday,Apple,iPhone 11,6.0,34524.46,207146.76,Vijay Mishra,48,Hyderabad,Credit Card,2.0
1437,22-11-2022,Tuesday,Samsung,Galaxy Note 20,5.0,67199.2,335996.0,Rajesh Kulkarni,40,Delhi,UPI,5.0
3155,26-03-2024,Tuesday,Xiaomi,Mi 11,4.0,25026.6,100106.4,Devendra Arora,40,Ranchi,UPI,5.0
2331,02-08-2023,Wednesday,Apple,iPhone 12,9.0,54101.39,486912.51,Prashant Das,53,Ranchi,Credit Card,2.0
2124,06/04/2023,Sunday,Apple,iPhone 12,2.0,48059.76,96119.52,Tapan Rathod,41,Ludhiana,UPI,5.0
1455,27-11-2022,Sunday,OnePlus,OnePlus 9,2.0,35170.82,70341.64,Kavita Iyer,18,Madurai,Debit Card,5.0
1316,10/19/2022,Wednesday,Apple,iPhone 12,9.0,10745.54,96709.86000000002,Ayesha Luthra,52,Kanpur,UPI,3.0
2054,05/15/2023,Monday,Samsung,Galaxy A51,3.0,57680.83,173042.49,Shruti Roy,49,Mumbai,UPI,5.0
179,28-11-2021,Sunday,Xiaomi,Mi 11,3.0,36316.69,108950.07,Anjali Thakur,44,Mumbai,Debit Card,5.0
3426,06/12/2024,Wednesday,Samsung,Galaxy Note 20,2.0,29635.02,59270.04,Jyoti Ghosh,49,Ludhiana,Cash,4.0
1129,27-08-2022,Saturday,Xiaomi,Redmi 9,3.0,62195.77,186587.31,Radha Jain,54,Mumbai,UPI,5.0
719,02-05-2022,Monday,Xiaomi,Redmi Note 10,6.0,12786.02,76716.12,Manoj Luthra,35,Kolkata,Credit Card,5.0
3609,02-08-2024,Friday,Apple,iPhone 12,9.0,65926.14,593335.26,Lata Chaudhary,26,Kanpur,Cash,3.0
2936,01/22/2024,Monday,Xiaomi,Mi 11,7.0,10011.11,70077.77,Arun Jain,50,Lucknow,UPI,5.0
1682,01/30/2023,Monday,Xiaomi,Redmi 9,4.0,48262.17,193048.68,Vijay Prasad,18,Delhi,UPI,3.0
865,12-06-2022,Sunday,Vivo,Vivo Y51,9.0,14512.12,130609.08,Sumit Alva,57,Ludhiana,Debit Card,2.0
3700,08/30/2024,Friday,Xiaomi,Redmi Note 10,8.0,41466.96,331735.68,Nikhil Menon,38,Indore,UPI,4.0
1966,04/21/2023,Friday,OnePlus,OnePlus Nord,8.0,47496.54,379972.32,Pankaj Luthra,39,Jodhpur,Debit Card,5.0
174,11/27/2021,Saturday,Samsung,Galaxy A51,7.0,62499.26,437494.82,Bina Goyal,19,Indore,Cash,5.0
1840,03/16/2023,Thursday,OnePlus,OnePlus 8T,4.0,37122.63,148490.52,Lalita Sheth,52,Delhi,UPI,1.0
2941,23-01-2024,Tuesday,Apple,iPhone 11,8.0,28223.99,225791.92,Sumit Sharma,52,Lucknow,Cash,2.0
332,01/10/2022,Monday,Apple,iPhone SE,7.0,24051.94,168363.58,Harish Goyal,43,Mumbai,UPI,3.0
812,05/29/2022,Sunday,Vivo,Vivo Y51,7.0,34668.94,242682.58000000002,Prashant Chatterjee,29,Mumbai,UPI,5.0
431,06-02-2022,Sunday,Xiaomi,Mi 11,9.0,29229.21,263062.89,Pankaj Jain,41,Kanpur,UPI,3.0
1872,03/25/2023,Saturday,Samsung,Galaxy A51,5.0,29503.46,147517.3,Vinod Kumar,31,Mumbai,Cash,5.0
3056,02/26/2024,Monday,Apple,iPhone SE,9.0,56015.74,504141.66,Manoj Kaur,55,Kolkata,Debit Card,3.0
3365,26-05-2024,Sunday,Xiaomi,Redmi 9,3.0,38232.28,114696.84,Jyoti Menon,59,Delhi,Cash,1.0
2648,10/30/2023,Monday,Samsung,Galaxy A51,2.0,18446.7,36893.4,Vinod Srivastava,19,Delhi,Credit Card,4.0
480,02/20/2022,Sunday,Apple,iPhone SE,2.0,63024.0,126048.0,Namita Patel,30,Bhopal,Cash,4.0
3428,06/13/2024,Thursday,Apple,iPhone 11,4.0,26170.64,104682.56,Neeta Arora,20,Gorakhpur,Debit Card,2.0
643,09-04-2022,Saturday,Samsung,Galaxy A51,4.0,20476.66,81906.64,Harish Kaur,18,Delhi,Credit Card,4.0
1843,17-03-2023,Friday,Vivo,Vivo V20,5.0,52981.27,264906.35,Harish Prasad,50,Delhi,Cash,5.0
2015,05-05-2023,Friday,Xiaomi,Redmi Note 10,7.0,35489.84,248428.87999999998,Sneha Deshmukh,32,Bangalore,Credit Card,4.0
950,07/07/2022,Thursday,Xiaomi,Redmi Note 10,7.0,11102.3,77716.09999999999,Shruti Dutta,36,Mumbai,Credit Card,5.0
1790,03/02/2023,Thursday,Apple,iPhone SE,4.0,28842.64,115370.56,Anand Chatterjee,40,Delhi,Credit Card,3.0
1654,01/22/2023,Sunday,OnePlus,OnePlus 8T,8.0,69232.87,553862.96,Meena Mathur,22,Bhopal,UPI,5.0
325,08-01-2022,Saturday,Apple,iPhone SE,7.0,19730.24,138111.68000000002,Anjali Patel,29,Chennai,Credit Card,3.0
469,16-02-2022,Wednesday,Apple,iPhone 11,9.0,40217.2,361954.8,Nikhil Menon,23,Delhi,Credit Card,4.0
562,03/17/2022,Thursday,Apple,iPhone 11,8.0,36661.13,293289.04,Sneha Mishra,40,Rajkot,Credit Card,5.0
965,11-07-2022,Monday,OnePlus,OnePlus 9,8.0,46514.99,372119.92,Vinod Chatterjee,36,Madurai,UPI,2.0
1830,03/13/2023,Monday,OnePlus,OnePlus 8T,2.0,46477.46,92954.92,Navin Chaudhary,52,Mumbai,Debit Card,5.0
2998,02/09/2024,Friday,Apple,iPhone 11,6.0,52140.31,312841.86,Vinod Kaur,42,Kanpur,Credit Card,4.0
2259,12-07-2023,Wednesday,Xiaomi,Redmi Note 10,2.0,46558.22,93116.44,Kiran Deshmukh,38,Mumbai,UPI,2.0
1071,11-08-2022,Thursday,OnePlus,OnePlus Nord,7.0,16807.73,117654.11,Monika Bhatnagar,32,Ranchi,Debit Card,5.0
62,10/27/2021,Wed,Vivo,Vivo Y51,4.0,69675.65,278702.6,Radha Mathur,20,Madurai,Cash,5.0
777,19-05-2022,Thursday,OnePlus,OnePlus 9,1.0,32873.8,32873.8,Deepika Shah,29,Kolkata,Debit Card,4.0
3604,07/31/2024,Wednesday,Apple,iPhone 12,2.0,34309.46,68618.92,Neeta Desai,45,Mumbai,Cash,5.0
255,20-12-2021,Monday,Apple,iPhone 12,1.0,62860.25,62860.25,Neeta Ahuja,31,Ranchi,Debit Card,5.0
2593,14-10-2023,Saturday,Samsung,Galaxy S21,3.0,26725.35,80176.04999999999,Priya Roy,27,Indore,Cash,5.0
1002,07/22/2022,Friday,OnePlus,OnePlus Nord,2.0,13568.81,27137.62,Arun Siddiqui,49,Mumbai,Credit Card,4.0
3110,03/13/2024,Wednesday,Vivo,Vivo Y51,7.0,50718.97,355032.79000000004,Mala Malhotra,47,Delhi,Cash,4.0
2690,11/11/2023,Saturday,Samsung,Galaxy A51,3.0,14414.88,43244.64,Deepika Gupta,24,Indore,Cash,5.0
1323,21-10-2022,Friday,Xiaomi,Redmi 9,7.0,67738.18,474167.25999999995,Deepika Prasad,31,Mumbai,Credit Card,5.0
2528,09/25/2023,Monday,Vivo,Vivo V20,5.0,48551.91,242759.55000000002,Pankaj Teja,22,Bhopal,UPI,2.0
2950,01/26/2024,Friday,Apple,iPhone SE,7.0,33562.51,234937.57,Mala Teja,19,Bhopal,Debit Card,2.0
2861,31-12-2023,Sunday,Vivo,Vivo Y51,7.0,43150.21,302051.47,Radha Mathur,24,Bangalore,Cash,5.0
222,12/11/2021,Saturday,Vivo,Vivo V20,2.0,29346.99,58693.98,Krishna Menon,47,Ranchi,Debit Card,5.0
1812,03/09/2023,Thursday,Xiaomi,Redmi 9,8.0,31138.14,249105.12,Monika Mathur,55,Mumbai,Debit Card,5.0
1062,08/08/2022,Monday,OnePlus,OnePlus 8T,8.0,24382.54,195060.32,Sneha Rao,46,Ludhiana,Cash,3.0
2679,08-11-2023,Wednesday,OnePlus,OnePlus 9,4.0,66498.09,265992.36,Namita Malhotra,45,Hyderabad,Debit Card,5.0
89,03-11-2021,Wednesday,OnePlus,OnePlus Nord,5.0,29613.6,148068.0,Namita Bhatnagar,44,Delhi,UPI,5.0
3009,13-02-2024,Tuesday,Apple,iPhone 12,8.0,28671.62,229372.96,Vinod Kumar,35,Delhi,UPI,2.0
3471,24-06-2024,Monday,Xiaomi,Mi 11,6.0,46083.05,276498.30000000005,Lata Dutta,53,Vadodara,Debit Card,4.0
2207,27-06-2023,Tuesday,Xiaomi,Redmi 9,1.0,57851.04,57851.04,Anjali Alva,36,Mumbai,UPI,4.0
2275,16-07-2023,Sunday,OnePlus,OnePlus 8T,1.0,30439.3,30439.3,Arun Siddiqui,31,Ranchi,Credit Card,5.0
2105,30-05-2023,Tuesday,Samsung,Galaxy Note 20,4.0,50754.82,203019.28,Sachin Arora,38,Ranchi,Cash,4.0
437,07-02-2022,Monday,Xiaomi,Mi 11,5.0,43445.76,217228.80000000002,Vijay Rawat,25,Kanpur,Cash,5.0
3304,05/08/2024,Wednesday,Xiaomi,Mi 11,3.0,31228.17,93684.51,Meena Kaur,46,Kolkata,UPI,4.0
3756,09/16/2024,Monday,OnePlus,OnePlus 8T,6.0,31644.86,189869.16,Yogesh Kaur,22,Kolkata,Debit Card,5.0
3271,28-04-2024,Sunday,Apple,iPhone 11,4.0,25059.19,100236.76,Anita Malhotra,18,Bhopal,Credit Card,1.0
3269,28-04-2024,Sunday,Xiaomi,Redmi 9,2.0,42650.93,85301.86,Sunil Dutta,28,Lucknow,Debit Card,5.0
1765,23-02-2023,Thursday,OnePlus,OnePlus 8T,3.0,47653.36,142960.08000000002,Pooja Patel,47,Mumbai,Credit Card,1.0
3309,09-05-2024,Thursday,OnePlus,OnePlus 9,5.0,69896.65,349483.25,Bhavana Rawat,34,Delhi,Debit Card,5.0
2430,08/30/2023,Wednesday,Apple,iPhone 11,6.0,28292.76,169756.56,Ayesha Bhattacharya,52,Kanpur,Credit Card,2.0
2548,10/01/2023,Sunday,Xiaomi,Redmi 9,1.0,52781.01,52781.01,Arun Shah,32,Delhi,Credit Card,2.0
949,07-07-2022,Thursday,OnePlus,OnePlus 9,9.0,34648.54,311836.86,Yogesh Desai,25,Delhi,UPI,3.0
2461,07-09-2023,Thursday,Vivo,Vivo S1,3.0,40195.83,120587.49,Gita Rathod,31,Hyderabad,Credit Card,5.0
284,12/28/2021,Tuesday,OnePlus,OnePlus Nord,3.0,56241.52,168724.56,Jyoti Iyer,47,Lucknow,Cash,5.0
275,25-12-2021,Saturday,Apple,iPhone 12,6.0,32412.42,194474.52,Pooja Joshi,28,Delhi,Debit Card,5.0
1374,11/05/2022,Saturday,Vivo,Vivo S1,1.0,60999.26,60999.26,Mala Rawat,24,Delhi,Credit Card,4.0
622,04/02/2022,Saturday,Xiaomi,Redmi 9,1.0,56740.32,56740.32,Rajesh Chatterjee,41,Delhi,Cash,5.0
2772,12/05/2023,Tuesday,Xiaomi,Redmi Note 10,4.0,24215.56,96862.24,Priya Teja,21,Delhi,Credit Card,4.0
1243,28-09-2022,Wednesday,Samsung,Galaxy A51,7.0,58929.27,412504.88999999996,Tapan Chatterjee,24,Delhi,Debit Card,5.0
1481,04-12-2022,Sunday,Vivo,Vivo Y51,1.0,68092.48,68092.48,Anjali Ahuja,56,Rajkot,Cash,3.0
1339,25-10-2022,Tuesday,Xiaomi,Redmi Note 10,5.0,68071.74,340358.7,Ravi Varma,35,Delhi,UPI,1.0
3210,04/11/2024,Thursday,Xiaomi,Redmi 9,7.0,35144.48,246011.36000000002,Pankaj Sheth,51,Delhi,Credit Card,5.0
424,02/04/2022,Friday,Apple,iPhone 11,4.0,37518.99,150075.96,Sumit Sharma,32,Delhi,UPI,4.0
3788,09/26/2024,Thursday,Samsung,Galaxy S21,4.0,48127.43,192509.72,Bhavana Rathod,41,Mumbai,UPI,4.0
986,07/17/2022,Sunday,OnePlus,OnePlus Nord,5.0,,206637.94999999998,Devendra Yadav,54,Lucknow,Credit Card,5.0
507,28-02-2022,Monday,Apple,iPhone 11,6.0,39541.46,237248.76,Pankaj Patel,26,Indore,UPI,5.0
1076,08/12/2022,Friday,Apple,iPhone 11,1.0,67263.81,67263.81,Priyanka Jain,52,Delhi,UPI,5.0
3424,06/12/2024,Wednesday,Vivo,Vivo S1,2.0,27043.63,54087.26,Kavita Rawat,44,Bangalore,UPI,5.0
1236,09/27/2022,Tuesday,Apple,iPhone SE,2.0,12084.4,24168.8,Bhavana Prasad,40,Delhi,UPI,5.0
501,26-02-2022,Saturday,Xiaomi,Mi 11,3.0,35650.34,106951.01999999999,Kavita Kaur,20,Ranchi,Credit Card,2.0
3794,09/27/2024,Friday,Xiaomi,Redmi 9,4.0,34479.49,137917.96,Sumit Malhotra,23,Patna,Credit Card,4.0
2388,08/18/2023,Friday,Apple,iPhone 12,5.0,48483.59,242417.94999999998,Anjali Desai,49,Kolkata,Debit Card,4.0
550,03/13/2022,Sunday,Apple,iPhone 11,5.0,39286.27,196431.34999999998,Bhavana Mehta,27,Rajkot,Debit Card,5.0
558,03/15/2022,Tuesday,OnePlus,OnePlus 8T,4.0,32976.24,131904.96,Jyoti Alva,20,Mumbai,Credit Card,2.0
1107,21-08-2022,Sunday,Xiaomi,Redmi 9,8.0,18012.59,144100.72,Gita Bhattacharya,21,Delhi,Credit Card,5.0
603,28-03-2022,Monday,Xiaomi,Mi 11,6.0,12457.09,74742.54000000001,Deepika Deshmukh,25,Bhopal,Cash,4.0
443,09-02-2022,Wednesday,Apple,iPhone SE,6.0,30169.62,181017.72,Arun Sheth,50,Kanpur,Cash,3.0
1050,08/05/2022,Friday,Apple,iPhone SE,5.0,41972.59,209862.94999999998,Namita Siddiqui,47,Chennai,Cash,5.0
219,10-12-2021,Friday,Samsung,Galaxy A51,6.0,38806.47,232838.82,Aditya Deshmukh,37,Jodhpur,Cash,
2000,04/30/2023,Sunday,OnePlus,OnePlus Nord,2.0,32085.14,64170.28,Monika Patel,30,Kanpur,Cash,4.0
2601,17-10-2023,Tuesday,Vivo,Vivo S1,9.0,69671.54,627043.86,Kunal Singh,38,Chennai,Credit Card,2.0
3198,04/07/2024,Sunday,Samsung,Galaxy A51,9.0,38378.86,345409.74,Vivek Luthra,49,Hyderabad,UPI,4.0
830,06/02/2022,Thursday,Xiaomi,Mi 11,3.0,49686.87,149060.61000000002,Namita Ghosh,38,Mumbai,UPI,4.0
3669,20-08-2024,Tuesday,Xiaomi,Redmi Note 10,2.0,11947.61,23895.22,Umesh Ghosh,40,Vadodara,UPI,4.0
1271,07-10-2022,Friday,Xiaomi,Redmi 9,7.0,22466.24,157263.68000000002,Isha Ahuja,57,Hyderabad,Credit Card,5.0
3253,23-04-2024,Tuesday,OnePlus,OnePlus Nord,9.0,69821.31,628391.79,Prashant Verma,39,Gorakhpur,Debit Card,3.0
3367,26-05-2024,Sunday,Samsung,Galaxy A51,8.0,60850.04,486800.32,Krishna Iyer,49,Mumbai,Debit Card,4.0
1748,02/18/2023,Saturday,Vivo,Vivo Y51,5.0,30349.87,151749.35,Arun Luthra,34,Gorakhpur,Debit Card,4.0
2726,11/22/2023,Wednesday,Vivo,Vivo Y51,4.0,44512.5,178050.0,Vinod Kaur,30,Delhi,UPI,5.0
2115,01-06-2023,Thursday,Samsung,Galaxy A51,6.0,11881.69,71290.14,Neeta Desai,32,Bhopal,Cash,1.0
1136,08/29/2022,Monday,Samsung,Galaxy A51,8.0,66264.5,530116.0,Vinod Kaur,40,Mumbai,UPI,5.0
2304,07/25/2023,Tuesday,Samsung,Galaxy S21,2.0,64383.49,128766.98,Isha Ghosh,29,Patna,Debit Card,3.0
1566,12/28/2022,Wednesday,Vivo,Vivo V20,9.0,49327.21,443944.89,Prashant Deshmukh,31,Bhopal,Cash,5.0
3723,06-09-2024,Friday,Samsung,Galaxy S21,6.0,53358.83,320152.98,Rajesh Ahuja,55,Delhi,UPI,4.0
1335,24-10-2022,Monday,OnePlus,OnePlus 8T,1.0,10620.74,10620.74,Sneha Malhotra,48,Mumbai,Debit Card,1.0
1420,11/18/2022,Friday,Vivo,Vivo V20,2.0,28583.69,57167.38,Harish Patel,34,Jodhpur,UPI,5.0
1558,12/26/2022,Monday,Apple,iPhone 11,5.0,18273.7,91368.5,Bhavana Ghosh,48,Mumbai,Cash,3.0
1730,02/13/2023,Monday,OnePlus,OnePlus Nord,5.0,54376.48,271882.4,Amit Pillai,34,Mumbai,Cash,1.0
579,21-03-2022,Monday,Apple,iPhone 12,7.0,56294.18,394059.26,Sneha Mehta,48,Jodhpur,Debit Card,3.0
2662,11/03/2023,Friday,Apple,iPhone 12,5.0,26487.42,132437.09999999998,Priya Mehta,24,Mumbai,Credit Card,5.0
788,05/22/2022,Sunday,Xiaomi,Redmi Note 10,4.0,45198.78,180795.12,Tanuja Dutta,48,Rajkot,Debit Card,3.0
1,09-10-2021,Sat,Xiaomi,Redmi Note 10,6.0,10174.7,61048.200000000004,Lalita Ahuja,38,Ludhiana,UPI,5.0
1451,26-11-2022,Saturday,OnePlus,OnePlus 9,2.0,19338.88,38677.76,Priyanka Sharma,36,Vadodara,Credit Card,3.0
1057,07-08-2022,Sunday,Xiaomi,Mi 11,9.0,36876.62,331889.58,Kavita Teja,28,Chennai,UPI,5.0
3697,29-08-2024,Thursday,Apple,iPhone 12,2.0,61075.47,122150.94,Sumit Joshi,48,Mumbai,Credit Card,5.0
2186,06/21/2023,Wednesday,Samsung,Galaxy Note 20,9.0,47882.65,430943.85000000003,Bhavana Rawat,32,Delhi,Credit Card,4.0
2604,10/18/2023,Wednesday,Vivo,Vivo V20,1.0,51302.43,51302.43,Kiran Siddiqui,33,Chennai,UPI,2.0
1042,08/02/2022,Tuesday,Xiaomi,Redmi 9,4.0,24452.68,97810.72,Rajesh Prasad,58,Mumbai,Credit Card,5.0
248,12/18/2021,Saturday,Xiaomi,Mi 11,6.0,49592.19,297553.14,Tapan Chatterjee,40,Delhi,Debit Card,4.0
1321,20-10-2022,Thursday,Vivo,Vivo Y51,1.0,15883.47,15883.47,Kiran Goyal,26,Delhi,Debit Card,5.0
863,12-06-2022,Sunday,Xiaomi,Redmi Note 10,9.0,59531.85,535786.65,Ayesha Ghosh,28,Ranchi,UPI,5.0
2856,12/30/2023,Saturday,Xiaomi,Redmi Note 10,3.0,23033.45,69100.35,Sanjay Jain,26,Jodhpur,Debit Card,3.0
3811,02-10-2024,Wednesday,Apple,iPhone SE,7.0,56317.87,394225.09,Ramesh Solanki,41,Coimbatore,Debit Card,2.0
1030,07/30/2022,Saturday,OnePlus,OnePlus 9,4.0,48566.42,194265.68,Kavita Kumar,55,Delhi,Credit Card,4.0
651,12-04-2022,Tuesday,Samsung,Galaxy A51,7.0,26013.96,182097.72,Priyanka Pathak,25,Madurai,Credit Card,5.0
1815,09-03-2023,Thursday,Samsung,Galaxy S21,8.0,10501.94,84015.52,Isha Ahuja,32,Lucknow,Debit Card,4.0
1095,17-08-2022,Wednesday,Vivo,Vivo S1,7.0,69097.02,483679.14,Anjali Varma,25,Delhi,Debit Card,5.0
1165,06-09-2022,Tuesday,Apple,iPhone 11,5.0,17215.06,86075.3,Krishna Joshi,28,Jodhpur,Cash,4.0
176,11/27/2021,Saturday,Samsung,Galaxy A51,6.0,64905.0,389430.0,Reena Dutta,36,Bangalore,Credit Card,5.0
279,27-12-2021,Monday,Xiaomi,Redmi 9,4.0,52834.06,211336.24,Monika Nambiar,26,Delhi,UPI,3.0
1053,06-08-2022,Saturday,OnePlus,OnePlus Nord,4.0,31687.92,126751.68,Umesh Ghosh,18,Rajkot,Credit Card,4.0
1252,10/01/2022,Saturday,Samsung,Galaxy S21,4.0,20757.77,83031.08,Yogesh Patel,51,Delhi,Cash,4.0
1299,15-10-2022,Saturday,Samsung,Galaxy S21,8.0,52255.54,418044.32,Meena Das,40,Ranchi,UPI,5.0
2743,26-11-2023,Sunday,Samsung,Galaxy S21,1.0,59358.18,59358.18,Sanjay Joshi,53,Lucknow,Credit Card,4.0
3574,07/23/2024,Tuesday,Apple,iPhone 11,2.0,66930.75,133861.5,Sanjay Ghosh,42,Mumbai,UPI,4.0
1285,11-10-2022,Tuesday,Samsung,Galaxy S21,6.0,61615.2,369691.19999999995,Isha Kaur,34,Vadodara,Credit Card,4.0
692,04/24/2022,Sunday,Xiaomi,Mi 11,7.0,13281.08,92967.56,Sachin Goyal,57,Bhopal,UPI,3.0
2167,15-06-2023,Thursday,Apple,iPhone 11,6.0,22361.42,134168.52,Tapan Nair,24,Mumbai,Debit Card,2.0
417,02-02-2022,Wednesday,OnePlus,OnePlus 8T,5.0,56325.37,281626.85000000003,Aditya Menon,57,Lucknow,UPI,2.0
3392,06/03/2024,Monday,OnePlus,OnePlus 8T,3.0,42177.9,126533.70000000001,Sachin Shah,32,Vadodara,UPI,2.0
218,12/10/2021,Friday,Vivo,Vivo S1,8.0,13360.14,106881.12,Lalita Ahuja,35,Delhi,UPI,5.0
2345,06-08-2023,Sunday,OnePlus,OnePlus 9,7.0,14791.39,103539.73,Kunal Shah,32,Gorakhpur,Cash,2.0
2853,29-12-2023,Friday,Vivo,Vivo Y51,,59336.48,356018.88,Namita Teja,21,Chennai,UPI,3.0
1353,29-10-2022,Saturday,Xiaomi,Redmi Note 10,5.0,29438.76,147193.8,Vinod Solanki,48,Kanpur,UPI,3.0
3282,05/02/2024,Thursday,Vivo,Vivo Y51,2.0,35043.23,70086.46,Krishna Reddy,53,Mumbai,Credit Card,5.0
786,05/22/2022,Sunday,Samsung,Galaxy S21,5.0,37570.14,187850.7,Yogesh Sharma,29,Delhi,UPI,5.0
2260,07/12/2023,Wednesday,Vivo,Vivo S1,9.0,38041.44,342372.96,Kavita Gupta,24,Mumbai,Debit Card,2.0
728,05/04/2022,Wednesday,OnePlus,OnePlus 8T,4.0,50181.04,200724.16,Ravi Varma,37,Hyderabad,Debit Card,5.0
2881,06-01-2024,Saturday,Vivo,Vivo Y51,8.0,44789.31,358314.48,Yogesh Kaur,39,Gorakhpur,Cash,2.0
1346,10/27/2022,Thursday,Vivo,Vivo V20,8.0,42288.22,338305.76,Prashant Gupta,33,Lucknow,Cash,5.0
1023,28-07-2022,Thursday,Vivo,Vivo S1,7.0,16767.82,117374.73999999999,Monika Rawat,28,Delhi,Debit Card,5.0
450,02/11/2022,Friday,Xiaomi,Redmi Note 10,7.0,42650.99,298556.93,Anjali Sharma,30,Mumbai,UPI,4.0
2712,11/17/2023,Friday,OnePlus,OnePlus 9,8.0,56092.41,448739.28,Priya Roy,21,Delhi,UPI,5.0
377,22-01-2022,Saturday,Samsung,Galaxy Note 20,9.0,45104.67,405942.02999999997,Tapan Rawat,46,Delhi,Cash,5.0
1973,22-04-2023,Saturday,Vivo,Vivo Y51,8.0,12473.67,99789.36,Lata Mathur,25,Indore,Credit Card,5.0
3177,01-04-2024,Monday,Xiaomi,Redmi Note 10,6.0,67718.66,406311.96,Reena Deshmukh,48,Delhi,Credit Card,5.0
2425,28-08-2023,Monday,Xiaomi,Mi 11,2.0,36277.84,72555.68,Pankaj Shah,37,Delhi,UPI,3.0
434,02/06/2022,Sunday,Apple,iPhone 11,2.0,46657.57,93315.14,Kiran Alva,40,Delhi,Debit Card,2.0
817,30-05-2022,Monday,OnePlus,OnePlus Nord,9.0,60547.42,544926.78,Priya Singh,27,Jodhpur,Debit Card,4.0
372,01/21/2022,Friday,Apple,iPhone 12,2.0,28083.51,56167.02,Manoj Pathak,45,Vadodara,Cash,3.0
3154,03/25/2024,Monday,Samsung,Galaxy S21,6.0,42315.0,253890.0,Deepika Desai,53,Kanpur,UPI,5.0
3502,07/02/2024,Tuesday,OnePlus,OnePlus 8T,6.0,12587.67,75526.02,Priyanka Verma,50,Delhi,Cash,3.0
840,06/05/2022,Sunday,Vivo,Vivo Y51,8.0,69066.52,552532.16,Umesh Teja,59,Indore,Credit Card,5.0
701,27-04-2022,Wednesday,Vivo,Vivo Y51,3.0,37761.27,113283.81,Vivek Mishra,23,Delhi,Credit Card,5.0
1492,12/07/2022,Wednesday,OnePlus,OnePlus 8T,6.0,19766.57,118599.42,Navin Chaudhary,30,Mumbai,Cash,5.0
645,10-04-2022,Sunday,Apple,iPhone 12,6.0,68458.3,410749.80000000005,Kavita Mehta,51,Rajkot,Cash,5.0
1671,27-01-2023,Friday,Vivo,Vivo Y51,8.0,34940.76,279526.08,Anita Joshi,38,Lucknow,Debit Card,5.0
3281,01-05-2024,Wednesday,OnePlus,OnePlus 9,5.0,48719.18,243595.9,Sunita Das,32,Chennai,Debit Card,3.0
2370,08/13/2023,Sunday,Apple,iPhone 11,3.0,17742.21,53226.63,Kiran Chaudhary,29,Jodhpur,Debit Card,4.0
1508,12/12/2022,Monday,Xiaomi,Mi 11,1.0,20598.58,20598.58,Neeta Menon,33,Delhi,UPI,5.0
2638,10/28/2023,Saturday,OnePlus,OnePlus Nord,1.0,13376.5,13376.5,Neeta Solanki,33,Hyderabad,Credit Card,2.0
2321,30-07-2023,Sunday,Samsung,Galaxy A51,6.0,33774.13,202644.77999999997,Monika Rawat,30,Delhi,Credit Card,2.0
3451,19-06-2024,Wednesday,Vivo,Vivo Y51,4.0,67513.92,270055.68,Monika Ahuja,47,Delhi,Cash,5.0
247,18-12-2021,Saturday,Vivo,Vivo V20,1.0,14303.9,14303.9,Jyoti Varma,55,Mumbai,Debit Card,5.0
894,06/21/2022,Tuesday,Samsung,Galaxy S21,7.0,68317.05,478219.35000000003,Sumit Joshi,45,Gorakhpur,Debit Card,4.0
735,06-05-2022,Friday,Apple,iPhone 12,4.0,66174.42,264697.68,Sunil Varma,43,Delhi,Debit Card,5.0
506,02/28/2022,Monday,Vivo,Vivo S1,1.0,37369.52,37369.52,Harish Malhotra,28,Jodhpur,UPI,4.0
1675,28-01-2023,Saturday,Vivo,Vivo S1,4.0,57064.49,228257.96,Rajesh Ahuja,52,Delhi,Credit Card,1.0
1026,07/29/2022,Friday,Apple,iPhone 11,2.0,49149.08,98298.16,Bhavana Yadav,29,Mumbai,Debit Card,5.0
1624,01/13/2023,Friday,Apple,iPhone SE,6.0,67643.69,405862.14,Radha Nair,20,Vadodara,UPI,1.0
3311,10-05-2024,Friday,OnePlus,OnePlus 8T,1.0,27208.76,27208.76,Yogesh Bhattacharya,21,Mumbai,Cash,5.0
1475,03-12-2022,Saturday,Vivo,Vivo Y51,5.0,65619.31,328096.55,Mala Thakur,48,Delhi,UPI,1.0
3399,05-06-2024,Wednesday,Xiaomi,Redmi 9,4.0,54803.59,219214.36,Monika Rawat,20,Mumbai,Cash,5.0
109,08-11-2021,Monday,Vivo,Vivo V20,2.0,21846.93,43693.86,Kiran Prasad,45,Rajkot,UPI,3.0
2937,22-01-2024,Monday,Apple,iPhone SE,9.0,31745.88,285712.92,Nikhil Solanki,58,Delhi,Cash,5.0
2606,10/18/2023,Wednesday,Samsung,Galaxy Note 20,9.0,64804.78,583243.02,Krishna Bhatnagar,40,Coimbatore,Credit Card,3.0
2319,30-07-2023,Sunday,OnePlus,OnePlus 8T,7.0,62791.12,439537.84,Ravi Kumar,49,Delhi,Debit Card,4.0
3493,29-06-2024,Saturday,OnePlus,OnePlus Nord,4.0,45947.12,183788.48,Devendra Yadav,20,Ranchi,Cash,5.0
3607,01-08-2024,Thursday,Vivo,Vivo Y51,1.0,60854.14,60854.14,Lalita Bhatnagar,18,Mumbai,Cash,4.0
544,03/11/2022,Friday,Vivo,Vivo S1,9.0,47339.0,426051.0,Sanjay Menon,34,Kolkata,Credit Card,2.0
2891,09-01-2024,Tuesday,OnePlus,OnePlus Nord,2.0,64460.92,128921.84,Shruti Iyer,36,Hyderabad,Credit Card,2.0
2769,04-12-2023,Monday,Samsung,Galaxy S21,8.0,66042.19,528337.52,Vinod Nair,25,Rajkot,Credit Card,5.0
1232,09/25/2022,Sunday,OnePlus,OnePlus 9,8.0,22610.55,180884.4,Umesh Dutta,47,Delhi,Debit Card,5.0
260,12/21/2021,Tuesday,Vivo,Vivo S1,8.0,66989.75,535918.0,Anita Srivastava,36,Bhopal,Credit Card,5.0
2335,03-08-2023,Thursday,OnePlus,OnePlus 8T,4.0,52557.83,210231.32,Priya Dutta,59,Gorakhpur,Credit Card,2.0
1740,02/16/2023,Thursday,Xiaomi,Mi 11,1.0,25661.72,25661.72,Tapan Kulkarni,54,Bangalore,Credit Card,5.0
1719,09-02-2023,Thursday,OnePlus,OnePlus Nord,8.0,55639.68,445117.44,Vijay Varma,22,Patna,UPI,5.0
613,31-03-2022,Thursday,Apple,iPhone 12,6.0,68460.97,410765.82,Rohan Prasad,46,Bangalore,Credit Card,4.0
1223,23-09-2022,Friday,OnePlus,OnePlus Nord,1.0,58180.36,58180.36,Prashant Chatterjee,31,Lucknow,Debit Card,5.0
1139,30-08-2022,Tuesday,OnePlus,OnePlus 8T,6.0,58342.29,350053.74,Deepika Solanki,24,Mumbai,Cash,5.0
1004,07/22/2022,Friday,OnePlus,OnePlus Nord,7.0,32692.41,228846.87,Krishna Patel,45,Delhi,Debit Card,5.0
486,02/22/2022,Tuesday,Apple,iPhone 12,8.0,56178.53,449428.24,Shruti Pathak,46,Mumbai,Debit Card,3.0
2227,03-07-2023,Monday,Vivo,Vivo V20,3.0,58431.52,175294.56,Rajesh Yadav,18,Kanpur,Cash,4.0
3385,01-06-2024,Saturday,Apple,iPhone SE,6.0,14345.34,86072.04000000001,Radha Gupta,58,Gorakhpur,Cash,1.0
3096,03/09/2024,Saturday,Vivo,Vivo Y51,4.0,10912.79,43651.16,Arun Luthra,23,Mumbai,Debit Card,4.0
259,21-12-2021,Tuesday,Apple,iPhone SE,3.0,65660.47,196981.41,Vijay Varma,51,Kanpur,Debit Card,4.0
387,24-01-2022,Monday,Samsung,Galaxy A51,7.0,51274.61,358922.27,Kiran Rathod,19,Jodhpur,Debit Card,5.0
2477,11-09-2023,Monday,Vivo,Vivo S1,2.0,67004.15,134008.3,Namita Srivastava,53,Delhi,UPI,5.0
2488,09/15/2023,Friday,Apple,iPhone 11,3.0,24578.11,73734.33,Krishna Mehta,22,Gorakhpur,Debit Card,3.0
1938,04/13/2023,Thursday,Xiaomi,Redmi Note 10,7.0,58218.11,407526.77,Priya Patel,58,Lucknow,UPI,1.0
1661,24-01-2023,Tuesday,Xiaomi,Redmi Note 10,2.0,46372.14,92744.28,Rohan Menon,24,Patna,Debit Card,1.0
2967,31-01-2024,Wednesday,OnePlus,OnePlus 9,9.0,60101.42,540912.78,Tapan Rathod,55,Madurai,UPI,4.0
1024,07/29/2022,Friday,Apple,iPhone SE,9.0,52352.95,471176.55,Sumit Ghosh,33,Lucknow,UPI,4.0
858,06/10/2022,Friday,Vivo,Vivo S1,1.0,53912.4,53912.4,Yogesh Kulkarni,30,Kanpur,UPI,2.0
210,12/07/2021,Tuesday,Samsung,Galaxy S21,4.0,19874.69,79498.76,Sanjay Sheth,40,Ranchi,Debit Card,5.0
3480,06/26/2024,Wednesday,Xiaomi,Mi 11,8.0,48373.73,386989.84,Amit Ghosh,58,Delhi,UPI,4.0
1172,09/08/2022,Thursday,Vivo,Vivo Y51,4.0,51015.55,204062.2,Anand Pillai,22,Bhopal,UPI,5.0
1584,01/02/2023,Monday,Vivo,Vivo V20,2.0,35412.43,70824.86,Anand Patel,40,Bangalore,UPI,5.0
2581,11-10-2023,Wednesday,Xiaomi,Redmi Note 10,2.0,19154.45,38308.9,Bina Deshmukh,20,Bhopal,Credit Card,5.0
2811,16-12-2023,Saturday,Apple,iPhone 12,8.0,17100.72,136805.76,Jyoti Pillai,38,Mumbai,Credit Card,5.0
597,27-03-2022,Sunday,Xiaomi,Redmi 9,4.0,50863.01,203452.04,Anjali Chatterjee,29,Mumbai,Credit Card,5.0
3390,06/02/2024,Sunday,Xiaomi,Mi 11,9.0,19436.41,174927.69,Ravi Prasad,57,Delhi,Cash,4.0
1296,10/14/2022,Friday,Xiaomi,Redmi 9,3.0,52700.92,158102.76,Sunita Luthra,35,Mumbai,Credit Card,5.0
297,01-01-2022,Saturday,Xiaomi,Mi 11,1.0,58804.41,58804.41,Priya Bhattacharya,37,Ranchi,UPI,5.0
2763,02-12-2023,Saturday,Samsung,Galaxy S21,1.0,55779.93,55779.93,Priyanka Nambiar,34,Mumbai,UPI,4.0
508,02/28/2022,Monday,OnePlus,OnePlus Nord,2.0,12197.78,24395.56,Aditya Iyer,55,Ludhiana,Cash,3.0
8,10/11/2021,Monday,Apple,iPhone 12,2.0,65017.67,130035.34,Mala Rawat,32,Vadodara,Cash,3.0
2164,06/15/2023,Thursday,OnePlus,OnePlus 9,7.0,43275.81,302930.67,Vijay Malhotra,25,Delhi,Cash,5.0
2938,01/22/2024,Monday,Samsung,Galaxy Note 20,5.0,54256.19,271280.95,Reena Dutta,36,Rajkot,Debit Card,4.0
1870,03/24/2023,Friday,Apple,iPhone 11,1.0,66534.02,66534.02,Meena Desai,34,Patna,UPI,5.0
2776,12/06/2023,Wednesday,Xiaomi,Redmi 9,5.0,28321.19,141605.94999999998,Rajesh Desai,47,Delhi,Credit Card,2.0
3525,09-07-2024,Tuesday,Xiaomi,Redmi Note 10,4.0,17637.55,70550.2,Prashant Arora,54,Mumbai,Credit Card,3.0
3585,27-07-2024,Saturday,OnePlus,OnePlus 9,2.0,65828.66,131657.32,Namita Patel,32,Lucknow,Credit Card,3.0
1642,01/18/2023,Wednesday,Vivo,Vivo Y51,1.0,13816.54,13816.54,Rohan Menon,32,Delhi,UPI,3.0
938,07/04/2022,Monday,Xiaomi,Redmi 9,9.0,11569.5,104125.5,Monika Mehta,53,Gorakhpur,UPI,4.0
3705,31-08-2024,Saturday,OnePlus,OnePlus 9,8.0,18718.99,149751.92,Anjali Gupta,35,Delhi,Cash,5.0
2675,07-11-2023,Tuesday,OnePlus,OnePlus Nord,4.0,50313.52,201254.08,Prashant Deshmukh,54,Madurai,UPI,4.0
791,23-05-2022,Monday,Vivo,Vivo S1,6.0,14222.09,85332.54000000001,Vivek Luthra,21,Mumbai,Debit Card,4.0
2093,26-05-2023,Friday,OnePlus,OnePlus 9,9.0,33863.74,304773.66,Aditya Patel,23,Chennai,UPI,4.0
2457,06-09-2023,Wednesday,OnePlus,OnePlus 9,9.0,16382.09,147438.81,Lalita Thakur,18,Delhi,Debit Card,2.0
2016,05/05/2023,Friday,Vivo,Vivo V20,4.0,35023.19,140092.76,Radha Rao,31,Ranchi,,5.0
1106,08/20/2022,Saturday,Apple,iPhone 12,6.0,57436.18,344617.08,Rajesh Ghosh,41,Kanpur,Credit Card,3.0
3362,05/25/2024,Saturday,OnePlus,OnePlus 9,3.0,24759.56,74278.68000000001,Gita Bhattacharya,59,Chennai,Credit Card,3.0
97,05-11-2021,Friday,Xiaomi,Mi 11,5.0,14946.0,74730.0,Rajesh Menon,25,Madurai,UPI,3.0
44,10/22/2021,Friday,Xiaomi,Mi 11,7.0,11166.78,78167.46,Manoj Jain,22,Rajkot,Debit Card,5.0
1045,03-08-2022,Wednesday,Samsung,Galaxy S21,4.0,14150.45,56601.8,Pankaj Mehta,44,Delhi,Credit Card,5.0
1833,14-03-2023,Tuesday,Samsung,Galaxy A51,,24325.95,170281.65,Prashant Sharma,53,Delhi,Debit Card,4.0
3296,05/05/2024,Sunday,OnePlus,OnePlus 8T,1.0,57192.94,57192.94,Rohan Sheth,37,Ranchi,Cash,5.0
3630,08/08/2024,Thursday,Vivo,Vivo S1,2.0,26478.89,52957.78,Vijay Varma,22,Ludhiana,Cash,4.0
26,10/16/2021,Saturday,Samsung,Galaxy Note 20,6.0,26367.63,158205.78,Bhavana Dutta,57,Delhi,UPI,5.0
2213,29-06-2023,Thursday,Samsung,Galaxy A51,2.0,10888.53,21777.06,Sunil Kumar,43,Lucknow,UPI,4.0
1488,12/06/2022,Tuesday,OnePlus,OnePlus 8T,8.0,34838.06,278704.48,Jyoti Roy,42,Delhi,Credit Card,5.0
680,04/21/2022,Thursday,Samsung,Galaxy S21,5.0,38771.15,193855.75,Yogesh Mishra,59,Gorakhpur,Cash,5.0
2074,05/21/2023,Sunday,Vivo,Vivo Y51,3.0,19485.54,58456.62,Nikhil Solanki,39,Delhi,Debit Card,2.0
782,05/21/2022,Saturday,Xiaomi,Mi 11,6.0,24353.39,146120.34,Arun Goyal,57,Delhi,Cash,3.0
2592,10/14/2023,Saturday,Xiaomi,Mi 11,1.0,35384.53,35384.53,Mala Malhotra,30,Kanpur,UPI,2.0
3485,27-06-2024,Thursday,OnePlus,OnePlus 9,6.0,51908.83,311452.98,Vivek Shah,45,Mumbai,Cash,5.0
1256,10/02/2022,Sunday,OnePlus,OnePlus 9,9.0,58621.86,527596.74,Umesh Rawat,48,Delhi,Debit Card,
2497,17-09-2023,Sunday,Apple,iPhone 12,2.0,31802.39,63604.78,Ayesha Solanki,3,Kolkata,UPI,5.0
3454,06/20/2024,Thursday,Vivo,Vivo S1,1.0,25140.04,25140.04,Gita Roy,36,Bhopal,Cash,4.0
1282,10/10/2022,Monday,OnePlus,OnePlus 8T,2.0,46987.65,93975.3,Lata Mathur,18,Delhi,UPI,3.0
2288,07/20/2023,Thursday,Vivo,Vivo V20,2.0,39581.09,79162.18,Isha Singh,51,Delhi,Debit Card,2.0
1744,02/17/2023,Friday,Xiaomi,Redmi Note 10,4.0,39426.79,157707.16,Anita Shah,57,Ranchi,UPI,1.0
2060,05/17/2023,Wednesday,OnePlus,OnePlus Nord,7.0,58147.59,407033.13,Jyoti Ghosh,55,Delhi,Credit Card,4.0
3469,23-06-2024,Sunday,Vivo,Vivo S1,5.0,54830.45,274152.25,Krishna Patel,41,Delhi,Cash,4.0
68,10/29/2021,Fri,Xiaomi,Redmi 9,1.0,29206.61,29206.61,Kavita Solanki,36,Kanpur,Credit Card,5.0
2865,01-01-2024,Monday,Xiaomi,Redmi Note 10,6.0,58104.85,348629.1,Vivek Mathur,18,Mumbai,Credit Card,3.0
3106,03/11/2024,Monday,Xiaomi,Redmi Note 10,9.0,17398.35,156585.15,Amit Prasad,50,Bangalore,Cash,3.0
3530,07/11/2024,Thursday,Vivo,Vivo V20,1.0,11201.41,11201.41,Reena Das,51,Bangalore,UPI,3.0
1234,09/26/2022,Monday,OnePlus,OnePlus 9,5.0,38561.24,192806.19999999998,Lata Reddy,19,Kolkata,UPI,4.0
2343,06-08-2023,Sunday,Xiaomi,Mi 11,7.0,47961.76,335732.32,Tapan Mishra,28,Indore,Credit Card,3.0
32,10/18/2021,Monday,Apple,iPhone SE,1.0,37607.03,37607.03,Meena Mathur,46,Mumbai,Credit Card,5.0
1412,11/15/2022,Tuesday,Xiaomi,Redmi Note 10,3.0,14308.88,42926.64,Sunil Iyer,39,Mumbai,UPI,5.0
2673,06-11-2023,Monday,Xiaomi,Redmi Note 10,5.0,21981.13,109905.65000000001,Sachin Varma,22,Delhi,Credit Card,3.0
2765,03-12-2023,Sunday,OnePlus,OnePlus 9,1.0,12287.09,12287.09,Ravi Kaur,30,Ludhiana,Cash,2.0
1118,08/24/2022,Wednesday,OnePlus,OnePlus 9,6.0,16866.29,101197.74,Krishna Alva,32,Jodhpur,Debit Card,3.0
611,31-03-2022,Thursday,Apple,iPhone 11,7.0,43420.41,303942.87,Lata Nambiar,52,Bhopal,Debit Card,5.0
3617,05-08-2024,Monday,Xiaomi,Mi 11,3.0,27447.52,82342.56,Anand Thakur,50,Delhi,UPI,3.0
571,19-03-2022,Saturday,Apple,iPhone SE,5.0,54091.03,270455.15,Vivek Ghosh,59,Delhi,Credit Card,5.0
3556,07/18/2024,Thursday,Vivo,Vivo V20,1.0,50672.12,50672.12,Ramesh Sharma,27,Lucknow,Debit Card,4.0
344,01/13/2022,Thursday,Vivo,Vivo V20,4.0,27883.45,111533.8,Priyanka Mishra,53,Indore,Debit Card,5.0
1741,16-02-2023,Thursday,OnePlus,OnePlus Nord,9.0,42284.05,380556.45,Kavita Kumar,53,Delhi,UPI,5.0
1755,20-02-2023,Monday,OnePlus,OnePlus 9,1.0,19813.3,19813.3,Ramesh Rao,34,Mumbai,UPI,1.0
679,20-04-2022,Wednesday,Xiaomi,Redmi 9,5.0,10391.52,51957.600000000006,Priya Mehta,53,Gorakhpur,Credit Card,4.0
2453,05-09-2023,Tuesday,Vivo,Vivo S1,2.0,50259.73,100519.46,Kavita Kaur,40,Chennai,Cash,4.0
3092,03/08/2024,Friday,Samsung,Galaxy Note 20,9.0,10631.56,95684.04,Bhavana Siddiqui,35,Bhopal,Debit Card,5.0
880,06/17/2022,Friday,Vivo,Vivo Y51,9.0,58665.23,527987.0700000001,Pankaj Srivastava,33,Delhi,UPI,5.0
3193,06-04-2024,Saturday,Vivo,Vivo V20,6.0,26976.85,161861.09999999998,Shruti Thakur,33,Mumbai,Debit Card,1.0
2400,08/21/2023,Monday,Xiaomi,Mi 11,4.0,43522.42,174089.68,Lata Reddy,45,Delhi,Credit Card,4.0
913,27-06-2022,Monday,Samsung,Galaxy Note 20,3.0,43795.35,131386.05,Navin Joshi,58,Hyderabad,UPI,2.0
1861,22-03-2023,Wednesday,Xiaomi,Redmi Note 10,7.0,33959.57,237716.99,Sachin Jain,55,Mumbai,Debit Card,1.0
57,26-10-2021,Tuesday,Vivo,Vivo S1,5.0,11976.87,59884.350000000006,Anjali Roy,40,Kolkata,Credit Card,5.0
2096,05/27/2023,Saturday,Vivo,Vivo S1,4.0,67654.25,270617.0,Pooja Deshmukh,57,Delhi,UPI,4.0
2555,03-10-2023,Tuesday,Samsung,Galaxy A51,6.0,10852.13,65112.78,Priyanka Alva,30,Delhi,UPI,4.0
2666,11/04/2023,Saturday,Samsung,Galaxy Note 20,2.0,56030.76,112061.52,Krishna Nambiar,33,Indore,UPI,5.0
2894,01/10/2024,Wednesday,Xiaomi,Redmi Note 10,7.0,11228.63,78600.40999999999,Lata Rawat,22,Delhi,Cash,2.0
2543,29-09-2023,Friday,Xiaomi,Redmi Note 10,2.0,62307.87,124615.74,Ravi Kumar,57,Hyderabad,UPI,5.0
3531,11-07-2024,Thursday,OnePlus,OnePlus 9,3.0,44198.97,132596.91,Harish Pillai,23,Coimbatore,Cash,3.0
577,21-03-2022,Monday,Xiaomi,Redmi Note 10,6.0,60437.96,362627.76,Sneha Yadav,53,Mumbai,Debit Card,3.0
3011,14-02-2024,Wednesday,Xiaomi,Mi 11,2.0,62005.84,124011.68,Lalita Nambiar,35,Hyderabad,UPI,1.0
1058,08/07/2022,Sunday,Vivo,Vivo Y51,4.0,41828.39,167313.56,Sunita Sheth,52,Kolkata,UPI,5.0
1619,12-01-2023,Thursday,OnePlus,OnePlus Nord,9.0,65632.39,590691.51,Aditya Sheth,47,Delhi,UPI,3.0
2422,08/27/2023,Sunday,Samsung,Galaxy S21,1.0,57560.65,57560.65,Monika Deshmukh,54,Indore,Debit Card,2.0
529,07-03-2022,Monday,Samsung,Galaxy S21,2.0,42554.53,85109.06,Vivek Patel,37,Mumbai,Credit Card,2.0
177,27-11-2021,Saturday,OnePlus,OnePlus Nord,9.0,27600.92,248408.27999999997,Vivek Srivastava,41,Coimbatore,Cash,3.0
1124,08/26/2022,Friday,Xiaomi,Mi 11,7.0,21805.53,152638.71,Vinod Pathak,51,Kolkata,UPI,5.0
423,03-02-2022,Thursday,Samsung,Galaxy Note 20,4.0,63556.68,254226.72,Amit Prasad,19,Bhopal,Debit Card,5.0
681,21-04-2022,Thursday,Xiaomi,Redmi Note 10,5.0,10951.21,54756.049999999996,Mala Goyal,52,Delhi,Credit Card,5.0
3129,18-03-2024,Monday,OnePlus,OnePlus 9,4.0,31974.47,127897.88,Vijay Rawat,40,Delhi,Debit Card,5.0
1862,03/22/2023,Wednesday,Apple,iPhone 12,9.0,21082.83,189745.47000000003,Bhavana Reddy,58,Madurai,UPI,5.0
1538,12/20/2022,Tuesday,OnePlus,OnePlus Nord,4.0,14751.18,59004.72,Prashant Deshmukh,22,Madurai,Cash,1.0
928,07/01/2022,Friday,Apple,iPhone SE,6.0,64825.9,388955.4,Pankaj Prasad,21,Chennai,Debit Card,3.0
573,20-03-2022,Sunday,Xiaomi,Redmi Note 10,5.0,20562.38,102811.90000000001,Mala Goyal,57,Ranchi,Debit Card,3.0
1018,07/27/2022,Wednesday,Vivo,Vivo Y51,9.0,58347.57,525128.13,Bhavana Prasad,37,Lucknow,UPI,3.0
2211,28-06-2023,Wednesday,Apple,iPhone 11,3.0,17588.82,52766.46,Mala Chatterjee,22,Delhi,Debit Card,1.0
289,29-12-2021,Wednesday,OnePlus,OnePlus Nord,4.0,46409.59,185638.36,Anita Varma,56,Kanpur,Cash,5.0
3126,03/17/2024,Sunday,Samsung,Galaxy Note 20,,39395.91,236375.46000000002,Harish Mishra,24,Jodhpur,UPI,2.0
3654,08/15/2024,Thursday,Xiaomi,Redmi Note 10,3.0,31172.64,93517.92,Devendra Yadav,25,Delhi,UPI,3.0
1415,16-11-2022,Wednesday,Xiaomi,Redmi 9,9.0,42575.58,383180.22000000003,Priyanka Sharma,45,Delhi,UPI,4.0
1989,27-04-2023,Thursday,Samsung,Galaxy A51,6.0,47009.01,282054.06,Vijay Das,53,Kanpur,Debit Card,2.0
2336,08/03/2023,Thursday,Vivo,Vivo V20,5.0,13002.15,65010.75,Monika Bhatnagar,46,Ranchi,Cash,4.0
1603,07-01-2023,Saturday,Samsung,Galaxy S21,4.0,24405.08,97620.32,Bhavana Mathur,28,Madurai,Debit Card,4.0
178,11/28/2021,Sunday,Samsung,Galaxy Note 20,2.0,39441.66,78883.32,Kavita Desai,37,Delhi,Cash,5.0
3663,18-08-2024,Sunday,Apple,iPhone SE,3.0,12317.0,36951.0,Aditya Joshi,23,Mumbai,UPI,4.0
1903,03-04-2023,Monday,Vivo,Vivo V20,8.0,35252.63,282021.04,Radha Sheth,21,Kanpur,Cash,5.0
1594,01/05/2023,Thursday,Vivo,Vivo S1,2.0,44941.45,89882.9,Isha Dutta,38,Mumbai,Debit Card,1.0
908,06/25/2022,Saturday,Samsung,Galaxy Note 20,7.0,16788.16,117517.12,Kiran Rawat,36,Mumbai,Debit Card,3.0
1771,25-02-2023,Saturday,Samsung,Galaxy Note 20,8.0,19469.84,155758.72,Vivek Alva,23,Ranchi,Debit Card,3.0
3133,20-03-2024,Wednesday,Xiaomi,Redmi Note 10,7.0,58628.18,410397.26,Meena Prasad,42,Mumbai,UPI,5.0
1557,26-12-2022,Monday,OnePlus,OnePlus 9,5.0,58278.5,291392.5,Sunita Iyer,49,Rajkot,UPI,4.0
371,20-01-2022,Thursday,Samsung,Galaxy S21,9.0,51378.31,462404.79,Isha Dutta,43,Chennai,Credit Card,5.0
3417,10-06-2024,Monday,Vivo,Vivo S1,6.0,25909.37,155456.22,Sanjay Thakur,50,Patna,UPI,5.0
1689,01-02-2023,Wednesday,Vivo,Vivo Y51,1.0,11897.2,11897.2,Jyoti Srivastava,55,Chennai,Cash,1.0
933,03-07-2022,Sunday,Xiaomi,Redmi 9,6.0,45187.57,271125.42,Navin Patel,51,Mumbai,Debit Card,5.0
730,05/05/2022,Thursday,Apple,iPhone 11,1.0,46160.2,46160.2,Sunita Mehta,24,Delhi,Cash,5.0
599,27-03-2022,Sunday,Vivo,Vivo Y51,5.0,18734.05,93670.25,Deepika Sharma,45,Delhi,Debit Card,5.0
2326,07/31/2023,Monday,Apple,iPhone SE,4.0,27736.14,110944.56,Rajesh Yadav,39,Jodhpur,UPI,2.0
3668,08/20/2024,Tuesday,OnePlus,OnePlus 8T,2.0,14287.08,28574.16,Sachin Sheth,30,Mumbai,Credit Card,3.0
2471,10-09-2023,Sunday,Vivo,Vivo V20,7.0,37883.49,265184.43,Radha Kumar,24,Madurai,Cash,2.0
1279,09-10-2022,Sunday,OnePlus,OnePlus 8T,3.0,69589.25,208767.75,Isha Nair,59,Delhi,Debit Card,3.0
3286,05/03/2024,Friday,Samsung,Galaxy Note 20,7.0,33362.08,233534.56,Namita Siddiqui,44,Chennai,Debit Card,1.0
1823,11-03-2023,Saturday,Samsung,Galaxy A51,4.0,41534.76,166139.04,Sunita Roy,55,Chennai,Cash,1.0
1831,13-03-2023,Monday,Xiaomi,Redmi Note 10,7.0,16285.75,114000.25,Sanjay Das,41,Gorakhpur,Debit Card,5.0
142,11/18/2021,Thursday,Apple,iPhone SE,8.0,64297.71,514381.68,Sumit Verma,38,Patna,Cash,5.0
3229,15-04-2024,Monday,Samsung,Galaxy S21,6.0,63671.39,382028.33999999997,Mala Menon,44,Lucknow,Debit Card,3.0
1408,11/14/2022,Monday,Vivo,Vivo V20,4.0,21510.17,86040.68,Kavita Dutta,55,Indore,Credit Card,4.0
492,02/24/2022,Thursday,Apple,iPhone 11,2.0,29476.53,58953.06,Sanjay Patel,31,Gorakhpur,Credit Card,5.0
666,04/16/2022,Saturday,Apple,iPhone SE,1.0,44943.73,44943.73,Namita Kapoor,38,Hyderabad,Debit Card,3.0
2184,06/21/2023,Wednesday,Xiaomi,Redmi Note 10,5.0,57771.16,288855.80000000005,Amit Ahuja,51,Patna,Cash,4.0
3820,10/04/2024,Friday,OnePlus,OnePlus Nord,7.0,50502.8,353519.60000000003,Lalita Sheth,41,Chennai,Credit Card,5.0
199,04-12-2021,Saturday,Samsung,Galaxy A51,4.0,42783.43,171133.72,Tanuja Ahuja,25,Mumbai,UPI,5.0
1648,01/20/2023,Friday,OnePlus,OnePlus 8T,4.0,39982.34,159929.36,Amit Ahuja,25,Mumbai,Cash,1.0
655,13-04-2022,Wednesday,Samsung,Galaxy Note 20,3.0,43331.5,129994.5,Tanuja Mathur,27,Hyderabad,Credit Card,5.0
472,02/17/2022,Thursday,Vivo,Vivo S1,3.0,34291.59,102874.76999999999,Jyoti Iyer,21,Indore,Credit Card,5.0
1235,26-09-2022,Monday,Vivo,Vivo V20,9.0,64090.34,576813.0599999999,Vivek Mathur,51,Mumbai,Credit Card,4.0
1614,01/10/2023,Tuesday,Samsung,Galaxy A51,7.0,35087.84,245614.87999999998,Amit Pillai,55,Lucknow,Cash,4.0
760,05/14/2022,Saturday,Samsung,Galaxy S21,2.0,40017.87,80035.74,Meena Mathur,51,Mumbai,Debit Card,3.0
2330,08/02/2023,Wednesday,Vivo,Vivo Y51,6.0,20776.52,124659.12,Sunil Gupta,39,Delhi,Cash,5.0
1056,08/07/2022,Sunday,Vivo,Vivo S1,8.0,63577.88,508623.04,Kavita Nair,23,Indore,Credit Card,5.0
2837,24-12-2023,Sunday,Vivo,Vivo Y51,2.0,53703.17,107406.34,Jyoti Bhattacharya,46,Indore,Debit Card,5.0
70,10/29/2021,Friday,Apple,iPhone 12,4.0,49253.8,197015.2,Pooja Reddy,21,Delhi,Cash,5.0
2406,08/23/2023,Wednesday,OnePlus,OnePlus Nord,2.0,69969.78,139939.56,Rajesh Mishra,27,Madurai,Debit Card,5.0
3012,02/14/2024,Wednesday,Apple,iPhone SE,9.0,41153.6,370382.39999999997,Manoj Nambiar,40,Jodhpur,Cash,3.0
3237,18-04-2024,Thursday,Xiaomi,Redmi Note 10,7.0,15306.26,107143.82,Kavita Singh,37,Chennai,UPI,4.0
196,12/03/2021,Friday,Samsung,Galaxy A51,6.0,68078.19,408469.14,Sanjay Das,58,Jodhpur,UPI,5.0
533,08-03-2022,Tuesday,Xiaomi,Redmi Note 10,9.0,11714.26,105428.34,Deepika Sharma,26,Mumbai,UPI,3.0
2113,01-06-2023,Thursday,Samsung,Galaxy S21,9.0,42035.71,378321.39,Aditya Rao,26,Hyderabad,Debit Card,2.0
875,16-06-2022,Thursday,Apple,iPhone SE,9.0,55539.75,499857.75,Prashant Dutta,41,Bhopal,Debit Card,5.0
2384,08/17/2023,Thursday,OnePlus,OnePlus Nord,9.0,13158.53,118426.77,Devendra Menon,25,Delhi,Cash,2.0
2247,09-07-2023,Sunday,Xiaomi,Redmi 9,1.0,58630.99,58630.99,Sneha Ghosh,39,Bhopal,Cash,5.0
1019,27-07-2022,Wednesday,Vivo,Vivo V20,6.0,26283.29,157699.74,Nikhil Rathod,55,Ludhiana,Credit Card,3.0
3371,28-05-2024,Tuesday,Samsung,Galaxy S21,7.0,47570.77,332995.38999999996,Yogesh Mishra,50,Chennai,Credit Card,3.0
1150,09/02/2022,Friday,OnePlus,OnePlus Nord,8.0,18047.18,144377.44,Lata Chatterjee,25,Lucknow,UPI,5.0
228,12/13/2021,Monday,Xiaomi,Redmi Note 10,6.0,25241.86,151451.16,Ramesh Nambiar,46,Delhi,Credit Card,5.0
813,29-05-2022,Sunday,Xiaomi,Redmi 9,7.0,24194.08,169358.56,Jyoti Gupta,22,Lucknow,UPI,5.0
841,05-06-2022,Sunday,OnePlus,OnePlus 8T,7.0,27865.25,195056.75,Vivek Yadav,22,Hyderabad,Credit Card,5.0
556,03/15/2022,Tuesday,Vivo,Vivo S1,8.0,52339.56,418716.48,Shruti Thakur,50,Mumbai,Credit Card,2.0
582,03/22/2022,Tuesday,Samsung,Galaxy Note 20,9.0,46150.68,415356.12,Nikhil Solanki,34,Ludhiana,Cash,5.0
2892,01/09/2024,Tuesday,Samsung,Galaxy A51,7.0,28278.15,197947.05000000002,Rajesh Kapoor,39,Delhi,Credit Card,4.0
2171,17-06-2023,Saturday,Xiaomi,Redmi Note 10,9.0,40335.15,363016.35000000003,Arun Verma,33,Chennai,UPI,1.0
2899,11-01-2024,Thursday,Samsung,Galaxy Note 20,6.0,48830.07,292980.42,Arun Shah,32,Ranchi,Debit Card,2.0
991,18-07-2022,Monday,Apple,iPhone 11,2.0,53376.61,106753.22,Lalita Sheth,19,Chennai,Cash,5.0
2484,09/13/2023,Wednesday,Samsung,Galaxy Note 20,7.0,18515.99,129611.93000000001,Amit Sheth,31,Mumbai,Cash,4.0
2826,12/21/2023,Thursday,Vivo,Vivo V20,3.0,60310.06,180930.18,Ravi Teja,22,Lucknow,UPI,2.0
848,06/07/2022,Tuesday,OnePlus,OnePlus 9,6.0,10926.85,65561.1,Priyanka Goyal,35,Kanpur,UPI,2.0
906,06/25/2022,Saturday,Apple,iPhone 12,1.0,12241.18,12241.18,Arun Dutta,18,Lucknow,Credit Card,3.0
632,04/06/2022,Wednesday,Apple,iPhone SE,4.0,60996.25,243985.0,Pooja Dutta,30,Delhi,Cash,5.0
1845,17-03-2023,Friday,Apple,iPhone 12,2.0,15906.08,31812.16,Rohan Menon,31,Delhi,Debit Card,3.0
1622,01/13/2023,Friday,Xiaomi,Redmi 9,6.0,49070.62,294423.72000000003,Krishna Patel,50,Mumbai,UPI,3.0
2635,27-10-2023,Friday,OnePlus,OnePlus Nord,7.0,31549.71,220847.97,Namita Rao,21,Indore,UPI,4.0
163,24-11-2021,Wednesday,Xiaomi,Redmi Note 10,1.0,16783.18,16783.18,Ravi Arora,43,Mumbai,Credit Card,3.0
2584,10/12/2023,Thursday,Samsung,Galaxy Note 20,3.0,34253.2,102759.59999999999,Vijay Singh,58,Gorakhpur,Credit Card,3.0
220,12/10/2021,Friday,Apple,iPhone 12,5.0,42122.25,210611.25,Sumit Verma,19,Jodhpur,Credit Card,4.0
3317,12-05-2024,Sunday,Xiaomi,Mi 11,7.0,68504.14,479528.98,Aditya Roy,42,Delhi,Debit Card,4.0
3272,04/29/2024,Monday,Xiaomi,Redmi Note 10,2.0,54309.04,108618.08,Anita Joshi,38,Vadodara,Debit Card,5.0
1468,12/01/2022,Thursday,Vivo,Vivo V20,5.0,29985.23,149926.15,Pankaj Desai,32,Mumbai,Credit Card,3.0
2689,11-11-2023,Saturday,Apple,iPhone 11,1.0,54033.72,54033.72,Prashant Arora,33,Ludhiana,Cash,4.0
1238,09/27/2022,Tuesday,Vivo,Vivo S1,4.0,45799.47,183197.88,Krishna Rathod,54,Delhi,Credit Card,3.0
926,07/01/2022,Friday,Samsung,Galaxy A51,7.0,57083.4,399583.8,Sunita Nair,58,Mumbai,Credit Card,3.0
2038,05/11/2023,Thursday,Vivo,Vivo V20,7.0,59480.87,416366.09,Deepika Dutta,29,Vadodara,Debit Card,5.0
548,03/13/2022,Sunday,Vivo,Vivo Y51,7.0,23426.7,163986.9,Kiran Singh,25,Mumbai,Cash,5.0
1860,03/22/2023,Wednesday,Apple,iPhone 11,5.0,35730.34,178651.69999999998,Manoj Goyal,45,Delhi,Credit Card,4.0
1732,02/13/2023,Monday,Samsung,Galaxy A51,7.0,54199.11,379393.77,Vivek Siddiqui,36,Delhi,Debit Card,5.0
3166,03/29/2024,Friday,Vivo,Vivo Y51,4.0,15145.06,60580.24,Kiran Solanki,20,Delhi,Debit Card,1.0
1367,03-11-2022,Thursday,OnePlus,OnePlus 8T,1.0,13872.15,13872.15,Sneha Ghosh,29,Rajkot,Debit Card,5.0
569,19-03-2022,Saturday,Apple,iPhone SE,3.0,32458.36,97375.08,Kiran Malhotra,26,Delhi,Debit Card,2.0
2125,04-06-2023,Sunday,Samsung,Galaxy A51,3.0,59098.91,177296.73,Sachin Goyal,30,Delhi,Credit Card,5.0
2317,29-07-2023,Saturday,Vivo,Vivo Y51,9.0,25069.5,225625.5,Ayesha Menon,39,Madurai,Cash,4.0
1499,09-12-2022,Friday,Apple,iPhone 11,9.0,41793.72,376143.48,Kavita Kaur,47,Mumbai,UPI,5.0
1537,20-12-2022,Tuesday,Xiaomi,Mi 11,6.0,27564.49,165386.94,Tapan Singh,22,Kanpur,Credit Card,5.0
2177,18-06-2023,Sunday,Samsung,Galaxy A51,8.0,34261.87,274094.96,Deepika Prasad,31,Mumbai,UPI,4.0
612,03/31/2022,Thursday,Samsung,Galaxy S21,7.0,63638.36,445468.52,Sachin Kaur,36,Delhi,Debit Card,4.0
3002,02/11/2024,Sunday,OnePlus,OnePlus Nord,3.0,26214.93,78644.79000000001,Ramesh Srivastava,47,Rajkot,Debit Card,5.0
3520,07/07/2024,Sunday,Samsung,Galaxy Note 20,9.0,39675.39,357078.51,Vivek Sheth,43,Ranchi,UPI,2.0
3040,02/22/2024,Thursday,Samsung,Galaxy Note 20,4.0,54574.52,218298.08,Aditya Jain,28,Rajkot,Credit Card,3.0
1726,02/11/2023,Saturday,Apple,iPhone 12,1.0,59925.68,59925.68,Shruti Ahuja,38,Madurai,Credit Card,3.0
743,09-05-2022,Monday,Vivo,Vivo V20,8.0,38198.71,305589.68,Navin Chaudhary,55,Bangalore,Credit Card,4.0
638,04/08/2022,Friday,Xiaomi,Redmi Note 10,6.0,11886.76,71320.56,Kavita Goyal,31,Mumbai,UPI,5.0
3510,07/04/2024,Thursday,Vivo,Vivo S1,3.0,67574.36,202723.08000000002,Rohan Patel,59,Ludhiana,UPI,2.0
2631,25-10-2023,Wednesday,Vivo,Vivo Y51,6.0,65839.75,395038.5,Jyoti Jain,45,Mumbai,UPI,3.0
2535,27-09-2023,Wednesday,Vivo,Vivo S1,5.0,24928.98,124644.9,Pooja Deshmukh,33,Rajkot,Credit Card,2.0
3391,03-06-2024,Monday,Apple,iPhone 12,8.0,48565.11,388520.88,Neeta Sharma,47,Patna,Debit Card,5.0
49,23-10-2021,Sat,Vivo,Vivo Y51,2.0,65269.76,130539.52,Monika Thakur,40,Mumbai,UPI,5.0
2514,09/22/2023,Friday,Apple,iPhone 11,8.0,27417.67,219341.36,Rohan Mishra,46,Mumbai,UPI,4.0
922,06/30/2022,Thursday,OnePlus,OnePlus Nord,2.0,30743.82,61487.64,Manoj Jain,38,Delhi,Debit Card,5.0
3423,12-06-2024,Wednesday,Xiaomi,Mi 11,2.0,46010.92,92021.84,Prashant Jain,30,Mumbai,Cash,5.0
757,13-05-2022,Friday,Apple,iPhone 12,9.0,27617.94,248561.46,Namita Mehta,46,Rajkot,Debit Card,4.0
1227,24-09-2022,Saturday,Apple,iPhone SE,5.0,69765.32,348826.60000000003,Sumit Malhotra,34,Madurai,UPI,3.0
2273,16-07-2023,Sunday,Samsung,Galaxy A51,6.0,57471.83,344830.98,Manoj Kapoor,54,Ludhiana,UPI,5.0
1768,02/24/2023,Friday,Samsung,Galaxy S21,6.0,11388.81,68332.86,Rohan Menon,41,Delhi,Cash,4.0
2212,06/28/2023,Wednesday,Samsung,Galaxy A51,3.0,34868.86,104606.58,Bhavana Mishra,42,Ludhiana,Cash,5.0
2084,05/24/2023,Wednesday,Xiaomi,Redmi 9,8.0,58165.94,465327.52,Tapan Patel,57,Lucknow,Credit Card,2.0
1222,09/22/2022,Thursday,Samsung,Galaxy S21,6.0,57450.98,344705.88,Manoj Sharma,33,Gorakhpur,Credit Card,1.0
2650,10/31/2023,Tuesday,OnePlus,OnePlus Nord,6.0,45230.75,271384.5,Lalita Desai,53,Bangalore,Debit Card,5.0
3492,06/29/2024,Saturday,Apple,iPhone SE,3.0,66475.49,199426.47000000003,Deepika Patel,46,Delhi,Cash,5.0
3419,11-06-2024,Tuesday,Xiaomi,Redmi 9,8.0,46811.67,374493.36,Anita Deshmukh,46,Lucknow,Debit Card,5.0
2340,08/05/2023,Saturday,Samsung,Galaxy Note 20,7.0,24718.28,173027.96,Kiran Siddiqui,57,Delhi,Credit Card,4.0
2437,31-08-2023,Thursday,Vivo,Vivo V20,7.0,25520.91,178646.37,Manoj Iyer,53,Madurai,UPI,4.0
1188,09/13/2022,Tuesday,Samsung,Galaxy Note 20,4.0,16367.53,65470.12,Amit Goyal,54,Ludhiana,Debit Card,3.0
2678,11/08/2023,Wednesday,OnePlus,OnePlus 8T,6.0,67950.33,407701.98,Rajesh Desai,58,Delhi,UPI,5.0
1396,11/11/2022,Friday,Xiaomi,Redmi 9,7.0,35145.27,246016.88999999998,Sneha Patel,27,Patna,UPI,4.0
3540,07/13/2024,Saturday,Vivo,Vivo Y51,9.0,33510.58,301595.22000000003,Aditya Jain,59,Delhi,Credit Card,4.0
1801,06-03-2023,Monday,Apple,iPhone 11,6.0,60515.84,363095.04,Priya Dutta,34,Delhi,Credit Card,5.0
2346,08/06/2023,Sunday,Samsung,Galaxy A51,3.0,56679.07,170037.21,Krishna Goyal,25,Jodhpur,Debit Card,5.0
3463,22-06-2024,Saturday,Samsung,Galaxy S21,2.0,11534.74,23069.48,Anjali Gupta,47,Bangalore,Debit Card,2.0
3405,07-06-2024,Friday,Samsung,Galaxy S21,4.0,50221.22,200884.88,Vijay Shah,45,Rajkot,Credit Card,5.0
1922,04/09/2023,Sunday,Samsung,Galaxy Note 20,2.0,26682.92,53365.84,Ramesh Gupta,28,Patna,UPI,1.0
1065,09-08-2022,Tuesday,Apple,iPhone SE,8.0,43660.41,349283.28,Priya Siddiqui,57,Bangalore,UPI,4.0
2969,01-02-2024,Thursday,Vivo,Vivo S1,4.0,52490.2,209960.8,Namita Bhatnagar,41,Rajkot,UPI,1.0
2197,24-06-2023,Saturday,Samsung,Galaxy S21,5.0,37084.46,185422.3,Mala Goyal,58,Delhi,Credit Card,2.0
2511,21-09-2023,Thursday,Samsung,Galaxy S21,9.0,14279.38,128514.42,Neeta Singh,42,Mumbai,Credit Card,5.0
3608,08/02/2024,Friday,Samsung,Galaxy S21,4.0,51617.06,206468.24,Kavita Teja,46,Bangalore,UPI,5.0
1715,08-02-2023,Wednesday,Vivo,Vivo S1,4.0,23995.1,95980.4,Tanuja Teja,20,Delhi,Cash,3.0
1513,13-12-2022,Tuesday,Xiaomi,Redmi Note 10,4.0,59017.46,236069.84,Vijay Das,25,Delhi,Cash,5.0
3017,15-02-2024,Thursday,Vivo,Vivo V20,7.0,38157.39,267101.73,Kavita Solanki,41,Gorakhpur,UPI,2.0
2283,19-07-2023,Wednesday,Xiaomi,Mi 11,7.0,30855.99,215991.93000000002,Kunal Malhotra,41,Delhi,Credit Card,4.0
1147,01-09-2022,Thursday,Apple,iPhone 12,3.0,64583.61,193750.83000000002,Aditya Joshi,40,Delhi,Credit Card,4.0
868,06/13/2022,Monday,OnePlus,OnePlus 9,5.0,63790.26,318951.3,Deepika Gupta,57,Indore,Debit Card,5.0
927,01-07-2022,Friday,Samsung,Galaxy S21,6.0,59587.22,357523.32,Bina Nair,57,Bangalore,Debit Card,5.0
998,07/20/2022,Wednesday,OnePlus,OnePlus 9,9.0,22814.04,205326.36000000002,Yogesh Luthra,39,Mumbai,Cash,5.0
2906,01/13/2024,Saturday,Samsung,Galaxy A51,2.0,67159.93,134319.86,Sanjay Sheth,50,Delhi,Debit Card,2.0
3755,15-09-2024,Sunday,Vivo,Vivo Y51,3.0,29052.74,87158.22,Sumit Sharma,26,Jodhpur,UPI,5.0
1421,18-11-2022,Friday,OnePlus,OnePlus 8T,7.0,24517.64,171623.47999999998,Vijay Patel,55,Mumbai,Cash,1.0
211,07-12-2021,Tuesday,Xiaomi,Redmi 9,1.0,55220.83,55220.83,Navin Sharma,55,Ranchi,Credit Card,5.0
1555,25-12-2022,Sunday,Samsung,Galaxy Note 20,5.0,16354.94,81774.7,Sunil Siddiqui,38,Delhi,Debit Card,5.0
60,10/26/2021,Tue,Apple,iPhone 11,8.0,26980.04,215840.32,Jyoti Bhattacharya,20,Kanpur,UPI,2.0
3637,10-08-2024,Saturday,OnePlus,OnePlus 9,5.0,35361.22,176806.1,Tanuja Gupta,20,Mumbai,Debit Card,5.0
2228,07/03/2023,Monday,OnePlus,OnePlus 8T,5.0,55444.13,277220.64999999997,Kiran Gupta,24,Kolkata,Debit Card,1.0
3745,13-09-2024,Friday,Samsung,Galaxy S21,8.0,10131.05,81048.4,Vivek Sheth,36,Mumbai,Credit Card,5.0
3107,12-03-2024,Tuesday,Vivo,Vivo S1,7.0,39186.8,274307.60000000003,Vivek Deshmukh,46,Delhi,Debit Card,2.0
766,05/16/2022,Monday,Apple,iPhone 11,7.0,66037.08,462259.56,Meena Joshi,30,Mumbai,Credit Card,5.0
1994,04/28/2023,Friday,OnePlus,OnePlus Nord,2.0,16771.49,33542.98,Anjali Kulkarni,51,Delhi,UPI,2.0
3114,03/14/2024,Thursday,Xiaomi,Redmi 9,5.0,64901.95,324509.75,Pankaj Varma,35,Delhi,UPI,3.0
1079,13-08-2022,Saturday,Samsung,Galaxy Note 20,7.0,35674.88,249724.15999999997,Navin Kapoor,38,Delhi,Credit Card,4.0
1111,22-08-2022,Monday,Samsung,Galaxy A51,4.0,34248.91,136995.64,Mala Mathur,43,Delhi,Credit Card,3.0
1585,02-01-2023,Monday,Samsung,Galaxy A51,5.0,44298.2,221491.0,Meena Rathod,57,Ranchi,Credit Card,5.0
2005,02-05-2023,Tuesday,Vivo,Vivo S1,3.0,43621.12,130863.36000000002,Lalita Bhatnagar,18,Bhopal,Debit Card,1.0
1930,04/11/2023,Tuesday,OnePlus,OnePlus Nord,1.0,22855.33,22855.33,Isha Gupta,43,Hyderabad,Debit Card,2.0
583,22-03-2022,Tuesday,Xiaomi,Redmi 9,6.0,27749.36,166496.16,Jyoti Mehta,19,Chennai,UPI,5.0
1193,14-09-2022,Wednesday,Vivo,Vivo Y51,2.0,58258.28,116516.56,Navin Gupta,50,Ludhiana,UPI,1.0
1109,21-08-2022,Sunday,Vivo,Vivo V20,8.0,46943.56,375548.48,Deepika Reddy,33,Gorakhpur,Debit Card,4.0
941,05-07-2022,Tuesday,Vivo,Vivo Y51,7.0,66148.94,463042.58,Sachin Shah,37,Lucknow,Debit Card,4.0
1081,13-08-2022,Saturday,OnePlus,OnePlus 8T,6.0,47599.52,285597.12,Ramesh Solanki,45,Delhi,Debit Card,3.0
188,12/01/2021,Wednesday,Xiaomi,Redmi Note 10,4.0,16210.78,64843.12,Neeta Menon,59,Jodhpur,Credit Card,3.0
3791,26-09-2024,Thursday,Samsung,Galaxy A51,3.0,53321.27,159963.81,Lalita Alva,48,Madurai,Debit Card,5.0
2785,08-12-2023,Friday,OnePlus,OnePlus Nord,4.0,14992.11,59968.44,Meena Thakur,19,Delhi,UPI,4.0
2576,10/09/2023,Monday,Apple,iPhone 12,9.0,39413.32,354719.88,Sunil Arora,19,Mumbai,Credit Card,2.0
3683,24-08-2024,Saturday,OnePlus,OnePlus 8T,9.0,29004.83,261043.47000000003,Rajesh Desai,36,Mumbai,UPI,2.0
2303,25-07-2023,Tuesday,Apple,iPhone 11,7.0,32626.72,228387.04,Kiran Solanki,35,Bangalore,UPI,5.0
2999,10-02-2024,Saturday,OnePlus,OnePlus 8T,1.0,26745.11,26745.11,Yogesh Luthra,25,Delhi,UPI,4.0
227,13-12-2021,Monday,Vivo,Vivo S1,8.0,33696.71,269573.68,Bhavana Jain,39,Delhi,Debit Card,3.0
2971,02-02-2024,Friday,Samsung,Galaxy Note 20,3.0,25014.78,75044.34,Pankaj Mathur,38,Mumbai,UPI,5.0
536,03/09/2022,Wednesday,Xiaomi,Mi 11,7.0,27560.29,192922.03,Anita Patel,27,Delhi,Debit Card,5.0
1115,23-08-2022,Tuesday,Vivo,Vivo S1,2.0,12172.44,24344.88,Sanjay Pathak,46,Delhi,UPI,5.0
3615,04-08-2024,Sunday,Vivo,Vivo V20,6.0,25377.59,152265.54,Devendra Menon,23,Kanpur,UPI,2.0
698,04/26/2022,Tuesday,Xiaomi,Redmi Note 10,9.0,13287.22,119584.98,Amit Ghosh,46,Rajkot,UPI,5.0
1504,12/11/2022,Sunday,OnePlus,OnePlus 8T,4.0,33400.96,133603.84,Amit Ahuja,49,Bhopal,Debit Card,5.0
2367,12-08-2023,Saturday,Xiaomi,Mi 11,3.0,27181.96,81545.88,Vinod Joshi,59,Mumbai,UPI,3.0
3484,06/27/2024,Thursday,OnePlus,OnePlus 9,9.0,20027.95,180251.55000000002,Tapan Mishra,33,Rajkot,Debit Card,5.0
3797,28-09-2024,Saturday,Samsung,Galaxy A51,2.0,49310.33,98620.66,Sumit Reddy,30,Delhi,Debit Card,4.0
1038,08/01/2022,Monday,OnePlus,OnePlus 8T,4.0,10590.81,42363.24,Devendra Mathur,19,Kolkata,Debit Card,4.0
209,07-12-2021,Tuesday,Vivo,Vivo V20,9.0,51752.89,465776.01,Bhavana Yadav,59,Delhi,Cash,5.0
3478,06/26/2024,Wednesday,Xiaomi,Mi 11,2.0,53152.69,106305.38,Rajesh Kapoor,26,Delhi,Credit Card,5.0
566,03/18/2022,Friday,Samsung,Galaxy A51,4.0,69854.96,279419.84,Mala Siddiqui,59,Ranchi,Cash,5.0
314,01/06/2022,Thursday,Apple,iPhone SE,7.0,59781.74,418472.18,Rohan Prasad,54,Ludhiana,Debit Card,5.0
602,03/28/2022,Monday,Apple,iPhone SE,9.0,44613.0,401517.0,Lata Shah,26,Bangalore,UPI,5.0
234,12/14/2021,Tuesday,Xiaomi,Redmi 9,7.0,59020.03,413140.20999999996,Manoj Siddiqui,18,Delhi,Credit Card,5.0
2289,21-07-2023,Friday,Samsung,Galaxy A51,9.0,57145.16,514306.44000000006,Pooja Pathak,26,Patna,Debit Card,4.0
3635,10-08-2024,Saturday,Xiaomi,Redmi Note 10,3.0,40748.48,122245.44,Aditya Nair,27,Rajkot,Cash,4.0
3101,10-03-2024,Sunday,Xiaomi,Redmi 9,2.0,48757.86,97515.72,Ayesha Dutta,29,Ranchi,Credit Card,1.0
3450,06/19/2024,Wednesday,Apple,iPhone 11,6.0,39923.82,239542.91999999998,Mala Roy,47,Delhi,Debit Card,5.0
112,11/09/2021,Tuesday,OnePlus,OnePlus 8T,7.0,56455.07,395185.49,Tapan Gupta,37,Gorakhpur,Cash,5.0
2258,07/12/2023,Wednesday,OnePlus,OnePlus 9,8.0,48620.75,388966.0,Pankaj Sheth,38,Bangalore,Credit Card,2.0
1090,08/16/2022,Tuesday,Apple,iPhone 11,3.0,59608.43,178825.29,Manoj Mehta,53,Rajkot,Debit Card,5.0
2640,10/28/2023,Saturday,Samsung,Galaxy A51,6.0,44734.99,268409.94,Ayesha Menon,37,Hyderabad,Cash,5.0
2267,14-07-2023,Friday,Vivo,Vivo V20,6.0,50109.32,300655.92,Nikhil Ahuja,51,,Debit Card,3.0
3054,02/26/2024,Monday,Vivo,Vivo S1,9.0,30880.8,277927.2,Devendra Varma,30,Chennai,Credit Card,1.0
1264,10/04/2022,Tuesday,Apple,iPhone 11,8.0,57072.19,456577.52,Radha Mathur,51,Ranchi,Debit Card,3.0
473,17-02-2022,Thursday,Xiaomi,Redmi Note 10,3.0,40381.03,121143.09,Shruti Chaudhary,57,Delhi,UPI,5.0
1984,04/26/2023,Wednesday,OnePlus,OnePlus 8T,1.0,37496.99,37496.99,Gita Teja,57,Delhi,Credit Card,1.0
1453,26-11-2022,Saturday,OnePlus,OnePlus 8T,8.0,39400.26,315202.08,Deepika Reddy,19,Delhi,Cash,5.0
2158,06/13/2023,Tuesday,OnePlus,OnePlus 8T,6.0,69506.73,417040.38,Arun Iyer,19,Delhi,Cash,5.0
3340,05/18/2024,Saturday,Xiaomi,Mi 11,1.0,30297.14,30297.14,Deepika Das,55,Mumbai,Cash,4.0
1269,06-10-2022,Thursday,Samsung,Galaxy S21,1.0,67367.97,67367.97,Sunil Rao,48,Coimbatore,Credit Card,4.0
362,01/18/2022,Tuesday,Samsung,Galaxy A51,2.0,53308.03,106616.06,Ravi Patel,51,Kanpur,UPI,3.0
136,11/16/2021,Tuesday,Apple,iPhone SE,8.0,36310.48,290483.84,Isha Desai,55,Delhi,UPI,3.0
1135,29-08-2022,Monday,Xiaomi,Redmi Note 10,7.0,53318.62,373230.34,Deepika Menon,46,Mumbai,Debit Card,5.0
2619,22-10-2023,Sunday,Apple,iPhone SE,2.0,59978.92,119957.84,Yogesh Menon,49,Bhopal,Cash,5.0
1054,08/06/2022,Saturday,OnePlus,OnePlus 8T,8.0,56660.82,453286.56,Lata Mehta,58,Ranchi,Credit Card,5.0
3487,28-06-2024,Friday,Samsung,Galaxy Note 20,1.0,29806.71,29806.71,Shruti Mehta,31,Patna,Cash,4.0
23,15-10-2021,Fri,Vivo,Vivo S1,5.0,59765.73,298828.65,Rajesh Sheth,20,Kolkata,Credit Card,5.0
1721,10-02-2023,Friday,OnePlus,OnePlus 8T,8.0,65893.9,527151.2,Aditya Arora,27,Madurai,Credit Card,5.0
1290,10/12/2022,Wednesday,Samsung,Galaxy A51,4.0,20312.42,81249.68,Sunil Chaudhary,51,Delhi,Debit Card,5.0
1458,11/28/2022,Monday,Apple,iPhone SE,2.0,18204.12,36408.24,Ayesha Singh,58,Patna,Cash,3.0
696,04/25/2022,Monday,Xiaomi,Redmi Note 10,7.0,44021.97,308153.79000000004,Navin Pathak,46,Coimbatore,UPI,4.0
421,03-02-2022,Thursday,Xiaomi,Redmi 9,5.0,60014.45,300072.25,Tapan Mathur,59,Mumbai,Debit Card,5.0
2155,12-06-2023,Monday,Apple,iPhone 12,5.0,20871.67,104358.34999999999,Rajesh Prasad,48,Hyderabad,UPI,2.0
461,14-02-2022,Monday,Apple,iPhone 11,2.0,63025.72,126051.44,Namita Sheth,21,Delhi,Credit Card,5.0
1068,08/10/2022,Wednesday,OnePlus,OnePlus Nord,7.0,64806.68,453646.76,Navin Solanki,34,Mumbai,Debit Card,5.0
88,11/03/2021,Wednesday,Xiaomi,Redmi 9,5.0,28662.2,143311.0,Sneha Rao,47,Delhi,Cash,3.0
283,28-12-2021,Tuesday,OnePlus,OnePlus Nord,7.0,36510.94,255576.58000000002,Isha Ghosh,21,Chennai,Credit Card,3.0
1942,04/14/2023,Friday,Vivo,Vivo S1,1.0,42969.37,42969.37,Sunil Arora,18,Kolkata,Credit Card,2.0
3067,29-02-2024,Thursday,Samsung,Galaxy Note 20,5.0,67926.53,339632.65,Harish Kapoor,49,Kanpur,Debit Card,2.0
2921,17-01-2024,Wednesday,Samsung,Galaxy S21,4.0,38217.04,152868.16,Tanuja Roy,27,Delhi,Debit Card,4.0
3648,08/14/2024,Wednesday,OnePlus,OnePlus 8T,4.0,36227.46,144909.84,Anand Thakur,52,Bhopal,UPI,5.0
1776,02/27/2023,Monday,OnePlus,OnePlus 9,4.0,43129.65,172518.6,Bina Jain,54,Mumbai,Cash,4.0
860,06/11/2022,Saturday,Samsung,Galaxy Note 20,2.0,66698.02,133396.04,Devendra Rao,35,Indore,UPI,2.0
534,03/08/2022,Tuesday,Samsung,Galaxy Note 20,2.0,47851.06,95702.12,Rajesh Yadav,58,Kanpur,Cash,2.0
3127,18-03-2024,Monday,Apple,iPhone 12,8.0,42326.36,338610.88,Bhavana Luthra,33,Delhi,Debit Card,1.0
1589,03-01-2023,Tuesday,Xiaomi,Mi 11,2.0,55541.68,111083.36,Reena Patel,48,Mumbai,UPI,4.0
3616,08/04/2024,Sunday,Apple,iPhone SE,9.0,41712.39,375411.51,Umesh Nair,30,Ranchi,Debit Card,3.0
3001,10-02-2024,Saturday,Vivo,Vivo Y51,8.0,22136.63,177093.04,Krishna Pillai,37,Hyderabad,Credit Card,3.0
3331,16-05-2024,Thursday,Samsung,Galaxy Note 20,4.0,19402.56,77610.24,Radha Kumar,58,Delhi,Debit Card,5.0
2697,13-11-2023,Monday,Apple,iPhone 12,5.0,19775.0,98875.0,Meena Thakur,43,Mumbai,Credit Card,2.0
1357,31-10-2022,Monday,OnePlus,OnePlus 8T,7.0,43742.7,306198.89999999997,Nikhil Kapoor,34,Kanpur,Cash,1.0
3784,09/24/2024,Tuesday,Xiaomi,Redmi 9,7.0,31382.95,219680.65,Monika Goyal,25,Kolkata,Credit Card,2.0
2534,09/27/2023,Wednesday,Apple,iPhone SE,5.0,44930.84,224654.19999999998,Tapan Bhattacharya,58,Delhi,Debit Card,4.0
1518,12/15/2022,Thursday,Xiaomi,Redmi Note 10,2.0,58951.32,117902.64,Pooja Deshmukh,58,Mumbai,Debit Card,1.0
3095,08-03-2024,Friday,Apple,iPhone 11,7.0,48611.45,340280.14999999997,Anjali Jain,54,Delhi,Cash,2.0
3802,09/30/2024,Monday,Xiaomi,Redmi Note 10,9.0,68154.44,613389.96,Monika Rathod,34,Kanpur,Credit Card,4.0
1425,19-11-2022,Saturday,Xiaomi,Redmi Note 10,1.0,,53841.05,Kavita Rawat,31,Patna,Credit Card,5.0
943,06-07-2022,Wednesday,Vivo,Vivo V20,7.0,15063.28,105442.96,Ravi Reddy,40,Delhi,Debit Card,4.0
3695,28-08-2024,Wednesday,Xiaomi,Redmi 9,2.0,69810.93,139621.86,Aditya Deshmukh,30,Chennai,Cash,5.0
1293,13-10-2022,Thursday,Samsung,Galaxy S21,9.0,21079.07,189711.63,Priyanka Pathak,55,Mumbai,Debit Card,5.0
2805,14-12-2023,Thursday,Xiaomi,Redmi Note 10,2.0,46217.93,92435.86,Amit Goyal,30,Bangalore,Debit Card,4.0
1972,04/22/2023,Saturday,OnePlus,OnePlus 8T,1.0,12839.47,12839.47,Anjali Nambiar,25,Hyderabad,Credit Card,5.0
888,06/19/2022,Sunday,Samsung,Galaxy A51,9.0,56138.81,505249.29,Reena Teja,42,Delhi,Debit Card,5.0
2731,23-11-2023,Thursday,Samsung,Galaxy Note 20,8.0,48401.82,387214.56,Anita Dutta,33,Lucknow,UPI,4.0
686,04/22/2022,Friday,Apple,iPhone 12,6.0,44911.92,269471.52,Harish Mehta,57,Hyderabad,UPI,5.0
414,02/01/2022,Tuesday,Xiaomi,Redmi Note 10,5.0,37042.36,185211.8,Anjali Patel,31,Mumbai,Credit Card,3.0
790,05/23/2022,Monday,Apple,iPhone 11,5.0,49197.37,245986.85,Amit Sheth,45,Mumbai,Credit Card,3.0
3488,06/28/2024,Friday,Apple,iPhone 11,1.0,29337.85,29337.85,Sneha Mehta,55,Hyderabad,Debit Card,4.0
2270,07/15/2023,Saturday,Xiaomi,Redmi Note 10,9.0,42469.69,382227.21,Priyanka Mishra,54,Delhi,Credit Card,3.0
3102,03/10/2024,Sunday,Samsung,Galaxy A51,8.0,36088.09,288704.72,Bhavana Mathur,58,Mumbai,Debit Card,4.0
2949,26-01-2024,Friday,Vivo,Vivo S1,85.0,33386.52,300478.68,Priya Kaur,56,Delhi,Debit Card,2.0
1477,03-12-2022,Saturday,Apple,iPhone SE,2.0,51451.21,102902.42,Aditya Menon,31,Mumbai,Credit Card,4.0
2441,02-09-2023,Saturday,Apple,iPhone SE,6.0,60118.39,360710.33999999997,Amit Sheth,19,Indore,Cash,5.0
273,25-12-2021,Saturday,Apple,iPhone 12,5.0,47825.06,239125.3,Pooja Arora,39,Mumbai,UPI,5.0
3195,06-04-2024,Saturday,Xiaomi,Redmi Note 10,8.0,62507.32,500058.56,Sunil Kumar,49,Jodhpur,UPI,3.0
522,03/04/2022,Friday,Xiaomi,Redmi Note 10,6.0,16315.91,97895.45999999999,Lalita Kaur,24,Vadodara,Debit Card,5.0
523,05-03-2022,Saturday,OnePlus,OnePlus 8T,9.0,44360.97,399248.73,Isha Menon,43,Delhi,Credit Card,2.0
1766,02/24/2023,Friday,Vivo,Vivo Y51,6.0,31383.19,188299.13999999998,Manoj Jain,33,Jodhpur,UPI,5.0
351,15-01-2022,Saturday,Samsung,Galaxy Note 20,6.0,51006.07,306036.42,Kavita Iyer,32,Madurai,Cash,5.0
1495,08-12-2022,Thursday,OnePlus,OnePlus 9,8.0,49681.62,397452.96,Anita Mathur,51,Ludhiana,Debit Card,4.0
1718,02/09/2023,Thursday,Xiaomi,Redmi Note 10,2.0,47047.76,94095.52,Sunil Iyer,40,Delhi,Credit Card,1.0
2989,07-02-2024,Wednesday,Samsung,Galaxy A51,8.0,43612.56,348900.48,Yogesh Luthra,56,Mumbai,UPI,3.0
1430,11/20/2022,Sunday,OnePlus,OnePlus 9,9.0,60602.4,545421.6,Pooja Roy,42,Delhi,Debit Card,5.0
652,04/12/2022,Tuesday,Apple,iPhone SE,9.0,65770.34,591933.0599999999,Arun Dutta,33,Mumbai,Debit Card,3.0
3255,24-04-2024,Wednesday,Vivo,Vivo S1,4.0,54929.65,219718.6,Bhavana Varma,28,Coimbatore,Credit Card,4.0
3310,05/09/2024,Thursday,Xiaomi,Redmi Note 10,4.0,56831.23,227324.92,Radha Sharma,21,Bangalore,Debit Card,1.0
3785,25-09-2024,Wednesday,Vivo,Vivo S1,9.0,25369.05,228321.44999999998,Deepika Desai,42,Delhi,Cash,3.0
1418,11/17/2022,Thursday,Vivo,Vivo V20,2.0,25679.7,51359.4,Yogesh Mishra,22,Gorakhpur,Credit Card,3.0
3660,08/17/2024,Saturday,Vivo,Vivo V20,8.0,60803.32,486426.56,Ravi Kaur,35,Jodhpur,UPI,5.0
2788,12/09/2023,Saturday,Vivo,Vivo Y51,6.0,55893.17,335359.02,Vivek Yadav,47,Delhi,Cash,4.0
1784,03/01/2023,Wednesday,Xiaomi,Redmi Note 10,7.0,15224.92,106574.44,Nikhil Deshmukh,43,Kolkata,Credit Card,3.0
169,25-11-2021,Thursday,Apple,iPhone 11,2.0,23473.57,46947.14,Namita Desai,23,Lucknow,Credit Card,5.0
3563,20-07-2024,Saturday,Xiaomi,Mi 11,4.0,43785.66,175142.64,Aditya Nair,26,Delhi,Cash,3.0
963,11-07-2022,Monday,Vivo,Vivo V20,9.0,51211.99,460907.91,Sanjay Roy,53,Gorakhpur,UPI,2.0
946,07/06/2022,Wednesday,Samsung,Galaxy A51,7.0,12153.57,85074.98999999999,Pankaj Alva,48,Bangalore,Debit Card,5.0
463,15-02-2022,Tuesday,Samsung,Galaxy Note 20,4.0,61524.54,246098.16,Vinod Goyal,34,Mumbai,Cash,3.0
1834,03/14/2023,Tuesday,Apple,iPhone 11,5.0,60133.89,300669.45,Manoj Kulkarni,37,Indore,Debit Card,4.0
329,09-01-2022,Sunday,Xiaomi,Mi 11,6.0,20564.96,123389.76,Krishna Menon,35,Chennai,Cash,5.0
3787,25-09-2024,Wednesday,OnePlus,OnePlus 8T,6.0,66931.83,401590.98,Shruti Dutta,27,Delhi,Debit Card,4.0
3835,08-10-2024,Tuesday,Samsung,Galaxy A51,1.0,50375.07,50375.07,Sanjay Malhotra,37,Patna,UPI,3.0
368,01/20/2022,Thursday,OnePlus,OnePlus 9,5.0,58756.76,293783.8,Tapan Deshmukh,24,Delhi,Debit Card,4.0
3318,05/12/2024,Sunday,Xiaomi,Redmi 9,4.0,62408.39,249633.56,Vijay Varma,45,Delhi,Debit Card,4.0
3430,06/13/2024,Thursday,Samsung,Galaxy Note 20,8.0,44891.83,359134.64,Navin Pathak,44,Bangalore,UPI,2.0
2100,05/28/2023,Sunday,Vivo,Vivo Y51,7.0,51355.7,359489.89999999997,Priyanka Nambiar,33,Kolkata,Credit Card,5.0
2699,14-11-2023,Tuesday,Xiaomi,Mi 11,6.0,43281.95,259691.69999999998,Krishna Reddy,56,Lucknow,Debit Card,4.0
773,18-05-2022,Wednesday,Xiaomi,Mi 11,5.0,58039.84,290199.19999999995,Rohan Sheth,24,Delhi,Cash,5.0
2440,09/01/2023,Friday,Vivo,Vivo Y51,2.0,26943.83,53887.66,Jyoti Bhattacharya,48,Delhi,Credit Card,5.0
3439,16-06-2024,Sunday,Samsung,Galaxy A51,2.0,20747.16,41494.32,Bina Teja,32,Delhi,UPI,5.0
3021,16-02-2024,Friday,Samsung,Galaxy S21,2.0,48564.76,97129.52,Ravi Ghosh,29,Mumbai,Credit Card,2.0
499,26-02-2022,Saturday,Apple,iPhone 12,8.0,26442.5,211540.0,Rajesh Ghosh,46,Mumbai,UPI,5.0
3618,08/05/2024,Monday,Vivo,Vivo S1,9.0,51250.13,461251.17,Anand Siddiqui,36,Delhi,UPI,2.0
436,02/07/2022,Monday,Vivo,Vivo Y51,2.0,64086.81,128173.62,Harish Teja,43,Kanpur,UPI,3.0
366,01/19/2022,Wednesday,Samsung,Galaxy S21,7.0,43599.62,305197.34,Vivek Rawat,47,Mumbai,Debit Card,4.0
1262,10/04/2022,Tuesday,Xiaomi,Mi 11,2.0,36829.63,73659.26,Meena Yadav,40,Mumbai,Debit Card,5.0
277,26-12-2021,Sunday,OnePlus,OnePlus 9,2.0,14318.85,28637.7,Pooja Solanki,59,Delhi,Debit Card,5.0
2539,28-09-2023,Thursday,Xiaomi,Redmi 9,6.0,36352.63,218115.77999999997,Namita Rao,21,Hyderabad,Credit Card,3.0
2149,11-06-2023,Sunday,OnePlus,OnePlus Nord,5.0,45418.79,227093.95,Tapan Varma,49,Hyderabad,UPI,5.0
1745,17-02-2023,Friday,Vivo,Vivo V20,6.0,12223.12,73338.72,Yogesh Shah,56,Lucknow,UPI,5.0
408,01/30/2022,Sunday,Samsung,Galaxy S21,1.0,41227.37,41227.37,Krishna Sharma,41,Ludhiana,Cash,5.0
1361,01-11-2022,Tuesday,Apple,iPhone 12,1.0,38222.29,38222.29,Kiran Chaudhary,44,Mumbai,Debit Card,1.0
2024,05/07/2023,Sunday,Apple,iPhone SE,9.0,16695.64,150260.76,Isha Desai,53,Mumbai,Debit Card,5.0
2355,09-08-2023,Wednesday,Apple,iPhone 12,4.0,52904.58,211618.32,Monika Solanki,50,Mumbai,Debit Card,2.0
845,06-06-2022,Monday,Vivo,Vivo V20,9.0,29726.46,267538.14,Tanuja Goyal,25,Delhi,UPI,5.0
1913,06-04-2023,Thursday,OnePlus,OnePlus 8T,3.0,67863.01,203589.02999999997,Tanuja Teja,57,Mumbai,Cash,5.0
1331,23-10-2022,Sunday,Samsung,Galaxy S21,9.0,41668.44,375015.96,Ramesh Gupta,36,Lucknow,Debit Card,4.0
1978,04/24/2023,Monday,Apple,iPhone SE,9.0,41927.96,377351.64,Pankaj Teja,26,Delhi,Cash,5.0
1427,19-11-2022,Saturday,Xiaomi,Mi 11,5.0,64712.35,323561.75,Radha Kulkarni,43,Delhi,UPI,5.0
3472,06/24/2024,Monday,Samsung,Galaxy A51,7.0,57383.7,401685.89999999997,Ramesh Mishra,31,Mumbai,Credit Card,5.0
1551,24-12-2022,Saturday,Samsung,Galaxy Note 20,5.0,27637.68,138188.4,Shruti Dutta,31,Mumbai,Cash,1.0
1939,13-04-2023,Thursday,Vivo,Vivo V20,6.0,41896.04,251376.24,Deepika Desai,34,Delhi,Credit Card,1.0
1371,04-11-2022,Friday,Vivo,Vivo S1,3.0,58432.66,175297.98,Tapan Rawat,49,Delhi,UPI,5.0
856,06/10/2022,Friday,Samsung,Galaxy S21,8.0,43851.69,350813.52,Rohan Dutta,56,Delhi,Debit Card,5.0
1498,12/09/2022,Friday,Xiaomi,Redmi 9,1.0,51858.78,51858.78,Neeta Kumar,30,Ranchi,UPI,1.0
79,01-11-2021,Monday,Apple,iPhone SE,9.0,250000.0,2250000.0,Bina Mishra,50,Lucknow,Debit Card,3.0
945,06-07-2022,Wednesday,Samsung,Galaxy S21,2.0,11135.66,22271.32,Lalita Kaur,42,Rajkot,Credit Card,
200,12/04/2021,Saturday,Samsung,Galaxy Note 20,2.0,44168.59,88337.18,Navin Verma,30,Madurai,UPI,5.0
1578,01/01/2023,Sunday,Apple,iPhone 12,1.0,47838.17,47838.17,Priya Bhattacharya,42,Bangalore,Cash,1.0
2544,09/29/2023,Friday,Xiaomi,Redmi Note 10,2.0,19352.84,38705.68,Shruti Menon,26,Indore,Cash,4.0
802,05/26/2022,Thursday,OnePlus,OnePlus Nord,1.0,34312.91,34312.91,Kiran Siddiqui,22,Kanpur,Cash,5.0
2311,27-07-2023,Thursday,Vivo,Vivo Y51,1.0,51716.45,51716.45,Shruti Roy,18,Chennai,Cash,3.0
3733,09-09-2024,Monday,Vivo,Vivo Y51,3.0,66072.22,198216.66,Lalita Rathod,36,Ranchi,UPI,4.0
1628,01/14/2023,Saturday,Xiaomi,Redmi Note 10,3.0,38738.23,116214.69,Sachin Chaudhary,18,Hyderabad,Debit Card,4.0
232,12/14/2021,Tuesday,Xiaomi,Redmi 9,8.0,57140.15,457121.2,Bhavana Jain,49,Delhi,Cash,5.0
2442,09/02/2023,Saturday,OnePlus,OnePlus 8T,2.0,29010.7,58021.4,Prashant Rathod,35,Mumbai,UPI,4.0
1848,03/18/2023,Saturday,Samsung,Galaxy A51,2.0,19229.56,38459.12,Ravi Bhattacharya,32,Kanpur,UPI,3.0
3678,08/23/2024,Friday,Xiaomi,Redmi Note 10,2.0,59966.5,119933.0,Umesh Patel,19,Ludhiana,Credit Card,5.0
3830,10/07/2024,Monday,Samsung,Galaxy S21,3.0,40647.52,121942.56,Meena Sheth,21,Delhi,Cash,5.0
2795,11-12-2023,Monday,Xiaomi,Redmi Note 10,6.0,38524.97,231149.82,Vinod Srivastava,21,Delhi,Cash,3.0
2908,01/14/2024,Sunday,Xiaomi,Mi 11,6.0,57215.69,343294.14,Vinod Nair,46,Mumbai,Credit Card,5.0
3150,03/24/2024,Sunday,Samsung,Galaxy S21,7.0,38159.4,267115.8,Monika Rathod,42,Mumbai,UPI,2.0
1503,10-12-2022,Saturday,Vivo,Vivo V20,6.0,15694.47,94166.81999999999,Reena Das,30,Vadodara,Cash,5.0
3670,08/20/2024,Tuesday,OnePlus,OnePlus 9,9.0,54673.41,492060.69000000006,Sumit Rathod,53,Delhi,Debit Card,4.0
1144,08/31/2022,Wednesday,Samsung,Galaxy S21,8.0,21933.5,175468.0,Rohan Goyal,27,Lucknow,UPI,4.0
3624,08/07/2024,Wednesday,Samsung,Galaxy S21,2.0,29116.26,58232.52,Kunal Chaudhary,46,Mumbai,Debit Card,2.0
192,12/02/2021,Thursday,Xiaomi,Redmi Note 10,5.0,42918.06,214590.3,Sneha Prasad,29,,Debit Card,5.0
105,07-11-2021,Sunday,Apple,iPhone SE,8.0,41628.84,333030.72,Anita Bhattacharya,26,Ranchi,Cash,2.0
2979,04-02-2024,Sunday,OnePlus,OnePlus 9,1.0,66360.1,66360.1,Reena Chatterjee,50,Mumbai,Cash,4.0
2431,30-08-2023,Wednesday,OnePlus,OnePlus 8T,8.0,69410.55,555284.4,Pankaj Bhattacharya,37,Mumbai,Cash,2.0
2458,09/06/2023,Wednesday,OnePlus,OnePlus Nord,1.0,14940.95,14940.95,Sachin Shah,28,Ranchi,Credit Card,3.0
2378,08/15/2023,Tuesday,OnePlus,OnePlus 9,4.0,15760.42,63041.68,Meena Desai,46,Mumbai,UPI,2.0
1515,14-12-2022,Wednesday,Samsung,Galaxy S21,1.0,61559.97,61559.97,Aditya Patel,58,Vadodara,UPI,3.0
2139,08-06-2023,Thursday,Apple,iPhone 11,6.0,42094.25,252565.5,Isha Luthra,53,Ludhiana,UPI,4.0
2357,10-08-2023,Thursday,Xiaomi,Redmi 9,5.0,12822.34,64111.7,Anjali Desai,33,Jodhpur,UPI,3.0
2708,11/16/2023,Thursday,OnePlus,OnePlus 8T,8.0,53595.15,428761.2,Navin Kaur,50,Kanpur,Debit Card,2.0
2930,01/20/2024,Saturday,Samsung,Galaxy Note 20,4.0,58096.34,232385.36,Radha Ghosh,56,Lucknow,Debit Card,4.0
2313,28-07-2023,Friday,OnePlus,OnePlus 9,1.0,51632.84,51632.84,Deepika Dutta,21,Chennai,Debit Card,3.0
1314,10/19/2022,Wednesday,Vivo,Vivo V20,4.0,17495.19,69980.76,Arun Luthra,19,Hyderabad,Credit Card,1.0
1660,01/24/2023,Tuesday,Apple,iPhone 12,2.0,28565.95,57131.9,Sachin Goyal,36,Mumbai,UPI,1.0
2324,07/31/2023,Monday,Apple,iPhone SE,3.0,23704.54,71113.62,Mala Mathur,35,Madurai,UPI,5.0
2728,11/22/2023,Wednesday,Xiaomi,Redmi 9,5.0,24850.37,124251.84999999999,Kiran Nair,49,Mumbai,Cash,5.0
3749,14-09-2024,Saturday,Vivo,Vivo S1,4.0,58381.32,233525.28,Sneha Kaur,18,Bangalore,UPI,3.0
2078,05/22/2023,Monday,Vivo,Vivo S1,5.0,65831.76,329158.8,Manoj Kapoor,24,Ludhiana,UPI,4.0
2756,11/30/2023,Thursday,OnePlus,OnePlus Nord,2.0,13134.74,26269.48,Priyanka Mishra,24,Jodhpur,Credit Card,5.0
3230,04/16/2024,Tuesday,Xiaomi,Redmi Note 10,8.0,21055.9,168447.2,Priyanka Sharma,32,Bhopal,Cash,3.0
995,20-07-2022,Wednesday,Apple,iPhone SE,3.0,45349.38,136048.13999999998,Prashant Arora,35,Jodhpur,Credit Card,4.0
465,15-02-2022,Tuesday,OnePlus,OnePlus 8T,5.0,20215.55,101077.75,Mala Teja,55,Delhi,Credit Card,2.0
2607,18-10-2023,Wednesday,Vivo,Vivo Y51,2.0,26533.4,53066.8,Prashant Sharma,48,Delhi,Debit Card,5.0
1362,11/01/2022,Tuesday,Apple,iPhone SE,5.0,67374.76,336873.8,Deepika Patel,42,Mumbai,Credit Card,5.0
3085,05-03-2024,Tuesday,Apple,iPhone SE,1.0,11454.42,11454.42,Neeta Patel,42,Coimbatore,Credit Card,3.0
2072,05/20/2023,Saturday,Vivo,Vivo V20,4.0,56294.29,225177.16,Anita Varma,58,Indore,Credit Card,4.0
1237,27-09-2022,Tuesday,OnePlus,OnePlus 9,9.0,29192.77,262734.93,Umesh Varma,48,Hyderabad,Credit Card,1.0
2683,09-11-2023,Thursday,Samsung,Galaxy Note 20,9.0,23074.27,207668.43,Bina Nair,57,Ranchi,Debit Card,2.0
1552,12/24/2022,Saturday,Samsung,Galaxy A51,7.0,22948.26,160637.81999999998,Ramesh Varma,48,Gorakhpur,Credit Card,3.0
213,08-12-2021,Wednesday,Vivo,Vivo V20,7.0,56773.17,397412.19,Sunita Teja,32,Chennai,Cash,5.0
1037,01-08-2022,Monday,Samsung,Galaxy A51,9.0,19188.09,172692.81,Bina Teja,35,Jodhpur,Credit Card,5.0
3720,09/05/2024,Thursday,OnePlus,OnePlus 9,8.0,20481.98,163855.84,Deepika Menon,28,Mumbai,Debit Card,5.0
901,23-06-2022,Thursday,Samsung,Galaxy S21,7.0,15702.41,109916.87,Anand Thakur,48,Lucknow,Cash,5.0
2251,10-07-2023,Monday,Xiaomi,Redmi Note 10,5.0,69800.36,349001.8,Harish Solanki,58,Chennai,Debit Card,2.0
2454,09/05/2023,Tuesday,Vivo,Vivo V20,5.0,19611.78,98058.9,Ramesh Joshi,43,Indore,Cash,2.0
742,05/09/2022,Monday,Apple,iPhone 11,3.0,30324.99,90974.97,Aditya Luthra,41,Bangalore,Debit Card,5.0
3375,29-05-2024,Wednesday,Samsung,Galaxy A51,2.0,33964.1,67928.2,Prashant Nair,40,Patna,Debit Card,5.0
2972,02/02/2024,Friday,Vivo,Vivo Y51,7.0,51216.3,358514.10000000003,Shruti Iyer,45,Patna,Credit Card,1.0
2567,07-10-2023,Saturday,OnePlus,OnePlus Nord,3.0,19197.77,57593.31,Vinod Prasad,56,Gorakhpur,Credit Card,5.0
1207,18-09-2022,Sunday,Apple,iPhone 11,4.0,36565.9,146263.6,Nikhil Solanki,26,Delhi,Credit Card,3.0
510,03/01/2022,Tuesday,Xiaomi,Mi 11,2.0,59604.55,119209.1,Sachin Rao,18,Delhi,Credit Card,4.0
598,03/27/2022,Sunday,Samsung,Galaxy S21,3.0,32372.59,97117.77,Devendra Mathur,32,Bhopal,Debit Card,5.0
1692,02/02/2023,Thursday,Vivo,Vivo Y51,5.0,59419.56,297097.8,Prashant Gupta,21,Lucknow,Debit Card,5.0
982,07/16/2022,Saturday,Apple,iPhone 11,2.0,13389.01,26778.02,Radha Sheth,33,Vadodara,UPI,3.0
3307,08-05-2024,Wednesday,Vivo,Vivo V20,1.0,18817.62,18817.62,Vivek Sharma,52,Jodhpur,Credit Card,1.0
3380,05/30/2024,Thursday,Vivo,Vivo Y51,7.0,12518.23,87627.61,Aditya Iyer,31,Bhopal,Cash,2.0
519,03-03-2022,Thursday,Xiaomi,Redmi Note 10,6.0,24305.63,145833.78,Sachin Sheth,34,Delhi,Cash,3.0
3621,06-08-2024,Tuesday,Vivo,Vivo S1,2.0,69018.55,138037.1,Kunal Malhotra,27,Delhi,Cash,2.0
768,05/17/2022,Tuesday,Apple,iPhone 12,6.0,18813.65,112881.90000000001,Arun Dutta,44,Bangalore,UPI,5.0
2536,09/27/2023,Wednesday,Vivo,Vivo V20,5.0,49674.0,248370.0,Namita Rao,38,Rajkot,Debit Card,3.0
3710,09/02/2024,Monday,Apple,iPhone SE,4.0,18706.64,74826.56,Jyoti Sheth,27,Delhi,Debit Card,3.0
422,02/03/2022,Thursday,Xiaomi,Redmi 9,3.0,21706.53,65119.59,Sneha Desai,52,Hyderabad,Cash,5.0
124,11/12/2021,Friday,Xiaomi,Redmi 9,4.0,24355.53,97422.12,Sumit Arora,26,Delhi,Credit Card,2.0
2722,11/21/2023,Tuesday,OnePlus,OnePlus 8T,2.0,60484.99,120969.98,Priya Prasad,52,Delhi,UPI,5.0
3232,04/16/2024,Tuesday,Samsung,Galaxy S21,4.0,26263.78,105055.12,Radha Mathur,43,Mumbai,Credit Card,5.0
2629,25-10-2023,Wednesday,Apple,iPhone 12,5.0,64127.33,320636.65,Manoj Dutta,30,Ludhiana,UPI,3.0
820,05/31/2022,Tuesday,OnePlus,OnePlus Nord,7.0,11999.39,83995.73,Aditya Jain,43,Mumbai,Credit Card,2.0
101,06-11-2021,Saturday,Vivo,Vivo Y51,9.0,20340.95,183068.55000000002,Ayesha Thakur,20,Indore,UPI,3.0
3377,29-05-2024,Wednesday,Xiaomi,Redmi 9,4.0,33724.3,134897.2,Reena Chatterjee,18,Bhopal,Credit Card,1.0
1284,10/10/2022,Monday,Xiaomi,Mi 11,8.0,48397.38,387179.04,Sanjay Joshi,30,Bangalore,Cash,5.0
3800,09/29/2024,Sunday,OnePlus,OnePlus 8T,7.0,21054.97,147384.79,Priyanka Goyal,52,Kolkata,Debit Card,5.0
2922,01/18/2024,Thursday,Xiaomi,Redmi 9,2.0,44149.06,88298.12,Mala Srivastava,22,Delhi,Credit Card,2.0
3436,06/15/2024,Saturday,Apple,iPhone 11,6.0,41212.76,247276.56,Devendra Singh,56,Kanpur,UPI,5.0
1104,08/20/2022,Saturday,Xiaomi,Mi 11,1.0,43669.07,43669.07,Amit Prasad,38,Delhi,UPI,5.0
1875,26-03-2023,Sunday,Samsung,Galaxy A51,9.0,11230.7,101076.3,Namita Kumar,20,Delhi,Debit Card,5.0
2464,09/08/2023,Friday,Vivo,Vivo Y51,2.0,52625.48,105250.96,Sachin Goyal,40,Hyderabad,Cash,5.0
3190,04/05/2024,Friday,Xiaomi,Mi 11,2.0,19978.7,39957.4,Arun Kaur,37,Mumbai,UPI,2.0
1616,01/11/2023,Wednesday,Xiaomi,Mi 11,8.0,43209.42,345675.36,Nikhil Patel,43,Mumbai,UPI,1.0
1447,25-11-2022,Friday,Apple,iPhone 11,2.0,53275.47,106550.94,Nikhil Patel,57,Delhi,Cash,1.0
3182,04/02/2024,Tuesday,OnePlus,OnePlus 8T,5.0,40313.59,201567.94999999998,Umesh Patel,37,Rajkot,Cash,1.0
3258,04/24/2024,Wednesday,Xiaomi,Redmi 9,7.0,52793.14,369551.98,Isha Gupta,23,Bangalore,Credit Card,5.0
983,16-07-2022,Saturday,Samsung,Galaxy Note 20,8.0,50371.3,402970.4,Rajesh Arora,19,Mumbai,Cash,5.0
457,13-02-2022,Sunday,Vivo,Vivo S1,4.0,24977.48,99909.92,Bhavana Mathur,40,Mumbai,Credit Card,5.0
2851,28-12-2023,Thursday,Samsung,Galaxy A51,7.0,54064.28,378449.95999999996,Sunil Kapoor,47,Ranchi,Debit Card,2.0
2841,25-12-2023,Monday,Vivo,Vivo Y51,6.0,27287.51,163725.06,Ayesha Sheth,51,Mumbai,Credit Card,4.0
2717,19-11-2023,Sunday,OnePlus,OnePlus 8T,7.0,49562.74,346939.18,Sumit Verma,43,Ranchi,Cash,5.0
382,01/23/2022,Sunday,Samsung,Galaxy A51,3.0,15371.21,46113.63,Ravi Dutta,31,Delhi,UPI,4.0
3580,07/25/2024,Thursday,Apple,iPhone SE,1.0,11450.22,11450.22,Meena Verma,35,Bhopal,Credit Card,5.0
1739,15-02-2023,Wednesday,Apple,iPhone 12,5.0,11577.86,57889.3,Yogesh Shah,52,Kanpur,Cash,1.0
2349,07-08-2023,Monday,Apple,iPhone SE,1.0,49235.88,49235.88,Bhavana Bhatnagar,18,Delhi,Credit Card,2.0
1011,25-07-2022,Monday,Apple,iPhone SE,3.0,42008.71,126026.13,Vinod Prasad,39,Bhopal,Debit Card,5.0
3103,11-03-2024,Monday,OnePlus,OnePlus 9,1.0,22046.0,22046.0,Sumit Goyal,31,Delhi,Cash,1.0
3834,10/08/2024,Tuesday,OnePlus,OnePlus 8T,4.0,16961.04,67844.16,Ayesha Rathod,51,Mumbai,Debit Card,5.0
663,15-04-2022,Friday,Vivo,Vivo S1,4.0,54301.08,217204.32,Radha Rao,46,Delhi,Cash,4.0
2091,26-05-2023,Friday,Samsung,Galaxy A51,3.0,43036.8,129110.40000000001,Sunita Arora,34,Delhi,Debit Card,1.0
3526,07/09/2024,Tuesday,OnePlus,OnePlus 9,9.0,48970.63,440735.67,Gita Rao,27,Madurai,Credit Card,3.0
3653,15-08-2024,Thursday,Xiaomi,Redmi 9,3.0,10892.14,32676.42,Meena Sheth,29,Delhi,Debit Card,5.0
3483,27-06-2024,Thursday,OnePlus,OnePlus 8T,4.0,58475.91,233903.64,Nikhil Menon,33,Mumbai,Cash,5.0
3363,25-05-2024,Saturday,Xiaomi,Redmi Note 10,3.0,39828.43,119485.29000000001,Nikhil Bhattacharya,55,Delhi,UPI,3.0
3766,09/19/2024,Thursday,Vivo,Vivo S1,6.0,50299.96,301799.76,Vijay Das,42,Delhi,Debit Card,5.0
2913,15-01-2024,Monday,Apple,iPhone 11,9.0,21935.04,197415.36000000002,Umesh Reddy,35,Madurai,Credit Card,2.0
2120,06/03/2023,Saturday,Xiaomi,Redmi Note 10,7.0,13778.28,96447.96,Nikhil Jain,40,Madurai,Credit Card,4.0
846,06/07/2022,Tuesday,Vivo,Vivo V20,7.0,46651.61,326561.27,Tanuja Bhatnagar,56,Delhi,Cash,3.0
543,11-03-2022,Friday,Apple,iPhone SE,2.0,67083.78,134167.56,Harish Mishra,32,Madurai,Cash,3.0
92,11/04/2021,Thursday,Vivo,Vivo S1,8.0,16796.19,134369.52,Neeta Sharma,39,Bangalore,Credit Card,5.0
2448,09/03/2023,Sunday,OnePlus,OnePlus 9,7.0,48730.69,341114.83,Sumit Joshi,33,Indore,UPI,3.0
1462,11/29/2022,Tuesday,OnePlus,OnePlus 8T,4.0,15185.48,60741.92,Devendra Mathur,34,Gorakhpur,Debit Card,5.0
1197,15-09-2022,Thursday,Vivo,Vivo Y51,7.0,20095.63,140669.41,Sunil Dutta,57,Delhi,Cash,5.0
1103,20-08-2022,Saturday,OnePlus,OnePlus 8T,3.0,44027.72,132083.16,Nikhil Kapoor,20,Patna,Credit Card,5.0
3246,04/21/2024,Sunday,OnePlus,OnePlus Nord,9.0,39806.21,358255.89,Krishna Bhattacharya,45,Mumbai,Cash,5.0
1887,29-03-2023,Wednesday,Xiaomi,Mi 11,1.0,59841.38,59841.38,Vivek Rathod,26,Madurai,Debit Card,1.0
3716,09/03/2024,Tuesday,Xiaomi,Redmi Note 10,4.0,14747.76,58991.04,Anjali Roy,52,Indore,Credit Card,2.0
2612,10/20/2023,Friday,Xiaomi,Redmi 9,4.0,57501.71,230006.84,Bhavana Reddy,35,Delhi,UPI,2.0
3254,04/23/2024,Tuesday,Samsung,Galaxy S21,3.0,37351.99,112055.97,Sunil Kapoor,32,Kanpur,Debit Card,3.0
3513,05-07-2024,Friday,Samsung,Galaxy S21,1.0,59518.09,59518.09,Nikhil Luthra,45,Kanpur,Cash,2.0
1049,04-08-2022,Thursday,Vivo,Vivo V20,9.0,53824.98,484424.82,Sunil Kumar,29,Mumbai,Cash,5.0
2718,11/19/2023,Sunday,OnePlus,OnePlus 9,9.0,30949.62,278546.58,Priyanka Menon,45,Chennai,Cash,5.0
2175,18-06-2023,Sunday,Samsung,Galaxy A51,7.0,62512.59,437588.13,Bina Jain,54,Bhopal,Cash,4.0
899,23-06-2022,Thursday,Vivo,Vivo S1,3.0,16348.02,49044.06,Gita Teja,20,Delhi,Credit Card,5.0
1489,06-12-2022,Tuesday,OnePlus,OnePlus 8T,4.0,39003.52,156014.08,Kunal Malhotra,53,Vadodara,UPI,4.0
238,12/16/2021,Thursday,Samsung,Galaxy Note 20,7.0,14779.24,103454.68,Sunita Thakur,47,Patna,Cash,5.0
1392,11/10/2022,Thursday,Apple,iPhone 11,2.0,32696.43,65392.86,Tapan Siddiqui,44,Delhi,UPI,4.0
3270,04/28/2024,Sunday,Vivo,Vivo S1,7.0,19261.71,134831.97,Priya Patel,50,Delhi,Credit Card,4.0
1134,08/28/2022,Sunday,Xiaomi,Redmi Note 10,8.0,39484.44,315875.52,Anita Ghosh,46,Ludhiana,Debit Card,1.0
2499,17-09-2023,Sunday,Xiaomi,Redmi 9,2.0,68735.78,137471.56,Vivek Srivastava,27,Vadodara,UPI,4.0
3138,03/21/2024,Thursday,Xiaomi,Mi 11,3.0,50465.95,151397.84999999998,Priyanka Patel,34,Vadodara,UPI,2.0
164,11/24/2021,Wednesday,Vivo,Vivo Y51,3.0,55445.51,166336.53,Namita Desai,52,Mumbai,Credit Card,5.0
3489,28-06-2024,Friday,Xiaomi,Redmi Note 10,9.0,43468.16,391213.44000000006,Rohan Kapoor,37,Rajkot,Cash,3.0
2645,29-10-2023,Sunday,OnePlus,OnePlus 8T,4.0,48971.95,195887.8,Reena Deshmukh,22,Vadodara,Credit Card,2.0
253,19-12-2021,Sunday,Vivo,Vivo Y51,1.0,13027.33,13027.33,Bina Singh,31,Coimbatore,Debit Card,4.0
2308,07/26/2023,Wednesday,OnePlus,OnePlus 8T,7.0,53325.85,373280.95,Umesh Patel,57,Delhi,Cash,4.0
2294,07/22/2023,Saturday,Samsung,Galaxy S21,4.0,39932.37,159729.48,Kiran Alva,23,Bangalore,UPI,2.0
2532,09/26/2023,Tuesday,Xiaomi,Redmi Note 10,7.0,62903.35,440323.45,Pooja Menon,55,Bangalore,Debit Card,5.0
931,02-07-2022,Saturday,OnePlus,OnePlus 9,7.0,24643.84,172506.88,Pankaj Prasad,46,Ranchi,Cash,5.0
1867,24-03-2023,Friday,Vivo,Vivo S1,5.0,45913.86,229569.3,Deepika Dutta,37,Ranchi,UPI,1.0
1565,28-12-2022,Wednesday,OnePlus,OnePlus Nord,5.0,46083.22,230416.1,Rohan Dutta,25,Kolkata,Debit Card,1.0
2257,11-07-2023,Tuesday,Samsung,Galaxy S21,4.0,60455.43,241821.72,Neeta Sharma,28,Hyderabad,Credit Card,2.0
1633,16-01-2023,Monday,Vivo,Vivo S1,8.0,68426.83,547414.64,Neeta Pillai,51,Delhi,UPI,5.0
1507,12-12-2022,Monday,Apple,iPhone SE,7.0,19130.48,133913.36,Shruti Mehta,24,Delhi,Credit Card,1.0
2727,22-11-2023,Wednesday,Samsung,Galaxy Note 20,1.0,69116.2,69116.2,Sachin Jain,50,Ludhiana,Debit Card,2.0
2771,05-12-2023,Tuesday,Vivo,Vivo Y51,2.0,18149.95,36299.9,Lata Verma,31,Indore,Debit Card,5.0
1091,16-08-2022,Tuesday,OnePlus,OnePlus 9,8.0,45697.21,365577.68,Deepika Shah,39,Bangalore,UPI,4.0
3636,08/10/2024,Saturday,Samsung,Galaxy S21,6.0,52727.08,316362.48,Amit Ahuja,21,Indore,Credit Card,3.0
1787,02-03-2023,Thursday,Apple,iPhone 11,4.0,27657.63,110630.52,Bina Goyal,36,Delhi,Debit Card,5.0
1182,09/11/2022,Sunday,Vivo,Vivo Y51,8.0,58649.69,469197.52,Mala Ghosh,59,Ranchi,Cash,1.0
594,03/26/2022,Saturday,Vivo,Vivo S1,6.0,15536.14,93216.84,Shruti Iyer,49,Jodhpur,UPI,5.0
678,04/20/2022,Wednesday,Vivo,Vivo V20,3.0,30412.97,91238.91,Pooja Dutta,43,Delhi,UPI,5.0
42,10/21/2021,Thursday,Xiaomi,Mi 11,8.0,41304.59,330436.72,Jyoti Mishra,20,Mumbai,Debit Card,2.0
1500,12/10/2022,Saturday,OnePlus,OnePlus 8T,6.0,33500.54,201003.24,Deepika Shah,22,Delhi,Credit Card,5.0
3275,30-04-2024,Tuesday,Samsung,Galaxy A51,1.0,32079.1,32079.1,Manoj Jain,18,Coimbatore,Cash,4.0
3152,03/25/2024,Monday,Apple,iPhone SE,7.0,36777.2,257440.39999999997,Yogesh Malhotra,47,Indore,UPI,1.0
1343,26-10-2022,Wednesday,Vivo,Vivo Y51,5.0,38563.53,192817.65,Deepika Verma,26,Delhi,UPI,5.0
244,12/17/2021,Friday,Vivo,Vivo Y51,9.0,17397.04,156573.36000000002,Reena Rao,57,Kanpur,UPI,5.0
1125,26-08-2022,Friday,Apple,iPhone SE,1.0,63739.18,63739.18,Nikhil Rathod,31,Delhi,Debit Card,5.0
1340,10/26/2022,Wednesday,OnePlus,OnePlus 9,1.0,61778.26,61778.26,Radha Kapoor,49,Delhi,Cash,5.0
3679,23-08-2024,Friday,Vivo,Vivo Y51,6.0,29579.22,177475.32,Arun Shah,52,Patna,UPI,5.0
1685,31-01-2023,Tuesday,Apple,iPhone SE,5.0,59975.9,299879.5,Namita Malhotra,36,Coimbatore,Credit Card,5.0
1445,24-11-2022,Thursday,Samsung,Galaxy S21,1.0,13144.34,13144.34,Prashant Teja,46,Patna,UPI,1.0
262,12/22/2021,Wednesday,OnePlus,OnePlus Nord,1.0,30461.21,30461.21,Manoj Iyer,59,Mumbai,Credit Card,4.0
2952,01/27/2024,Saturday,Xiaomi,Mi 11,5.0,17454.2,87271.0,Rajesh Mishra,24,Hyderabad,Debit Card,2.0
2154,06/12/2023,Monday,OnePlus,OnePlus Nord,2.0,20038.08,40076.16,Anand Joshi,40,Delhi,Cash,1.0
2554,10/02/2023,Monday,Samsung,Galaxy Note 20,2.0,30233.19,60466.38,Anand Arora,40,Madurai,UPI,3.0
835,04-06-2022,Saturday,Vivo,Vivo V20,4.0,44490.34,177961.36,Aditya Kulkarni,39,Kolkata,Credit Card,5.0
3361,24-05-2024,Friday,Apple,iPhone SE,8.0,44146.42,353171.36,Neeta Ghosh,18,Coimbatore,Debit Card,3.0
3533,11-07-2024,Thursday,Vivo,Vivo V20,3.0,10529.91,31589.73,Radha Pathak,45,Delhi,UPI,5.0
2887,08-01-2024,Monday,OnePlus,OnePlus 9,6.0,18990.29,113941.74,Sumit Chatterjee,31,Kolkata,UPI,4.0
2506,09/19/2023,Tuesday,Xiaomi,Mi 11,5.0,23541.68,117708.4,Ravi Prasad,41,Delhi,UPI,5.0
341,12-01-2022,Wednesday,Xiaomi,Mi 11,3.0,16342.04,49026.12,Reena Desai,58,Delhi,Debit Card,3.0
1729,12-02-2023,Sunday,Xiaomi,Redmi Note 10,7.0,33103.04,231721.28,Priyanka Sharma,55,,Credit Card,5.0
749,11-05-2022,Wednesday,Apple,iPhone 11,9.0,47833.55,430501.95,Neeta Ghosh,35,Mumbai,Cash,4.0
2616,10/21/2023,Saturday,Samsung,Galaxy S21,9.0,40471.01,364239.09,Vivek Rathod,27,Delhi,Credit Card,5.0
481,20-02-2022,Sunday,Samsung,Galaxy S21,2.0,43688.68,87377.36,Devendra Rao,35,Vadodara,Cash,2.0
3239,19-04-2024,Friday,Xiaomi,Mi 11,1.0,65279.38,65279.38,Ayesha Ahuja,27,Madurai,UPI,5.0
2182,06/20/2023,Tuesday,Vivo,Vivo Y51,7.0,24495.1,171465.69999999998,Pooja Joshi,23,Delhi,Credit Card,2.0
2868,01/02/2024,Tuesday,Samsung,Galaxy S21,2.0,68135.37,136270.74,Manoj Mehta,45,Vadodara,Cash,5.0
784,05/21/2022,Saturday,Vivo,Vivo V20,7.0,46905.48,328338.36000000004,Deepika Patel,58,Chennai,UPI,5.0
3292,05/04/2024,Saturday,Apple,iPhone 11,2.0,35365.53,70731.06,Radha Solanki,58,Bhopal,Debit Card,1.0
1722,02/10/2023,Friday,OnePlus,OnePlus 8T,3.0,52472.84,157418.52,Bhavana Malhotra,36,Chennai,Cash,3.0
2508,09/20/2023,Wednesday,Vivo,Vivo S1,8.0,46246.94,369975.52,Vinod Goyal,46,Rajkot,Debit Card,5.0
3078,03/03/2024,Sunday,Vivo,Vivo V20,6.0,30466.16,182796.96,Harish Kapoor,28,Rajkot,UPI,2.0
2246,07/09/2023,Sunday,Xiaomi,Mi 11,8.0,14596.65,116773.2,Amit Joshi,38,Mumbai,Cash,2.0
2397,20-08-2023,Sunday,Vivo,Vivo S1,1.0,11820.35,11820.35,Neeta Deshmukh,30,Delhi,Debit Card,2.0
3578,07/24/2024,Wednesday,Apple,iPhone 12,7.0,35040.88,245286.15999999997,Priya Bhattacharya,25,Delhi,Debit Card,5.0
2792,12/10/2023,Sunday,OnePlus,OnePlus 9,2.0,48918.74,97837.48,Aditya Prasad,36,Ludhiana,Credit Card,4.0
3518,07/07/2024,Sunday,Samsung,Galaxy S21,4.0,49527.17,198108.68,Vijay Rao,30,Delhi,UPI,5.0
2707,16-11-2023,Thursday,OnePlus,OnePlus 9,8.0,35713.88,285711.04,Deepika Das,29,Kolkata,Debit Card,5.0
3632,08/09/2024,Friday,OnePlus,OnePlus Nord,8.0,59951.7,479613.6,Lalita Alva,51,Madurai,UPI,4.0
1272,10/07/2022,Friday,Samsung,Galaxy A51,1.0,11216.82,11216.82,Priya Reddy,57,Mumbai,UPI,4.0
2413,25-08-2023,Friday,OnePlus,OnePlus 8T,7.0,33148.75,232041.25,Namita Roy,33,Lucknow,Debit Card,2.0
1128,08/27/2022,Saturday,Apple,iPhone 11,2.0,39972.92,79945.84,Deepika Alva,49,Mumbai,Credit Card,3.0
627,04-04-2022,Monday,Vivo,Vivo V20,3.0,58476.28,175428.84,Devendra Singh,27,Rajkot,Credit Card,3.0
348,01/14/2022,Friday,OnePlus,OnePlus 8T,5.0,19816.51,99082.54999999999,Lata Rawat,38,Bangalore,Cash,3.0
3708,09/01/2024,Sunday,Xiaomi,Mi 11,6.0,38925.61,233553.66,Meena Kulkarni,22,,UPI,5.0
3213,11-04-2024,Thursday,Vivo,Vivo Y51,9.0,26422.6,237803.4,Meena Menon,32,Lucknow,Cash,4.0
1988,04/27/2023,Thursday,Apple,iPhone 12,7.0,56228.89,393602.23,Kiran Jain,36,Mumbai,Cash,1.0
980,07/16/2022,Saturday,Xiaomi,Redmi Note 10,6.0,15540.75,93244.5,Bhavana Mishra,56,Vadodara,Credit Card,3.0
1424,11/19/2022,Saturday,Vivo,Vivo S1,6.0,48173.13,289038.77999999997,Namita Teja,37,Mumbai,Debit Card,1.0
3496,06/30/2024,Sunday,Xiaomi,Redmi Note 10,9.0,17593.73,158343.57,Sanjay Ghosh,19,Delhi,Debit Card,5.0
1792,03/03/2023,Friday,Vivo,Vivo Y51,2.0,24208.78,48417.56,Anjali Thakur,27,Ranchi,Credit Card,5.0
912,06/27/2022,Monday,Vivo,Vivo Y51,6.0,12899.46,77396.76,Pankaj Desai,54,Coimbatore,Debit Card,2.0
2399,21-08-2023,Monday,Xiaomi,Mi 11,2.0,47417.67,94835.34,Anjali Roy,40,Bangalore,UPI,4.0
633,06-04-2022,Wednesday,Apple,iPhone 12,4.0,53571.37,214285.48,Isha Dutta,43,Hyderabad,Cash,5.0
1611,09-01-2023,Monday,OnePlus,OnePlus 9,6.0,63226.39,379358.33999999997,Vivek Shah,22,Delhi,UPI,1.0
446,02/10/2022,Thursday,Apple,iPhone 11,4.0,44954.13,179816.52,Lata Shah,40,Delhi,UPI,4.0
618,04/01/2022,Friday,OnePlus,OnePlus 8T,3.0,48411.63,145234.88999999998,Sneha Yadav,35,Indore,Cash,4.0
3799,29-09-2024,Sunday,Vivo,Vivo V20,1.0,30580.93,30580.93,Yogesh Ahuja,58,Gorakhpur,Debit Card,2.0
3688,08/26/2024,Monday,Samsung,Galaxy A51,3.0,31188.27,93564.81,Rajesh Mathur,44,Delhi,UPI,3.0
3208,04/10/2024,Wednesday,Xiaomi,Redmi Note 10,1.0,15030.74,15030.74,Sachin Sheth,33,Kolkata,Debit Card,2.0
1851,19-03-2023,Sunday,Vivo,Vivo S1,4.0,20173.81,80695.24,Anita Rawat,29,Madurai,Cash,3.0
1850,03/19/2023,Sunday,Xiaomi,Redmi 9,4.0,64895.8,259583.2,Reena Teja,34,Ludhiana,Debit Card,4.0
3260,04/25/2024,Thursday,OnePlus,OnePlus 8T,5.0,67331.06,336655.3,Manoj Siddiqui,45,Rajkot,Credit Card,4.0
1466,11/30/2022,Wednesday,OnePlus,OnePlus Nord,8.0,62048.62,496388.96,Pankaj Singh,28,Bangalore,Cash,4.0
3266,04/27/2024,Saturday,Samsung,Galaxy Note 20,2.0,31241.18,62482.36,Priyanka Menon,51,Madurai,Cash,1.0
2496,09/17/2023,Sunday,Xiaomi,Mi 11,4.0,27076.62,108306.48,Meena Menon,28,Delhi,Debit Card,4.0
2701,14-11-2023,Tuesday,OnePlus,OnePlus 8T,9.0,17852.58,160673.22000000003,Bhavana Mathur,57,Delhi,Cash,2.0
354,01/16/2022,Sunday,Samsung,Galaxy Note 20,1.0,56676.67,56676.67,Umesh Ghosh,45,Rajkot,Credit Card,5.0
1233,26-09-2022,Monday,Apple,iPhone 12,9.0,39861.28,358751.52,Radha Alva,41,Indore,Debit Card,4.0
614,03/31/2022,Thursday,Xiaomi,Redmi 9,8.0,12775.72,102205.76,Vinod Nambiar,27,Kolkata,Cash,4.0
3457,20-06-2024,Thursday,Samsung,Galaxy A51,5.0,46391.55,231957.75,Bhavana Bhatnagar,53,Mumbai,Credit Card,
1587,03-01-2023,Tuesday,OnePlus,OnePlus Nord,9.0,33669.08,303021.72000000003,Ramesh Gupta,31,Delhi,UPI,1.0
3760,09/17/2024,Tuesday,Apple,iPhone 11,1.0,63848.97,63848.97,Neeta Malhotra,47,Hyderabad,Credit Card,2.0
3571,22-07-2024,Monday,Samsung,Galaxy Note 20,8.0,13402.28,107218.24,Meena Chatterjee,45,Jodhpur,UPI,4.0
2427,29-08-2023,Tuesday,Xiaomi,Mi 11,9.0,14352.82,129175.38,Jyoti Alva,43,Mumbai,Cash,3.0
3612,08/03/2024,Saturday,OnePlus,OnePlus 9,1.0,20074.19,20074.19,Anita Kumar,19,Mumbai,Debit Card,4.0
58,10/26/2021,Tuesday,Apple,iPhone 12,7.0,45407.64,317853.48,Shruti Dutta,36,Delhi,Debit Card,4.0
1873,25-03-2023,Saturday,Apple,iPhone SE,5.0,19487.59,97437.95,Priya Dutta,56,Ludhiana,UPI,3.0
1980,04/25/2023,Tuesday,Apple,iPhone 12,3.0,19695.88,59087.64,Harish Joshi,26,Rajkot,Debit Card,5.0
2799,12-12-2023,Tuesday,Apple,iPhone SE,7.0,44492.17,311445.19,Ayesha Ahuja,37,Bhopal,Cash,3.0
1254,10/01/2022,Saturday,Apple,iPhone 11,2.0,11508.38,23016.76,Lalita Bhatnagar,18,Hyderabad,,5.0
3204,04/09/2024,Tuesday,Apple,iPhone 12,1.0,45348.0,45348.0,Namita Roy,59,Indore,Cash,2.0
2407,23-08-2023,Wednesday,Apple,iPhone 11,3.0,25784.18,77352.54000000001,Namita Das,25,Coimbatore,Cash,5.0
2632,10/26/2023,Thursday,Apple,iPhone SE,2.0,26226.77,52453.54,Priya Roy,57,Delhi,UPI,3.0
2025,07-05-2023,Sunday,Vivo,Vivo V20,5.0,60385.88,301929.39999999997,Shruti Alva,53,Rajkot,Cash,4.0
1965,20-04-2023,Thursday,Samsung,Galaxy A51,3.0,43523.77,130571.31,Jyoti Pillai,44,Mumbai,Debit Card,4.0
1925,09-04-2023,Sunday,Xiaomi,Redmi Note 10,7.0,55713.24,389992.68,Pooja Thakur,24,Rajkot,Debit Card,4.0
2116,06/02/2023,Friday,OnePlus,OnePlus 8T,3.0,20216.15,60648.450000000004,Deepika Deshmukh,30,Chennai,Credit Card,4.0
561,16-03-2022,Wednesday,Samsung,Galaxy S21,4.0,46501.0,186004.0,Vivek Rawat,35,Kolkata,UPI,5.0
708,04/29/2022,Friday,Apple,iPhone 12,8.0,43832.02,350656.16,Bina Siddiqui,58,Delhi,Debit Card,5.0
3117,15-03-2024,Friday,Samsung,Galaxy S21,3.0,14269.32,42807.96,Priyanka Teja,30,Indore,UPI,5.0
425,04-02-2022,Friday,Vivo,Vivo V20,3.0,50618.61,151855.83000000002,Anand Joshi,26,Lucknow,Debit Card,5.0
1094,08/17/2022,Wednesday,Samsung,Galaxy Note 20,9.0,50749.5,456745.5,Yogesh Kaur,24,Lucknow,UPI,5.0
1377,06-11-2022,Sunday,OnePlus,OnePlus Nord,7.0,59949.92,419649.44,Prashant Arora,38,Coimbatore,Debit Card,3.0
648,04/11/2022,Monday,Xiaomi,Redmi 9,4.0,66056.19,264224.76,Priyanka Ghosh,43,Jodhpur,UPI,5.0
73,30-10-2021,Saturday,Samsung,Galaxy Note 20,1.0,29292.51,29292.51,Nikhil Bhattacharya,18,Delhi,UPI,5.0
1941,14-04-2023,Friday,Apple,iPhone 11,9.0,35533.8,319804.2,Sunil Das,56,Delhi,Cash,4.0
1742,02/16/2023,Thursday,OnePlus,OnePlus Nord,5.0,64456.98,322284.9,Reena Sheth,40,Vadodara,Cash,3.0
3715,03-09-2024,Tuesday,OnePlus,OnePlus 9,5.0,55127.37,275636.85000000003,Mala Thakur,52,Madurai,Debit Card,5.0
1006,07/23/2022,Saturday,Samsung,Galaxy S21,9.0,62464.87,562183.8300000001,Yogesh Malhotra,27,Hyderabad,UPI,5.0
621,02-04-2022,Saturday,Xiaomi,Mi 11,1.0,51126.43,51126.43,Sanjay Jain,26,Delhi,Debit Card,5.0
3711,02-09-2024,Monday,Xiaomi,Redmi Note 10,1.0,39524.69,39524.69,Isha Kaur,27,Mumbai,UPI,4.0
1961,19-04-2023,Wednesday,Vivo,Vivo V20,4.0,40754.96,163019.84,Pooja Srivastava,27,Mumbai,UPI,1.0
554,03/14/2022,Monday,Xiaomi,Mi 11,2.0,53206.1,106412.2,Meena Verma,41,Kanpur,Credit Card,5.0
2417,26-08-2023,Saturday,Xiaomi,Redmi Note 10,1.0,10856.62,10856.62,Harish Goyal,49,Bhopal,Debit Card,4.0
1750,02/19/2023,Sunday,Vivo,Vivo S1,2.0,26714.08,53428.16,Namita Bhatnagar,54,Delhi,Cash,1.0
3408,06/08/2024,Saturday,Vivo,Vivo Y51,9.0,54007.62,486068.58,Nikhil Pathak,26,Chennai,Debit Card,4.0
2169,16-06-2023,Friday,OnePlus,OnePlus 9,2.0,42266.35,84532.7,Vijay Varma,35,Indore,Credit Card,2.0
3536,07/12/2024,Friday,OnePlus,OnePlus 8T,1.0,41268.93,41268.93,Vivek Kaur,29,Ranchi,Debit Card,3.0
999,21-07-2022,Thursday,Apple,iPhone 12,1.0,10640.34,10640.34,Arun Iyer,58,Patna,UPI,3.0
2043,12-05-2023,Friday,Xiaomi,Redmi 9,3.0,25974.01,77922.03,Manoj Pathak,59,Delhi,Credit Card,4.0
1559,26-12-2022,Monday,Samsung,Galaxy Note 20,9.0,56558.61,509027.49,Priya Thakur,51,Delhi,Credit Card,5.0
2958,01/28/2024,Sunday,Xiaomi,Mi 11,7.0,23199.97,162399.79,Kiran Alva,53,Kolkata,Cash,5.0
1398,11/11/2022,Friday,Samsung,Galaxy A51,3.0,26100.39,78301.17,Krishna Pillai,30,Delhi,UPI,5.0
3512,07/05/2024,Friday,Samsung,Galaxy A51,5.0,59171.08,295855.4,Lata Shah,37,Rajkot,Debit Card,5.0
2801,13-12-2023,Wednesday,OnePlus,OnePlus Nord,7.0,31863.18,223042.26,Anita Sharma,34,Delhi,UPI,4.0
3822,10/05/2024,Saturday,Samsung,Galaxy S21,9.0,52717.18,474454.62,Lata Alva,23,Bhopal,Cash,5.0
2900,01/11/2024,Thursday,Vivo,Vivo V20,2.0,51213.16,102426.32,Jyoti Menon,53,Lucknow,UPI,5.0
2633,26-10-2023,Thursday,Apple,iPhone SE,9.0,34021.34,306192.05999999994,Lata Patel,33,Chennai,UPI,2.0
441,08-02-2022,Tuesday,OnePlus,OnePlus Nord,7.0,51890.43,363233.01,Vinod Nambiar,22,Lucknow,UPI,3.0
509,01-03-2022,Tuesday,Vivo,Vivo V20,1.0,21744.76,21744.76,Ramesh Joshi,23,Delhi,Cash,3.0
1101,19-08-2022,Friday,Samsung,Galaxy Note 20,4.0,11939.4,47757.6,Pankaj Arora,25,Gorakhpur,Cash,5.0
590,03/24/2022,Thursday,Vivo,Vivo Y51,5.0,65576.8,327884.0,Manoj Mehta,24,Jodhpur,Credit Card,3.0
3261,25-04-2024,Thursday,Apple,iPhone SE,7.0,50066.63,350466.41,Mala Pathak,48,Mumbai,Cash,5.0
650,04/11/2022,Monday,Samsung,Galaxy S21,3.0,27495.29,82485.87,Harish Mehta,58,Madurai,Debit Card,5.0
3499,01-07-2024,Monday,Vivo,Vivo Y51,2.0,36727.52,73455.04,Rohan Dutta,27,Hyderabad,Debit Card,2.0
3765,19-09-2024,Thursday,OnePlus,OnePlus 8T,9.0,52436.08,471924.72000000003,Deepika Iyer,35,Bhopal,Debit Card,5.0
2234,07/05/2023,Wednesday,Samsung,Galaxy Note 20,5.0,36079.44,180397.2,Deepika Das,58,Jodhpur,Debit Card,1.0
3707,01-09-2024,Sunday,OnePlus,OnePlus 9,3.0,61394.09,184182.27,Bhavana Luthra,44,Bhopal,Credit Card,5.0
3551,17-07-2024,Wednesday,Apple,iPhone SE,6.0,27227.91,163367.46,Anjali Desai,48,Delhi,Debit Card,2.0
1456,11/27/2022,Sunday,OnePlus,OnePlus Nord,4.0,28990.11,115960.44,Radha Alva,44,Coimbatore,UPI,4.0
1955,18-04-2023,Tuesday,OnePlus,OnePlus 9,4.0,37336.98,149347.92,Lalita Bhatnagar,56,Bhopal,Credit Card,5.0
661,15-04-2022,Friday,Apple,iPhone 11,3.0,53139.45,159418.34999999998,Sunita Verma,47,Vadodara,UPI,5.0
631,05-04-2022,Tuesday,Samsung,Galaxy A51,5.0,19385.62,96928.09999999999,Shruti Menon,55,Vadodara,Cash,5.0
673,18-04-2022,Monday,Apple,iPhone SE,7.0,15999.11,111993.77,Meena Pillai,35,Gorakhpur,UPI,3.0
1250,09/30/2022,Friday,Xiaomi,Redmi 9,1.0,18466.58,18466.58,Kavita Ahuja,35,Delhi,Debit Card,5.0
1601,07-01-2023,Saturday,Xiaomi,Redmi 9,8.0,35829.62,286636.96,Arun Dutta,40,Gorakhpur,Debit Card,4.0
483,21-02-2022,Monday,OnePlus,OnePlus Nord,1.0,23462.15,23462.15,Ramesh Gupta,28,Mumbai,Credit Card,5.0
2990,02/07/2024,Wednesday,Samsung,Galaxy Note 20,2.0,35759.28,71518.56,Navin Verma,53,Delhi,Credit Card,2.0
3278,04/30/2024,Tuesday,Xiaomi,Redmi 9,7.0,10214.65,71502.55,Namita Mehta,21,Delhi,Credit Card,3.0
3703,31-08-2024,Saturday,Vivo,Vivo S1,3.0,11500.91,34502.729999999996,Pankaj Deshmukh,46,Vadodara,Credit Card,5.0
1463,30-11-2022,Wednesday,Apple,iPhone SE,2.0,57954.29,115908.58,Isha Nair,38,Ludhiana,Cash,5.0
2816,12/18/2023,Monday,Apple,iPhone SE,4.0,50836.23,203344.92,Lata Reddy,55,Mumbai,UPI,2.0
2474,09/10/2023,Sunday,Vivo,Vivo V20,2.0,67032.07,134064.14,Jyoti Kumar,22,Mumbai,Credit Card,5.0
2286,07/20/2023,Thursday,OnePlus,OnePlus Nord,4.0,64251.47,257005.88,Prashant Mathur,49,Kanpur,Credit Card,4.0
857,10-06-2022,Friday,Apple,iPhone 11,8.0,39649.46,317195.68,Pooja Kaur,49,Delhi,Debit Card,2.0
1226,09/24/2022,Saturday,OnePlus,OnePlus 8T,5.0,24832.31,124161.55,Vivek Teja,52,Bhopal,Debit Card,3.0
1191,13-09-2022,Tuesday,Xiaomi,Redmi Note 10,2.0,53596.27,107192.54,Pankaj Bhattacharya,22,Patna,Credit Card,1.0
2103,29-05-2023,Monday,Apple,iPhone SE,8.0,42107.23,336857.84,Navin Nair,46,Delhi,Cash,4.0
531,07-03-2022,Monday,Apple,iPhone 11,9.0,44417.67,399759.02999999997,Vinod Dutta,44,Delhi,UPI,5.0
3763,18-09-2024,Wednesday,Apple,iPhone 12,6.0,35995.04,215970.24,Neeta Sharma,39,Rajkot,Credit Card,4.0
50,10/24/2021,Sun,Samsung,Galaxy Note 20,6.0,62465.02,374790.12,Anand Nair,34,Madurai,UPI,
1653,22-01-2023,Sunday,Apple,iPhone 12,4.0,69933.96,279735.84,Kavita Rawat,39,Chennai,Debit Card,1.0
859,11-06-2022,Saturday,Vivo,Vivo V20,9.0,33027.48,297247.32,Sachin Joshi,32,Ranchi,Credit Card,5.0
1658,01/23/2023,Monday,OnePlus,OnePlus 9,1.0,34995.53,34995.53,Vinod Goyal,34,Delhi,Credit Card,4.0
1073,11-08-2022,Thursday,Samsung,Galaxy S21,2.0,58440.74,116881.48,Ayesha Solanki,38,Mumbai,Debit Card,3.0
720,05/02/2022,Monday,OnePlus,OnePlus 9,1.0,10823.99,10823.99,Sachin Jain,31,Bhopal,Debit Card,5.0
3656,08/16/2024,Friday,Vivo,Vivo S1,6.0,65478.02,392868.12,Bhavana Kapoor,26,Gorakhpur,Debit Card,4.0
2079,22-05-2023,Monday,Vivo,Vivo Y51,8.0,57980.7,463845.6,Neeta Nair,24,Hyderabad,UPI,4.0
2869,02-01-2024,Tuesday,Apple,iPhone 11,7.0,44396.6,310776.2,Krishna Iyer,50,Patna,UPI,2.0
3039,21-02-2024,Wednesday,Samsung,Galaxy S21,1.0,62642.47,62642.47,Kunal Singh,23,Ranchi,Credit Card,1.0
2223,02-07-2023,Sunday,Apple,iPhone SE,5.0,34110.38,170551.9,Anita Mathur,20,Vadodara,Credit Card,2.0
2715,18-11-2023,Saturday,Xiaomi,Mi 11,2.0,41060.72,82121.44,Anita Bhattacharya,43,Coimbatore,Credit Card,4.0
3651,15-08-2024,Thursday,Vivo,Vivo V20,7.0,67042.76,469299.31999999995,Lata Verma,41,Mumbai,Credit Card,5.0
2917,16-01-2024,Tuesday,Xiaomi,Redmi Note 10,5.0,15481.23,77406.15,Sunita Singh,59,Mumbai,Credit Card,4.0
1727,12-02-2023,Sunday,Apple,iPhone 12,4.0,31675.98,126703.92,Mala Malhotra,53,Delhi,Debit Card,1.0
2835,23-12-2023,Saturday,Samsung,Galaxy S21,5.0,,249652.8,Priya Varma,56,Delhi,Debit Card,2.0
3588,07/27/2024,Saturday,Apple,iPhone 12,7.0,33832.44,236827.08000000002,Bhavana Bhatnagar,23,Delhi,UPI,3.0
2651,31-10-2023,Tuesday,Samsung,Galaxy Note 20,7.0,38589.36,270125.52,Rajesh Nambiar,30,Mumbai,Cash,2.0
2026,05/08/2023,Monday,OnePlus,OnePlus 8T,2.0,69830.22,139660.44,Krishna Goyal,33,Gorakhpur,Cash,4.0
1627,14-01-2023,Saturday,Vivo,Vivo S1,1.0,36445.95,36445.95,Tanuja Bhatnagar,59,Indore,Debit Card,3.0
1643,19-01-2023,Thursday,Samsung,Galaxy A51,2.0,23264.73,46529.46,Ayesha Kaur,21,Patna,Credit Card,5.0
2729,22-11-2023,Wednesday,Apple,iPhone SE,6.0,14779.35,88676.1,Vijay Chatterjee,36,Rajkot,Cash,4.0
1386,11/08/2022,Tuesday,OnePlus,OnePlus 9,7.0,55676.53,389735.70999999996,Sumit Alva,37,Indore,UPI,5.0
1400,11/12/2022,Saturday,Samsung,Galaxy Note 20,7.0,10094.77,70663.39,Neeta Solanki,22,Ludhiana,Credit Card,5.0
1196,09/15/2022,Thursday,Samsung,Galaxy S21,7.0,30511.94,213583.58,Lalita Nambiar,40,Bangalore,Debit Card,3.0
3619,05-08-2024,Monday,Apple,iPhone SE,6.0,38217.31,229303.86,Prashant Mishra,32,Rajkot,Cash,5.0
1476,12/03/2022,Saturday,Xiaomi,Redmi Note 10,3.0,49907.21,149721.63,Monika Goyal,23,Madurai,Debit Card,5.0
1868,03/24/2023,Friday,Vivo,Vivo V20,8.0,40170.58,321364.64,Manoj Goyal,42,Delhi,UPI,4.0
3384,06/01/2024,Saturday,Apple,iPhone 11,1.0,67020.61,67020.61,Mala Srivastava,22,Mumbai,UPI,4.0
3441,16-06-2024,Sunday,Xiaomi,Redmi 9,1.0,13125.27,13125.27,Lata Dutta,28,Chennai,Credit Card,4.0
298,01/01/2022,Saturday,Samsung,Galaxy S21,3.0,54569.88,163709.63999999998,Kavita Dutta,35,Delhi,UPI,5.0
3354,05/22/2024,Wednesday,Samsung,Galaxy Note 20,6.0,49489.75,296938.5,Radha Pathak,31,Chennai,UPI,5.0
1265,05-10-2022,Wednesday,Apple,iPhone 11,1.0,15597.87,15597.87,Lalita Bhatnagar,34,Kanpur,Cash,5.0
2290,07/21/2023,Friday,Apple,iPhone 12,9.0,66852.03,601668.27,Namita Deshmukh,29,Chennai,Cash,3.0
959,10-07-2022,Sunday,Vivo,Vivo S1,4.0,60338.27,241353.08,Tanuja Bhatnagar,27,Lucknow,Cash,5.0
2578,10/10/2023,Tuesday,Xiaomi,Redmi 9,7.0,59669.72,417688.04000000004,Pooja Goyal,21,Madurai,Cash,4.0
2782,12/08/2023,Friday,Vivo,Vivo V20,1.0,25573.13,25573.13,Bina Kumar,42,Vadodara,Debit Card,5.0
1799,05-03-2023,Sunday,Xiaomi,Mi 11,7.0,33125.27,231876.88999999998,Sanjay Pillai,38,Mumbai,UPI,5.0
2421,27-08-2023,Sunday,Apple,iPhone 12,1.0,19054.96,19054.96,Vijay Bhattacharya,57,Chennai,UPI,2.0
1375,05-11-2022,Saturday,Apple,iPhone 12,7.0,60777.24,425440.68,Sunil Menon,22,Hyderabad,Credit Card,4.0
1287,11-10-2022,Tuesday,Vivo,Vivo Y51,1.0,65791.51,65791.51,Neeta Menon,49,Delhi,Credit Card,4.0
3831,07-10-2024,Monday,OnePlus,OnePlus 8T,9.0,43406.12,390655.08,Kavita Bhatnagar,41,Mumbai,Cash,5.0
350,01/15/2022,Saturday,Vivo,Vivo V20,8.0,25059.23,200473.84,Navin Malhotra,32,Ranchi,Credit Card,4.0
1369,04-11-2022,Friday,OnePlus,OnePlus 8T,5.0,31468.8,157344.0,Kavita Siddiqui,32,Jodhpur,Cash,5.0
2032,05/09/2023,Tuesday,Vivo,Vivo S1,4.0,44862.79,179451.16,Gita Rathod,36,Chennai,Cash,5.0
644,04/09/2022,Saturday,Vivo,Vivo Y51,5.0,29335.62,146678.1,Anjali Patel,39,Mumbai,Debit Card,5.0
3234,04/17/2024,Wednesday,Xiaomi,Redmi Note 10,1.0,40868.78,40868.78,Prashant Mishra,53,Ludhiana,Debit Card,5.0
3087,06-03-2024,Wednesday,Samsung,Galaxy S21,7.0,25154.11,176078.77000000002,Isha Ghosh,25,Delhi,Credit Card,1.0
670,04/17/2022,Sunday,OnePlus,OnePlus Nord,4.0,63853.73,255414.92,Bina Teja,43,Mumbai,Debit Card,3.0
3482,06/27/2024,Thursday,Samsung,Galaxy Note 20,7.0,25189.13,176323.91,Anand Joshi,34,Gorakhpur,Credit Card,2.0
2390,08/18/2023,Friday,Samsung,Galaxy A51,7.0,18493.13,129451.91,Ravi Kumar,45,Bhopal,Credit Card,2.0
3139,21-03-2024,Thursday,OnePlus,OnePlus Nord,8.0,34276.35,274210.8,Shruti Sharma,19,Mumbai,Debit Card,5.0
1676,01/28/2023,Saturday,Vivo,Vivo Y51,1.0,48888.8,48888.8,Sneha Reddy,37,Indore,Credit Card,4.0
1180,09/10/2022,Saturday,Xiaomi,Mi 11,4.0,38055.34,152221.36,Meena Patel,45,Delhi,Debit Card,1.0
2393,19-08-2023,Saturday,Xiaomi,Redmi 9,5.0,22783.44,113917.2,Namita Goyal,41,Delhi,Cash,2.0
2385,17-08-2023,Thursday,Samsung,Galaxy S21,2.0,13558.53,27117.06,Sunita Thakur,58,Mumbai,UPI,2.0
3569,22-07-2024,Monday,Xiaomi,Mi 11,6.0,21032.39,126194.34,Lalita Luthra,28,Mumbai,Cash,5.0
1588,01/03/2023,Tuesday,Apple,iPhone 12,4.0,68867.87,275471.48,Sumit Chatterjee,40,Gorakhpur,Credit Card,5.0
3028,02/18/2024,Sunday,Samsung,Galaxy A51,8.0,30461.03,243688.24,Ramesh Kumar,52,Rajkot,Cash,3.0
3665,19-08-2024,Monday,Apple,iPhone 11,4.0,23478.33,93913.32,Priya Varma,54,Bangalore,Credit Card,5.0
3652,08/15/2024,Thursday,Vivo,Vivo S1,1.0,45867.75,45867.75,Anand Mehta,18,Rajkot,UPI,2.0
1358,10/31/2022,Monday,OnePlus,OnePlus 8T,3.0,50249.6,150748.8,Anita Joshi,18,Hyderabad,Cash,3.0
787,22-05-2022,Sunday,Samsung,Galaxy Note 20,2.0,31750.58,63501.16,Monika Deshmukh,32,Delhi,Debit Card,5.0
3600,07/30/2024,Tuesday,Xiaomi,Redmi 9,1.0,13334.72,13334.72,Pooja Arora,39,Vadodara,Cash,4.0
141,18-11-2021,Thursday,Vivo,Vivo V20,8.0,26555.7,212445.6,Sachin Varma,27,Lucknow,Cash,5.0
789,22-05-2022,Sunday,OnePlus,OnePlus 8T,7.0,47462.36,332236.52,Sunil Patel,32,Indore,Credit Card,2.0
324,01/08/2022,Saturday,Vivo,Vivo V20,5.0,10811.04,54055.200000000004,Yogesh Sharma,22,Bhopal,Cash,4.0
2589,13-10-2023,Friday,Xiaomi,Redmi Note 10,8.0,27428.74,219429.92,Arun Shah,50,Ranchi,Debit Card,4.0
715,01-05-2022,Sunday,Apple,iPhone SE,6.0,58351.46,350108.76,Lata Shah,51,Bhopal,Debit Card,4.0
2108,05/30/2023,Tuesday,OnePlus,OnePlus Nord,9.0,57754.79,519793.11,Vinod Chatterjee,43,Delhi,UPI,4.0
2280,07/18/2023,Tuesday,Xiaomi,Mi 11,3.0,62840.11,188520.33000000002,Jyoti Ahuja,53,Delhi,Credit Card,2.0
3546,07/15/2024,Monday,Apple,iPhone 12,7.0,23492.51,164447.56999999998,Ravi Bhattacharya,26,Rajkot,Credit Card,3.0
1916,04/07/2023,Friday,OnePlus,OnePlus 8T,3.0,58607.53,175822.59,Nikhil Solanki,27,Delhi,UPI,4.0
3233,17-04-2024,Wednesday,Apple,iPhone 11,7.0,28254.78,197783.46,Lalita Rathod,20,Madurai,UPI,1.0
2965,31-01-2024,Wednesday,Samsung,Galaxy S21,3.0,39104.32,117312.95999999999,Gita Mehta,18,Gorakhpur,UPI,4.0
619,02-04-2022,Saturday,Xiaomi,Redmi Note 10,1.0,17193.28,17193.28,Neeta Deshmukh,41,Hyderabad,Cash,5.0
407,30-01-2022,Sunday,Apple,iPhone 12,8.0,60577.0,484616.0,Jyoti Kumar,20,Bangalore,UPI,3.0
2023,07-05-2023,Sunday,Samsung,Galaxy Note 20,7.0,28463.45,199244.15,Aditya Rao,51,Chennai,Credit Card,1.0
1878,03/27/2023,Monday,OnePlus,OnePlus Nord,9.0,62311.97,560807.73,Kiran Malhotra,39,Mumbai,Cash,5.0
2884,01/07/2024,Sunday,Samsung,Galaxy A51,1.0,17657.39,17657.39,Nikhil Rathod,53,Mumbai,UPI,2.0
1863,22-03-2023,Wednesday,Vivo,Vivo S1,7.0,33728.8,236101.60000000003,Sumit Mishra,36,Delhi,Credit Card,5.0
2368,08/13/2023,Sunday,Apple,iPhone 11,1.0,55854.65,55854.65,Vivek Mehta,28,Hyderabad,Credit Card,2.0
498,02/26/2022,Saturday,Xiaomi,Mi 11,2.0,53403.68,106807.36,Monika Srivastava,22,Hyderabad,Cash,4.0
2165,15-06-2023,Thursday,OnePlus,OnePlus 9,1.0,60590.68,60590.68,Pankaj Desai,51,Hyderabad,Cash,4.0
343,13-01-2022,Thursday,Xiaomi,Mi 11,4.0,41149.78,164599.12,Pooja Joshi,30,Delhi,UPI,5.0
2481,12-09-2023,Tuesday,Samsung,Galaxy Note 20,9.0,45250.75,407256.75,Shruti Chaudhary,25,Mumbai,Credit Card,2.0
2890,01/09/2024,Tuesday,Xiaomi,Mi 11,2.0,32027.97,64055.94,Harish Pillai,44,Delhi,UPI,4.0
783,21-05-2022,Saturday,Apple,iPhone 11,5.0,34912.83,174564.15000000002,Umesh Srivastava,56,Indore,Credit Card,3.0
1324,10/21/2022,Friday,Xiaomi,Redmi 9,9.0,60048.32,540434.88,Monika Thakur,46,Delhi,Credit Card,5.0
2222,07/02/2023,Sunday,Vivo,Vivo S1,6.0,59956.54,359739.24,Amit Sheth,18,Delhi,UPI,1.0
1808,03/07/2023,Tuesday,Apple,iPhone 11,7.0,28527.14,199689.97999999998,Kiran Rathod,22,Jodhpur,Cash,1.0
304,01/03/2022,Monday,OnePlus,OnePlus Nord,4.0,21303.1,85212.4,Rajesh Kapoor,18,Delhi,Credit Card,5.0
3130,03/19/2024,Tuesday,Apple,iPhone 12,1.0,36051.2,36051.2,Arun Gupta,53,Madurai,UPI,4.0
2781,07-12-2023,Thursday,Vivo,Vivo Y51,3.0,10944.16,32832.479999999996,Namita Desai,46,Jodhpur,Credit Card,2.0
665,16-04-2022,Saturday,Vivo,Vivo S1,1.0,62948.21,62948.21,Monika Dutta,38,Mumbai,Cash,5.0
1178,09/10/2022,Saturday,Samsung,Galaxy S21,6.0,36113.84,216683.03999999998,Kiran Gupta,32,Delhi,Cash,3.0
1245,29-09-2022,Thursday,OnePlus,OnePlus Nord,1.0,18025.64,18025.64,Sunita Mehta,55,Delhi,UPI,4.0
2341,05-08-2023,Saturday,Samsung,Galaxy S21,9.0,46913.69,422223.21,Tapan Chatterjee,27,Hyderabad,Debit Card,2.0
2216,06/30/2023,Friday,Vivo,Vivo Y51,9.0,18349.6,165146.4,Shruti Mehta,53,Ludhiana,UPI,2.0
2893,09-01-2024,Tuesday,Vivo,Vivo S1,1.0,42593.21,42593.21,Bina Teja,18,Delhi,Debit Card,3.0
3425,12-06-2024,Wednesday,Apple,iPhone 11,7.0,62832.9,439830.3,Anita Sharma,27,Vadodara,Cash,5.0
3330,05/15/2024,Wednesday,Xiaomi,Redmi 9,6.0,56163.75,336982.5,Umesh Reddy,29,Mumbai,Debit Card,2.0
85,02-11-2021,Tuesday,Vivo,Vivo S1,7.0,51304.08,359128.56,Namita Roy,55,Delhi,UPI,4.0
2823,20-12-2023,Wednesday,Vivo,Vivo V20,4.0,64238.8,256955.2,Manoj Patel,57,Bhopal,Credit Card,4.0
942,07/05/2022,Tuesday,Apple,iPhone SE,3.0,24040.32,72120.95999999999,Ayesha Ahuja,38,Delhi,Debit Card,5.0
962,07/11/2022,Monday,Xiaomi,Mi 11,5.0,18218.93,91094.65,Ramesh Verma,53,Patna,UPI,3.0
842,06/06/2022,Monday,Xiaomi,Redmi Note 10,3.0,45982.26,137946.78,Sunil Siddiqui,44,Delhi,Cash,4.0
2122,06/03/2023,Saturday,Apple,iPhone 12,8.0,57070.34,456562.72,Anita Joshi,55,Mumbai,Credit Card,4.0
2585,12-10-2023,Thursday,OnePlus,OnePlus 8T,2.0,36968.97,73937.94,Radha Sharma,41,Kanpur,Debit Card,4.0
3032,02/19/2024,Monday,Samsung,Galaxy Note 20,6.0,42215.4,253292.40000000002,Vijay Chatterjee,43,Delhi,Cash,3.0
3187,04-04-2024,Thursday,Vivo,Vivo Y51,1.0,68589.4,68589.4,Aditya Alva,43,Delhi,Cash,2.0
2237,06-07-2023,Thursday,OnePlus,OnePlus 8T,8.0,55919.95,447359.6,Pooja Patel,58,Rajkot,Cash,4.0
2621,22-10-2023,Sunday,Xiaomi,Mi 11,7.0,29077.59,203543.13,Reena Menon,150,Delhi,UPI,2.0
291,30-12-2021,Thursday,Xiaomi,Mi 11,3.0,29243.99,87731.97,Pooja Reddy,37,Mumbai,Debit Card,3.0
1821,11-03-2023,Saturday,Samsung,Galaxy S21,9.0,49156.8,442411.2,Ravi Thakur,21,Delhi,Cash,5.0
2447,03-09-2023,Sunday,Samsung,Galaxy A51,4.0,45632.43,182529.72,Arun Kumar,59,Madurai,Debit Card,2.0
3169,30-03-2024,Saturday,Vivo,Vivo V20,9.0,69148.41,622335.6900000001,Kiran Malhotra,29,Delhi,Credit Card,5.0
3217,12-04-2024,Friday,Xiaomi,Mi 11,1.0,40595.95,40595.95,Pankaj Roy,22,Indore,Debit Card,5.0
3573,23-07-2024,Tuesday,Vivo,Vivo S1,5.0,22637.9,113189.5,Arun Teja,27,Hyderabad,Cash,5.0
605,29-03-2022,Tuesday,Apple,iPhone 12,5.0,63182.12,315910.60000000003,Harish Kapoor,25,Patna,Credit Card,5.0
2597,15-10-2023,Sunday,OnePlus,OnePlus 8T,9.0,43758.46,393826.14,Amit Patel,30,Delhi,UPI,3.0
917,28-06-2022,Tuesday,OnePlus,OnePlus Nord,3.0,64262.87,192788.61000000002,Sumit Malhotra,42,Mumbai,UPI,5.0
2029,09-05-2023,Tuesday,Vivo,Vivo S1,2.0,66497.99,132995.98,Pooja Ahuja,24,Delhi,Debit Card,4.0
2347,07-08-2023,Monday,OnePlus,OnePlus 9,7.0,39581.75,277072.25,Anand Joshi,37,Ludhiana,Cash,3.0
1100,08/19/2022,Friday,Samsung,Galaxy A51,6.0,60333.27,361999.62,Umesh Rawat,29,Delhi,Debit Card,5.0
1089,15-08-2022,Monday,Samsung,Galaxy A51,6.0,28765.64,172593.84,Anita Sharma,59,Vadodara,Cash,4.0
3650,08/14/2024,Wednesday,Apple,iPhone 11,4.0,44049.15,176196.6,Ravi Siddiqui,51,Coimbatore,Cash,5.0
2680,11/08/2023,Wednesday,OnePlus,OnePlus 9,2.0,61903.75,123807.5,Lata Joshi,48,Bangalore,Debit Card,2.0
1625,14-01-2023,Saturday,OnePlus,OnePlus Nord,7.0,39972.95,279810.64999999997,Meena Verma,22,Ludhiana,Cash,5.0
2418,08/26/2023,Saturday,Vivo,Vivo S1,1.0,46079.01,46079.01,Sachin Shah,33,Hyderabad,Credit Card,3.0
822,05/31/2022,Tuesday,OnePlus,OnePlus 9,5.0,17101.73,85508.65,Anita Menon,27,Kolkata,Debit Card,2.0
3416,06/10/2024,Monday,Vivo,Vivo Y51,3.0,19240.98,57722.94,Lalita Rathod,38,Hyderabad,UPI,2.0
2382,08/16/2023,Wednesday,Apple,iPhone 12,2.0,15211.77,30423.54,Meena Roy,19,Madurai,Credit Card,2.0
3631,09-08-2024,Friday,Vivo,Vivo V20,5.0,53838.22,269191.1,Anita Bhattacharya,23,Delhi,Cash,2.0
3104,03/11/2024,Monday,OnePlus,OnePlus 9,4.0,16453.68,65814.72,Manoj Shah,18,Chennai,Cash,1.0
3149,24-03-2024,Sunday,Samsung,Galaxy Note 20,9.0,51378.14,462403.26,Sunita Teja,39,Kanpur,Debit Card,3.0
1303,16-10-2022,Sunday,Vivo,Vivo V20,6.0,20627.29,123763.74,Sneha Malhotra,18,Hyderabad,Debit Card,3.0
1001,21-07-2022,Thursday,OnePlus,OnePlus 8T,9.0,59298.96,533690.64,Lata Alva,54,Indore,UPI,5.0
3162,03/28/2024,Thursday,Xiaomi,Mi 11,5.0,21256.66,106283.3,Sneha Kaur,30,Gorakhpur,Cash,3.0
1958,04/19/2023,Wednesday,Xiaomi,Redmi Note 10,6.0,52116.83,312700.98,Tapan Gupta,18,Mumbai,Cash,5.0
1506,12/11/2022,Sunday,Apple,iPhone 12,9.0,44618.04,401562.36,Rajesh Roy,25,Lucknow,Debit Card,3.0
1478,12/03/2022,Saturday,Samsung,Galaxy Note 20,1.0,57218.12,57218.12,Tapan Deshmukh,40,Lucknow,Cash,5.0
19,14-10-2021,Thursday,Xiaomi,Redmi Note 10,5.0,57100.41,285502.05000000005,Kiran Rawat,18,Mumbai,Credit Card,4.0
1638,01/17/2023,Tuesday,OnePlus,OnePlus 9,5.0,10784.59,53922.95,Sachin Singh,46,Ranchi,Cash,4.0
1668,01/26/2023,Thursday,Vivo,Vivo S1,2.0,32572.08,65144.16,Rohan Shah,57,Gorakhpur,Credit Card,4.0
494,02/24/2022,Thursday,Apple,iPhone 12,1.0,49467.33,49467.33,Anand Chatterjee,39,Madurai,UPI,4.0
1126,08/26/2022,Friday,Samsung,Galaxy Note 20,8.0,16335.9,130687.2,Lata Dutta,41,Mumbai,UPI,3.0
1405,13-11-2022,Sunday,OnePlus,OnePlus Nord,7.0,25974.74,181823.18000000002,Vijay Solanki,32,Rajkot,Cash,5.0
3544,07/14/2024,Sunday,Xiaomi,Redmi 9,9.0,37591.06,338319.54,Kiran Srivastava,26,Kolkata,UPI,4.0
2595,15-10-2023,Sunday,Samsung,Galaxy Note 20,2.0,65070.85,130141.7,Meena Srivastava,22,Delhi,Cash,4.0
2285,19-07-2023,Wednesday,Samsung,Galaxy S21,7.0,43300.34,303102.38,Mala Verma,21,Coimbatore,Debit Card,3.0
2352,08/08/2023,Tuesday,Vivo,Vivo V20,9.0,11768.58,105917.22,Ravi Prasad,47,Coimbatore,Credit Card,3.0
2329,01-08-2023,Tuesday,OnePlus,OnePlus 8T,3.0,45153.86,135461.58000000002,Ravi Gupta,56,Mumbai,Cash,4.0
2716,11/19/2023,Sunday,Samsung,Galaxy Note 20,4.0,59909.45,239637.8,Amit Teja,32,Mumbai,Debit Card,4.0
585,23-03-2022,Wednesday,Xiaomi,Redmi Note 10,5.0,60436.22,302181.1,Lata Kaur,22,Delhi,Credit Card,4.0
2243,08-07-2023,Saturday,Samsung,Galaxy A51,6.0,50648.01,303888.06,Umesh Kulkarni,20,Coimbatore,Debit Card,4.0
688,04/23/2022,Saturday,Samsung,Galaxy S21,4.0,18674.78,74699.12,Pankaj Shah,25,Bangalore,Credit Card,3.0
2354,08/09/2023,Wednesday,Vivo,Vivo Y51,4.0,69186.86,276747.44,Monika Nambiar,52,Rajkot,UPI,2.0
2196,06/24/2023,Saturday,Apple,iPhone 11,1.0,59364.19,59364.19,Pankaj Shah,54,Patna,Debit Card,1.0
1796,03/04/2023,Saturday,Vivo,Vivo S1,8.0,52176.85,417414.8,Krishna Alva,51,Delhi,Credit Card,5.0
1609,09-01-2023,Monday,Samsung,Galaxy Note 20,2.0,66822.42,133644.84,Meena Pillai,51,Kanpur,Credit Card,4.0
2572,10/08/2023,Sunday,OnePlus,OnePlus Nord,8.0,64567.65,516541.2,Bhavana Ghosh,24,Patna,Cash,4.0
3241,19-04-2024,Friday,OnePlus,OnePlus 9,5.0,31619.27,158096.35,Manoj Dutta,42,Kanpur,Cash,2.0
1010,07/24/2022,Sunday,Xiaomi,Mi 11,1.0,58713.38,58713.38,Umesh Menon,31,Delhi,Cash,4.0
3082,03/04/2024,Monday,Apple,iPhone 12,7.0,37749.41,264245.87,Aditya Jain,51,Gorakhpur,Debit Card,1.0
3115,14-03-2024,Thursday,OnePlus,OnePlus 8T,9.0,62066.92,558602.28,Anita Mathur,52,Madurai,Credit Card,1.0
361,18-01-2022,Tuesday,Apple,iPhone 11,1.0,30916.15,30916.15,Ravi Sheth,48,Lucknow,Debit Card,4.0
3267,27-04-2024,Saturday,Apple,iPhone SE,7.0,59254.58,414782.06,Nikhil Ahuja,48,Delhi,Cash,2.0
3503,02-07-2024,Tuesday,Vivo,Vivo Y51,3.0,44437.03,133311.09,Monika Mehta,23,Hyderabad,Debit Card,5.0
3690,08/27/2024,Tuesday,Vivo,Vivo S1,1.0,44708.94,44708.94,Pankaj Varma,47,Mumbai,Cash,5.0
1678,01/29/2023,Sunday,OnePlus,OnePlus 9,4.0,64358.42,257433.68,Priya Patel,35,Mumbai,Credit Card,5.0
1311,18-10-2022,Tuesday,Vivo,Vivo S1,7.0,46477.56,325342.92,Shruti Sharma,45,Kanpur,UPI,4.0
2654,11/01/2023,Wednesday,Vivo,Vivo S1,5.0,14479.7,72398.5,Lalita Dutta,47,Delhi,UPI,5.0
1804,03/06/2023,Monday,OnePlus,OnePlus 8T,4.0,49324.94,197299.76,Radha Ghosh,19,Mumbai,Credit Card,4.0
2045,13-05-2023,Saturday,Vivo,Vivo Y51,6.0,16413.12,98478.72,Kiran Nair,52,Delhi,Debit Card,2.0
3231,16-04-2024,Tuesday,OnePlus,OnePlus Nord,2.0,22783.63,45567.26,Deepika Gupta,26,Bhopal,UPI,3.0
345,13-01-2022,Thursday,Samsung,Galaxy Note 20,1.0,35352.36,35352.36,Bhavana Rawat,41,Delhi,UPI,5.0
987,17-07-2022,Sunday,Xiaomi,Mi 11,3.0,34092.5,102277.5,Bhavana Rathod,40,Delhi,Credit Card,5.0
2429,29-08-2023,Tuesday,Apple,iPhone 12,9.0,59511.58,535604.22,Sneha Ghosh,18,Ranchi,UPI,5.0
744,05/09/2022,Monday,Xiaomi,Redmi 9,8.0,61475.02,491800.16,Kunal Deshmukh,57,Delhi,UPI,5.0
3277,30-04-2024,Tuesday,Xiaomi,Redmi Note 10,3.0,52807.72,158423.16,Rajesh Mishra,39,Mumbai,UPI,2.0
1672,01/27/2023,Friday,Apple,iPhone SE,8.0,37569.75,300558.0,Navin Solanki,41,Indore,Cash,5.0
2351,08-08-2023,Tuesday,Apple,iPhone SE,2.0,13403.2,26806.4,Nikhil Yadav,41,Delhi,UPI,2.0
2132,06/06/2023,Tuesday,Apple,iPhone 11,9.0,43415.51,390739.59,Bina Goyal,47,Bhopal,UPI,4.0
114,11/10/2021,Wednesday,Samsung,Galaxy Note 20,6.0,38299.79,229798.74,Isha Desai,34,Kanpur,Cash,5.0
1438,11/22/2022,Tuesday,OnePlus,OnePlus 9,9.0,16065.32,144587.88,Reena Sharma,28,Mumbai,UPI,1.0
2250,07/10/2023,Monday,OnePlus,OnePlus Nord,6.0,26672.01,160032.06,Bhavana Srivastava,39,Indore,Debit Card,4.0
1242,09/28/2022,Wednesday,Xiaomi,Redmi Note 10,2.0,13763.33,27526.66,Mala Thakur,49,Madurai,UPI,5.0
1143,31-08-2022,Wednesday,Samsung,Galaxy S21,8.0,49051.98,392415.84,Meena Verma,59,Delhi,Cash,5.0
2315,29-07-2023,Saturday,Vivo,Vivo V20,5.0,38327.0,191635.0,Ravi Prasad,55,Kanpur,Credit Card,4.0
1217,21-09-2022,Wednesday,Apple,iPhone 11,2.0,51059.72,102119.44,Rajesh Chatterjee,53,Bangalore,Cash,1.0
1199,16-09-2022,Friday,Xiaomi,Mi 11,6.0,68527.03,411162.18,Radha Gupta,32,Hyderabad,UPI,3.0
86,11/02/2021,Tuesday,Apple,iPhone SE,1.0,19507.15,19507.15,Sneha Mishra,32,Bangalore,Debit Card,5.0
1519,15-12-2022,Thursday,Xiaomi,Mi 11,5.0,58153.87,290769.35000000003,Ravi Prasad,38,Ludhiana,Debit Card,4.0
2630,10/25/2023,Wednesday,Apple,iPhone 12,3.0,65047.37,195142.11000000002,Krishna Roy,56,Bangalore,UPI,5.0
1382,11/07/2022,Monday,Xiaomi,Redmi Note 10,5.0,41397.55,206987.75,Nikhil Menon,27,Mumbai,Cash,4.0
2580,10/11/2023,Wednesday,Xiaomi,Redmi 9,4.0,24630.56,98522.24,Anand Mishra,35,Delhi,Cash,3.0
669,17-04-2022,Sunday,OnePlus,OnePlus 8T,8.0,60687.5,485500.0,Bhavana Mehta,18,Bhopal,Credit Card,5.0
1015,26-07-2022,Tuesday,Xiaomi,Redmi 9,7.0,63271.56,442900.92,Amit Rathod,34,Bangalore,Debit Card,5.0
129,14-11-2021,Sunday,OnePlus,OnePlus 8T,1.0,29107.12,29107.12,Meena Mathur,48,Rajkot,Credit Card,5.0
1365,02-11-2022,Wednesday,Xiaomi,Redmi 9,9.0,54775.26,492977.34,Monika Mehta,41,Indore,Credit Card,5.0
3027,18-02-2024,Sunday,Samsung,Galaxy Note 20,6.0,18215.13,109290.78,Nikhil Reddy,56,Mumbai,Cash,2.0
1881,28-03-2023,Tuesday,Samsung,Galaxy Note 20,6.0,18864.78,113188.68,Anita Dutta,38,Gorakhpur,Cash,3.0
892,06/21/2022,Tuesday,OnePlus,OnePlus Nord,2.0,16484.65,32969.3,Namita Sheth,18,Kolkata,Cash,5.0
2467,09-09-2023,Saturday,Xiaomi,Redmi Note 10,9.0,44310.9,398798.10000000003,Isha Luthra,44,Delhi,Cash,3.0
1360,11/01/2022,Tuesday,OnePlus,OnePlus 8T,2.0,27489.05,54978.1,Anita Pillai,40,Mumbai,Debit Card,5.0
308,01/04/2022,Tuesday,Xiaomi,Mi 11,8.0,57015.03,456120.24,Bhavana Mishra,56,Lucknow,Debit Card,5.0
3572,07/23/2024,Tuesday,Vivo,Vivo Y51,6.0,43828.2,262969.19999999995,Deepika Kulkarni,25,Delhi,Cash,2.0
384,01/24/2022,Monday,Xiaomi,Redmi Note 10,5.0,31347.59,156737.95,Priya Roy,30,Hyderabad,Credit Card,5.0
151,21-11-2021,Sunday,Vivo,Vivo Y51,2.0,33866.4,67732.8,Reena Rao,22,Ranchi,Debit Card,5.0
1318,10/20/2022,Thursday,Samsung,Galaxy Note 20,1.0,12705.33,12705.33,Namita Nambiar,42,Kolkata,Cash,4.0
1452,11/26/2022,Saturday,Samsung,Galaxy S21,7.0,33516.47,234615.29,Bhavana Teja,57,Mumbai,UPI,4.0
1874,03/26/2023,Sunday,Samsung,Galaxy A51,1.0,30311.6,30311.6,Kiran Gupta,36,Delhi,Credit Card,5.0
2500,09/18/2023,Monday,Samsung,Galaxy Note 20,2.0,20343.43,40686.86,Sanjay Jain,51,Chennai,Debit Card,4.0
427,04-02-2022,Friday,Vivo,Vivo V20,5.0,15639.46,78197.29999999999,Vivek Alva,56,Coimbatore,Debit Card,2.0
495,25-02-2022,Friday,Xiaomi,Redmi Note 10,1.0,67546.74,67546.74,Bina Solanki,26,Madurai,Credit Card,2.0
1208,09/18/2022,Sunday,Xiaomi,Mi 11,5.0,25195.17,125975.84999999999,Priyanka Menon,18,Ranchi,Cash,5.0
2759,01-12-2023,Friday,OnePlus,OnePlus Nord,7.0,48826.68,341786.76,Sneha Jain,51,Indore,UPI,4.0
2375,14-08-2023,Monday,Vivo,Vivo Y51,5.0,10661.71,53308.549999999996,Krishna Nambiar,33,Jodhpur,Debit Card,3.0
1209,19-09-2022,Monday,Apple,iPhone 11,5.0,64553.94,322769.7,Ayesha Sheth,55,Patna,Cash,5.0
2919,17-01-2024,Wednesday,Samsung,Galaxy A51,6.0,18087.87,108527.22,Monika Mathur,21,Delhi,Cash,2.0
3098,03/09/2024,Saturday,OnePlus,OnePlus 9,8.0,18729.49,149835.92,Anita Ghosh,32,Ranchi,Debit Card,2.0
2804,12/14/2023,Thursday,Samsung,Galaxy S21,6.0,53128.49,318770.94,Reena Kulkarni,56,Delhi,Cash,4.0
1814,03/09/2023,Thursday,Samsung,Galaxy Note 20,7.0,43589.49,305126.43,Bhavana Arora,43,Delhi,Credit Card,3.0
1240,09/28/2022,Wednesday,OnePlus,OnePlus Nord,6.0,38807.57,232845.41999999998,Prashant Das,50,Delhi,Cash,5.0
3505,03-07-2024,Wednesday,OnePlus,OnePlus 9,5.0,33889.3,169446.5,Krishna Patel,35,Bangalore,Cash,5.0
2092,05/26/2023,Friday,OnePlus,OnePlus 9,1.0,25034.89,25034.89,Lata Dutta,19,Delhi,Cash,2.0
276,12/26/2021,Sunday,OnePlus,OnePlus 9,6.0,50198.2,301189.19999999995,Aditya Menon,42,Patna,Debit Card,5.0
490,02/23/2022,Wednesday,Xiaomi,Redmi Note 10,4.0,54901.65,219606.6,Reena Desai,30,Indore,Debit Card,5.0
1979,24-04-2023,Monday,Apple,iPhone 12,8.0,34138.57,273108.56,Pankaj Kapoor,54,Ludhiana,UPI,5.0
1230,09/25/2022,Sunday,Xiaomi,Mi 11,9.0,17801.58,160214.22000000003,Ayesha Luthra,28,Indore,UPI,3.0
691,24-04-2022,Sunday,OnePlus,OnePlus 9,1.0,48386.51,48386.51,Gita Teja,36,Hyderabad,Debit Card,5.0
3179,02-04-2024,Tuesday,Vivo,Vivo V20,4.0,48673.79,194695.16,Neeta Patel,53,Mumbai,Credit Card,5.0
2551,01-10-2023,Sunday,Apple,iPhone 11,2.0,19398.84,38797.68,Vijay Solanki,33,Patna,Credit Card,2.0
1879,27-03-2023,Monday,Xiaomi,Mi 11,4.0,51242.47,204969.88,Aditya Mishra,55,Jodhpur,UPI,5.0
2277,17-07-2023,Monday,OnePlus,OnePlus Nord,9.0,20770.02,186930.18,Prashant Arora,51,Bangalore,Debit Card,5.0
1781,28-02-2023,Tuesday,Samsung,Galaxy Note 20,2.0,19320.6,38641.2,Anand Bhattacharya,33,Vadodara,Debit Card,5.0
3050,02/25/2024,Sunday,Apple,iPhone SE,3.0,44697.32,134091.96,Anita Dutta,27,Kanpur,Cash,1.0
3786,09/25/2024,Wednesday,OnePlus,OnePlus Nord,8.0,25276.56,202212.48,Sumit Siddiqui,19,Delhi,Cash,3.0
1059,08-08-2022,Monday,Xiaomi,Redmi 9,7.0,34946.46,244625.22,Isha Ahuja,21,Patna,Credit Card,3.0
119,11-11-2021,Thursday,Samsung,Galaxy Note 20,6.0,63472.05,380832.30000000005,Anjali Srivastava,25,Gorakhpur,UPI,5.0
1025,29-07-2022,Friday,Xiaomi,Redmi 9,4.0,64698.32,258793.28,Anita Menon,40,Lucknow,Cash,3.0
3383,31-05-2024,Friday,Apple,iPhone SE,6.0,43773.99,262643.94,Priyanka Chatterjee,23,Madurai,Cash,5.0
282,12/27/2021,Monday,Vivo,Vivo Y51,7.0,19087.46,133612.22,Tapan Singh,20,Kanpur,Cash,4.0
2252,07/10/2023,Monday,Apple,iPhone 11,8.0,63596.0,508768.0,Umesh Ghosh,30,Rajkot,UPI,2.0
1317,19-10-2022,Wednesday,Samsung,Galaxy S21,2.0,62788.63,125577.26,Ayesha Ghosh,54,Madurai,UPI,1.0
2974,02/02/2024,Friday,Apple,iPhone 11,8.0,20793.78,166350.24,Monika Mathur,41,Rajkot,UPI,4.0
969,13-07-2022,Wednesday,Apple,iPhone 12,5.0,25573.03,127865.15,Namita Kumar,53,Ranchi,Credit Card,5.0
1666,01/25/2023,Wednesday,Vivo,Vivo S1,3.0,27589.36,82768.08,Vinod Dutta,18,Delhi,UPI,5.0
1883,28-03-2023,Tuesday,Apple,iPhone 11,4.0,21742.47,86969.88,Kiran Solanki,48,Bangalore,Debit Card,4.0
2239,06-07-2023,Thursday,Apple,iPhone 12,5.0,43993.84,219969.19999999998,Pankaj Patel,21,Bangalore,Credit Card,2.0
3376,05/29/2024,Wednesday,Apple,iPhone SE,6.0,48700.59,292203.54,Vivek Mehta,53,Hyderabad,Cash,1.0
620,04/02/2022,Saturday,Vivo,Vivo V20,5.0,39011.32,195056.6,Mala Kulkarni,49,Ludhiana,Credit Card,5.0
1743,17-02-2023,Friday,Xiaomi,Redmi 9,6.0,60786.11,364716.66000000003,Anjali Alva,53,Ludhiana,Cash,5.0
3274,04/29/2024,Monday,Xiaomi,Redmi 9,5.0,26755.92,133779.59999999998,Pankaj Pathak,26,Hyderabad,Cash,3.0
156,11/22/2021,Monday,OnePlus,OnePlus Nord,4.0,39129.86,156519.44,Priya Roy,39,Coimbatore,Credit Card,5.0
3746,09/13/2024,Friday,Xiaomi,Redmi Note 10,2.0,63324.78,126649.56,Anita Desai,29,Delhi,Cash,3.0
1656,01/23/2023,Monday,Vivo,Vivo Y51,7.0,33679.61,235757.27000000002,Anita Pillai,38,Mumbai,Cash,3.0
3777,22-09-2024,Sunday,Xiaomi,Redmi 9,8.0,49473.04,395784.32,Kavita Dutta,34,Mumbai,UPI,2.0
305,03-01-2022,Monday,OnePlus,OnePlus 9,2.0,13374.8,26749.6,Aditya Arora,27,Ranchi,Debit Card,5.0
2485,14-09-2023,Thursday,Vivo,Vivo V20,6.0,28283.37,169700.22,Vijay Mishra,26,Mumbai,Debit Card,2.0
3259,25-04-2024,Thursday,Xiaomi,Redmi Note 10,3.0,19841.84,59525.520000000004,Kiran Gupta,34,Delhi,UPI,5.0
2886,01/08/2024,Monday,Vivo,Vivo V20,6.0,38292.41,229754.46000000002,Tapan Ahuja,40,Mumbai,Credit Card,3.0
1711,07-02-2023,Tuesday,Apple,iPhone 12,8.0,35566.92,284535.36,Tapan Nair,19,Mumbai,Credit Card,4.0
3521,08-07-2024,Monday,Xiaomi,Mi 11,8.0,22675.82,181406.56,Manoj Luthra,48,Kolkata,Cash,2.0
1308,10/17/2022,Monday,Samsung,Galaxy A51,3.0,27075.75,81227.25,Vinod Nambiar,37,Bhopal,UPI,1.0
3413,09-06-2024,Sunday,Samsung,Galaxy A51,9.0,65863.54,592771.86,Isha Reddy,39,Mumbai,Cash,5.0
576,03/21/2022,Monday,Vivo,Vivo V20,7.0,64866.5,454065.5,Rohan Singh,46,Jodhpur,Debit Card,5.0
2997,09-02-2024,Friday,Apple,iPhone 12,5.0,12057.5,60287.5,Pooja Roy,58,Delhi,UPI,3.0
3288,05/03/2024,Friday,Vivo,Vivo Y51,7.0,35626.39,249384.72999999998,Aditya Singh,33,Jodhpur,Credit Card,4.0
3353,22-05-2024,Wednesday,Xiaomi,Redmi 9,2.0,61305.32,122610.64,Anjali Nambiar,59,Mumbai,Cash,3.0
1707,06-02-2023,Monday,OnePlus,OnePlus 9,5.0,26900.76,134503.8,Arun Desai,45,Mumbai,UPI,5.0
2359,10-08-2023,Thursday,Vivo,Vivo S1,1.0,58765.41,58765.41,Manoj Thakur,48,Bangalore,Debit Card,4.0
1300,10/15/2022,Saturday,Apple,iPhone 12,6.0,43517.34,261104.03999999998,Pankaj Nambiar,42,Vadodara,UPI,3.0
133,15-11-2021,Monday,Vivo,Vivo V20,3.0,14206.09,42618.270000000004,Vinod Joshi,34,Coimbatore,Credit Card,3.0
2845,26-12-2023,Tuesday,OnePlus,OnePlus 9,3.0,44786.79,134360.37,Radha Solanki,30,Rajkot,Credit Card,4.0
3075,03-03-2024,Sunday,Vivo,Vivo S1,8.0,34479.66,275837.28,Sumit Siddiqui,30,Lucknow,Debit Card,3.0
1937,13-04-2023,Thursday,Vivo,Vivo Y51,8.0,56509.66,452077.28,Manoj Thakur,31,Kanpur,Credit Card,5.0
844,06/06/2022,Monday,Vivo,Vivo Y51,5.0,54949.47,274747.35,Navin Pathak,49,Ranchi,UPI,4.0
1802,03/06/2023,Monday,Apple,iPhone 11,7.0,45005.32,315037.24,Reena Chatterjee,35,Delhi,Cash,5.0
1629,15-01-2023,Sunday,Samsung,Galaxy Note 20,2.0,63819.64,127639.28,Namita Goyal,55,Delhi,Debit Card,5.0
2844,12/26/2023,Tuesday,OnePlus,OnePlus Nord,7.0,52731.29,369119.03,Priyanka Yadav,54,Gorakhpur,Debit Card,3.0
270,12/24/2021,Friday,OnePlus,OnePlus Nord,7.0,30943.15,216602.05000000002,Manoj Jain,20,Mumbai,UPI,2.0
630,04/05/2022,Tuesday,Apple,iPhone 11,3.0,53277.24,159831.72,Krishna Chatterjee,46,Coimbatore,UPI,5.0
1731,13-02-2023,Monday,OnePlus,OnePlus 9,1.0,35058.34,35058.34,Ayesha Dutta,39,Indore,Cash,5.0
1034,07/31/2022,Sunday,Apple,iPhone 11,4.0,36007.82,144031.28,Kavita Bhatnagar,37,Delhi,Cash,5.0
3015,15-02-2024,Thursday,Vivo,Vivo Y51,3.0,27975.56,83926.68000000001,Kiran Alva,43,Mumbai,UPI,2.0
287,29-12-2021,Wednesday,Vivo,Vivo Y51,3.0,50110.29,150330.87,Devendra Pathak,58,Jodhpur,Credit Card,5.0
1327,22-10-2022,Saturday,Apple,iPhone 11,3.0,60002.66,180007.98,Ayesha Thakur,25,Mumbai,Credit Card,5.0
2821,19-12-2023,Tuesday,Samsung,Galaxy Note 20,3.0,10407.13,31221.39,Radha Sharma,36,Vadodara,UPI,5.0
301,02-01-2022,Sunday,Vivo,Vivo S1,5.0,15871.42,79357.1,Deepika Desai,35,Mumbai,Credit Card,5.0
3048,02/24/2024,Saturday,Samsung,Galaxy A51,6.0,41387.81,248326.86,Shruti Shah,46,Jodhpur,Cash,4.0
3448,06/18/2024,Tuesday,Samsung,Galaxy A51,8.0,64620.78,516966.24,Isha Menon,38,Mumbai,UPI,5.0
1448,11/25/2022,Friday,Xiaomi,Mi 11,8.0,50626.38,405011.04,Rajesh Verma,20,Delhi,Cash,5.0
1473,02-12-2022,Friday,Samsung,Galaxy Note 20,1.0,43247.72,43247.72,Namita Siddiqui,54,Delhi,Debit Card,5.0
2829,22-12-2023,Friday,Samsung,Galaxy A51,1.0,38998.69,38998.69,Meena Kumar,20,Kolkata,UPI,4.0
2373,14-08-2023,Monday,OnePlus,OnePlus 8T,4.0,20821.36,83285.44,Bina Solanki,30,Delhi,Cash,2.0
1187,12-09-2022,Monday,Samsung,Galaxy A51,8.0,32019.89,256159.12,Shruti Shah,48,Delhi,Credit Card,5.0
66,10/28/2021,Thu,Xiaomi,Redmi 9,7.0,12590.22,88131.54,Ramesh Kumar,27,Ludhiana,Debit Card,4.0
3033,20-02-2024,Tuesday,OnePlus,OnePlus 9,8.0,53665.84,429326.72,Navin Sharma,20,Madurai,Cash,4.0
891,20-06-2022,Monday,OnePlus,OnePlus Nord,2.0,48614.57,97229.14,Anita Srivastava,41,Kolkata,Debit Card,5.0
2959,29-01-2024,Monday,OnePlus,OnePlus 8T,7.0,38752.98,271270.86000000004,Manoj Mehta,25,Delhi,Cash,4.0
3333,16-05-2024,Thursday,Apple,iPhone 12,6.0,45965.7,275794.19999999995,Isha Dutta,42,Lucknow,Debit Card,5.0
1767,24-02-2023,Friday,Vivo,Vivo S1,3.0,29409.27,88227.81,Pooja Solanki,55,Mumbai,Cash,3.0
2414,08/25/2023,Friday,Apple,iPhone 11,7.0,52852.93,369970.51,Navin Chaudhary,47,Indore,Credit Card,4.0
1996,04/29/2023,Saturday,Xiaomi,Redmi Note 10,6.0,16075.91,96455.45999999999,Nikhil Solanki,53,Coimbatore,Credit Card,2.0
231,14-12-2021,Tuesday,Apple,iPhone 12,5.0,65498.62,327493.10000000003,Vijay Shah,38,Indore,UPI,4.0
504,02/27/2022,Sunday,Vivo,Vivo Y51,3.0,60156.13,180468.38999999998,Meena Joshi,31,Delhi,Cash,2.0
3345,20-05-2024,Monday,Vivo,Vivo Y51,8.0,20975.44,167803.52,Ayesha Sheth,41,Bangalore,Cash,2.0
2646,10/30/2023,Monday,Apple,iPhone 11,3.0,35454.74,106364.22,Vinod Chatterjee,34,Mumbai,UPI,2.0
381,23-01-2022,Sunday,Xiaomi,Mi 11,2.0,14270.81,28541.62,Devendra Varma,31,Mumbai,Debit Card,5.0
2873,04-01-2024,Thursday,OnePlus,OnePlus Nord,9.0,34858.5,313726.5,Kavita Rawat,55,Ranchi,Debit Card,3.0
1526,12/17/2022,Saturday,OnePlus,OnePlus 9,1.0,20023.34,20023.34,Kavita Kapoor,42,Mumbai,Debit Card,5.0
3228,04/15/2024,Monday,Vivo,Vivo Y51,3.0,24138.64,72415.92,Pankaj Verma,51,Vadodara,Credit Card,2.0
2011,03-05-2023,Wednesday,OnePlus,OnePlus 8T,4.0,48045.52,192182.08,Namita Sheth,50,Jodhpur,Debit Card,2.0
1005,23-07-2022,Saturday,Xiaomi,Redmi Note 10,3.0,57633.74,172901.22,Ramesh Shah,45,Vadodara,Debit Card,5.0
837,04-06-2022,Saturday,Samsung,Galaxy S21,3.0,32478.95,97436.85,Reena Arora,26,Patna,Credit Card,4.0
2284,07/19/2023,Wednesday,Samsung,Galaxy S21,5.0,52766.31,263831.55,Rohan Jain,20,Gorakhpur,UPI,2.0
375,21-01-2022,Friday,Vivo,Vivo V20,9.0,38142.4,343281.60000000003,Anand Reddy,31,Gorakhpur,Credit Card,5.0
2047,13-05-2023,Saturday,Samsung,Galaxy A51,5.0,60164.76,300823.8,Bina Das,49,Delhi,Credit Card,2.0
2695,12-11-2023,Sunday,Apple,iPhone 12,3.0,56744.05,170232.15000000002,Reena Chatterjee,34,Delhi,Cash,5.0
2828,12/22/2023,Friday,OnePlus,OnePlus Nord,3.0,62161.17,186483.51,Harish Mishra,40,Chennai,Credit Card,5.0
940,07/05/2022,Tuesday,Samsung,Galaxy Note 20,6.0,46247.84,277487.04,Vijay Malhotra,44,Delhi,Cash,3.0
1322,10/21/2022,Friday,OnePlus,OnePlus Nord,6.0,36178.09,217068.53999999998,Anita Kumar,48,Delhi,Cash,1.0
3223,14-04-2024,Sunday,Apple,iPhone SE,3.0,29346.72,88040.16,Tapan Ahuja,40,Gorakhpur,Debit Card,1.0
2642,10/29/2023,Sunday,OnePlus,OnePlus 9,4.0,44664.15,178656.6,Sunil Siddiqui,43,Bangalore,UPI,2.0
752,05/12/2022,Thursday,OnePlus,OnePlus 8T,4.0,65958.46,263833.84,Kiran Siddiqui,58,Kanpur,Debit Card,5.0
100,11/06/2021,Saturday,Vivo,Vivo S1,8.0,38722.1,309776.8,Krishna Bhattacharya,38,Gorakhpur,Cash,2.0
1544,12/22/2022,Thursday,OnePlus,OnePlus 8T,3.0,20482.52,61447.56,Anand Kaur,21,Delhi,Debit Card,5.0
2409,24-08-2023,Thursday,Vivo,Vivo S1,3.0,51786.27,155358.81,Devendra Singh,54,Delhi,Cash,4.0
867,13-06-2022,Monday,Samsung,Galaxy Note 20,6.0,38980.71,233884.26,Umesh Menon,50,Kolkata,,3.0
1761,22-02-2023,Wednesday,Xiaomi,Redmi Note 10,3.0,16815.24,50445.72,Arun Kaur,43,Delhi,Cash,5.0
911,26-06-2022,Sunday,Vivo,Vivo Y51,8.0,63330.55,506644.4,Krishna Mehta,24,Delhi,Cash,5.0
2119,02-06-2023,Friday,OnePlus,OnePlus 9,5.0,40489.83,202449.15000000002,Lata Mehta,38,Gorakhpur,Debit Card,4.0
1576,12/31/2022,Saturday,Samsung,Galaxy S21,9.0,62763.82,564874.38,Rohan Deshmukh,22,Mumbai,UPI,4.0
530,03/07/2022,Monday,Vivo,Vivo S1,8.0,23982.68,191861.44,Bhavana Varma,43,Kolkata,UPI,5.0
1261,04-10-2022,Tuesday,Apple,iPhone SE,7.0,63851.72,446962.04000000004,Sanjay Ghosh,50,Delhi,Cash,1.0
1949,16-04-2023,Sunday,OnePlus,OnePlus 9,2.0,48723.92,97447.84,Jyoti Jain,34,Gorakhpur,Debit Card,4.0
3336,05/17/2024,Friday,Samsung,Galaxy Note 20,9.0,32984.82,296863.38,Krishna Iyer,40,Bhopal,UPI,2.0
637,07-04-2022,Thursday,Samsung,Galaxy A51,3.0,50273.29,150819.87,Anand Siddiqui,31,Delhi,Credit Card,4.0
1270,10/06/2022,Thursday,Xiaomi,Redmi 9,5.0,51896.36,259481.8,Vivek Rawat,22,Bhopal,Cash,3.0
186,11/30/2021,Tuesday,Samsung,Galaxy S21,5.0,61255.48,306277.4,Nikhil Jain,39,Patna,Cash,5.0
2410,08/24/2023,Thursday,OnePlus,OnePlus 9,5.0,19877.63,99388.15000000001,Deepika Iyer,24,Delhi,Cash,4.0
1946,04/15/2023,Saturday,OnePlus,OnePlus Nord,1.0,25918.79,25918.79,Isha Reddy,51,Rajkot,UPI,4.0
2178,06/19/2023,Monday,Apple,iPhone 12,7.0,19718.03,138026.21,Deepika Alva,36,Delhi,Cash,4.0
1798,03/05/2023,Sunday,Vivo,Vivo Y51,6.0,35001.69,210010.14,Aditya Kulkarni,36,Mumbai,Credit Card,1.0
932,07/02/2022,Saturday,Xiaomi,Redmi 9,7.0,55798.46,390589.22,Neeta Nair,19,Ranchi,Debit Card,2.0
1442,11/23/2022,Wednesday,Vivo,Vivo Y51,9.0,15734.47,141610.22999999998,Shruti Shah,22,Chennai,Debit Card,5.0
2342,08/05/2023,Saturday,Apple,iPhone 12,2.0,36590.8,73181.6,Amit Joshi,45,Bangalore,Cash,
2926,01/19/2024,Friday,OnePlus,OnePlus Nord,6.0,57829.31,346975.86,Sumit Siddiqui,52,Delhi,Debit Card,3.0
3442,06/16/2024,Sunday,Samsung,Galaxy A51,3.0,36162.49,108487.47,Neeta Solanki,55,Bangalore,Debit Card,4.0
1536,12/19/2022,Monday,OnePlus,OnePlus 8T,2.0,57522.68,115045.36,Anita Malhotra,44,Mumbai,Cash,1.0
866,06/13/2022,Monday,Samsung,Galaxy S21,7.0,52467.04,367269.28,Anita Mehta,37,Mumbai,Cash,3.0
3062,02/28/2024,Wednesday,Vivo,Vivo S1,1.0,49015.04,49015.04,Bhavana Kapoor,52,Bhopal,Credit Card,5.0
1274,10/07/2022,Friday,Xiaomi,Mi 11,7.0,40822.23,285755.61000000004,Manoj Kulkarni,22,Mumbai,Credit Card,3.0
2639,28-10-2023,Saturday,Samsung,Galaxy A51,5.0,34719.64,173598.2,Anita Arora,53,Ludhiana,Debit Card,2.0
3410,06/08/2024,Saturday,OnePlus,OnePlus 8T,8.0,35978.05,287824.4,Jyoti Srivastava,23,Madurai,Debit Card,3.0
608,03/30/2022,Wednesday,OnePlus,OnePlus Nord,7.0,65322.93,457260.51,Rajesh Arora,48,Chennai,Cash,4.0
3543,14-07-2024,Sunday,OnePlus,OnePlus Nord,6.0,30605.24,183631.44,Rajesh Desai,20,Kolkata,UPI,2.0
1713,08-02-2023,Wednesday,OnePlus,OnePlus Nord,5.0,19619.23,98096.15,Bhavana Ghosh,29,Ludhiana,Debit Card,1.0
3757,16-09-2024,Monday,Xiaomi,Redmi 9,1.0,50159.87,50159.87,Sanjay Bhattacharya,21,Delhi,UPI,3.0
152,11/21/2021,Sunday,Vivo,Vivo S1,3.0,29482.32,88446.95999999999,Tanuja Shah,42,Coimbatore,Debit Card,5.0
3815,03-10-2024,Thursday,Vivo,Vivo Y51,9.0,41361.84,372256.55999999994,Sumit Sheth,38,Delhi,Cash,2.0
3685,25-08-2024,Sunday,Samsung,Galaxy Note 20,9.0,18175.12,163576.08,Rohan Deshmukh,42,Mumbai,Credit Card,2.0
1406,11/14/2022,Monday,Xiaomi,Mi 11,7.0,39832.14,278824.98,Rajesh Nambiar,30,Delhi,UPI,5.0
2452,09/04/2023,Monday,Samsung,Galaxy S21,8.0,51326.05,410608.4,Namita Kapoor,56,Mumbai,Cash,4.0
732,05/05/2022,Thursday,Xiaomi,Redmi Note 10,2.0,10872.05,21744.1,Anjali Thakur,28,Delhi,Cash,3.0
2904,01/12/2024,Friday,Vivo,Vivo Y51,8.0,68894.74,551157.92,Krishna Alva,28,Delhi,Credit Card,2.0
2438,09/01/2023,Friday,Apple,iPhone SE,3.0,52933.77,158801.31,Kavita Desai,23,Mumbai,Debit Card,5.0
3490,06/29/2024,Saturday,Xiaomi,Redmi Note 10,4.0,61677.18,246708.72,Umesh Goyal,58,Mumbai,UPI,3.0
24,10/16/2021,Saturday,Xiaomi,Redmi Note 10,4.0,28160.75,112643.0,Mala Ghosh,42,Mumbai,Cash,5.0
3221,13-04-2024,Saturday,Samsung,Galaxy A51,5.0,60342.95,301714.75,Pooja Goyal,52,Mumbai,Debit Card,1.0
159,23-11-2021,Tuesday,OnePlus,OnePlus Nord,3.0,20547.03,61641.09,Nikhil Bhatnagar,26,Kolkata,Credit Card,3.0
1749,18-02-2023,Saturday,Samsung,Galaxy Note 20,2.0,16663.8,33327.6,Ramesh Rao,32,Vadodara,Debit Card,1.0
862,06/11/2022,Saturday,OnePlus,OnePlus 8T,1.0,44272.83,44272.83,Kunal Deshmukh,23,Gorakhpur,Debit Card,4.0
1841,16-03-2023,Thursday,Xiaomi,Redmi Note 10,7.0,51510.81,360575.67,Harish Prasad,52,Lucknow,UPI,1.0
2231,04-07-2023,Tuesday,Apple,iPhone 11,8.0,25754.34,206034.72,Pooja Ahuja,36,Lucknow,Debit Card,4.0
903,24-06-2022,Friday,Xiaomi,Redmi Note 10,6.0,53691.0,322146.0,Arun Deshmukh,23,Mumbai,Cash,3.0
353,15-01-2022,Saturday,Apple,iPhone 11,6.0,40110.41,240662.46000000002,Vijay Prasad,48,Ludhiana,UPI,5.0
1231,25-09-2022,Sunday,Apple,iPhone SE,5.0,29659.3,148296.5,Vinod Prasad,32,Delhi,Cash,3.0
2877,05-01-2024,Friday,Apple,iPhone 11,5.0,30611.9,153059.5,Ayesha Singh,27,Mumbai,Cash,2.0
445,10-02-2022,Thursday,Xiaomi,Mi 11,6.0,11202.76,67216.56,Bhavana Varma,23,Madurai,Credit Card,3.0
3761,17-09-2024,Tuesday,OnePlus,OnePlus 9,7.0,61767.31,432371.17,Rajesh Mathur,18,Delhi,UPI,4.0
755,13-05-2022,Friday,Vivo,Vivo S1,7.0,48307.3,338151.10000000003,Umesh Kaur,19,Mumbai,UPI,3.0
1738,02/15/2023,Wednesday,Vivo,Vivo S1,9.0,14207.08,127863.72,Prashant Arora,48,Mumbai,Debit Card,4.0
924,06/30/2022,Thursday,Xiaomi,Mi 11,8.0,14738.84,117910.72,Vinod Arora,20,Delhi,Cash,2.0
1667,26-01-2023,Thursday,Xiaomi,Redmi Note 10,3.0,10355.44,31066.32,Manoj Jain,49,Bhopal,Credit Card,5.0
3804,09/30/2024,Monday,Samsung,Galaxy A51,5.0,13592.48,67962.4,Kiran Mishra,51,Vadodara,Credit Card,3.0
2685,09-11-2023,Thursday,Apple,iPhone SE,9.0,35305.3,317747.7,Krishna Ahuja,46,Delhi,UPI,3.0
312,01/05/2022,Wednesday,Samsung,Galaxy A51,2.0,18559.26,37118.52,Tanuja Rao,34,Delhi,Cash,5.0
1376,11/06/2022,Sunday,OnePlus,OnePlus 8T,7.0,31382.0,219674.0,Lata Rawat,57,Delhi,Credit Card,5.0
549,13-03-2022,Sunday,Xiaomi,Mi 11,8.0,65952.17,527617.36,Ramesh Kumar,27,Vadodara,Cash,5.0
2546,09/30/2023,Saturday,Apple,iPhone SE,7.0,51242.34,358696.38,Isha Reddy,34,Delhi,Debit Card,2.0
1747,18-02-2023,Saturday,OnePlus,OnePlus Nord,3.0,52287.74,156863.22,Bhavana Arora,42,Mumbai,UPI,4.0
2217,30-06-2023,Friday,Vivo,Vivo Y51,2.0,24218.82,48437.64,Sachin Iyer,33,Hyderabad,Debit Card,2.0
3538,07/13/2024,Saturday,Xiaomi,Mi 11,9.0,41489.01,373401.09,Manoj Thakur,19,Vadodara,Credit Card,5.0
1836,03/15/2023,Wednesday,Samsung,Galaxy A51,4.0,59450.8,237803.2,Namita Roy,56,Mumbai,Debit Card,5.0
307,04-01-2022,Tuesday,Apple,iPhone SE,6.0,69566.26,417397.55999999994,Isha Dutta,55,Delhi,UPI,5.0
288,12/29/2021,Wednesday,Apple,iPhone 12,3.0,68357.6,205072.80000000002,Manoj Pathak,36,Hyderabad,Cash,3.0
695,25-04-2022,Monday,Vivo,Vivo S1,7.0,16578.18,116047.26000000001,Ravi Reddy,18,Ranchi,UPI,5.0
309,04-01-2022,Tuesday,Samsung,Galaxy S21,8.0,65319.25,522554.0,Vinod Kaur,26,Lucknow,Debit Card,4.0
2813,17-12-2023,Sunday,Xiaomi,Redmi Note 10,8.0,57235.02,457880.16,Sanjay Ghosh,41,Madurai,Cash,3.0
1757,21-02-2023,Tuesday,Apple,iPhone 12,8.0,37136.47,297091.76,Meena Kulkarni,31,Patna,Cash,5.0
1928,04/10/2023,Monday,Samsung,Galaxy Note 20,3.0,11596.15,34788.45,Priyanka Yadav,34,Madurai,UPI,1.0
2954,01/27/2024,Saturday,Apple,iPhone 12,4.0,49907.97,199631.88,Neeta Deshmukh,23,Mumbai,Credit Card,2.0
3817,03-10-2024,Thursday,Samsung,Galaxy Note 20,7.0,15829.88,110809.15999999999,Pankaj Alva,50,Hyderabad,Cash,3.0
750,05/11/2022,Wednesday,Samsung,Galaxy S21,2.0,54975.97,109951.94,Manoj Kulkarni,25,Delhi,UPI,5.0
1591,04-01-2023,Wednesday,Vivo,Vivo S1,3.0,48641.59,145924.77,Lalita Rathod,29,Delhi,UPI,1.0
1171,08-09-2022,Thursday,Samsung,Galaxy S21,8.0,44020.74,352165.92,Pankaj Singh,30,Gorakhpur,UPI,5.0
2030,05/09/2023,Tuesday,Xiaomi,Redmi 9,2.0,52667.77,105335.54,Sumit Roy,39,Lucknow,Credit Card,2.0
1267,05-10-2022,Wednesday,Samsung,Galaxy Note 20,2.0,60183.05,120366.1,Pankaj Prasad,59,,UPI,3.0
2520,09/23/2023,Saturday,OnePlus,OnePlus Nord,7.0,37054.44,259381.08000000002,Deepika Reddy,47,Delhi,Debit Card,2.0
2226,07/03/2023,Monday,OnePlus,OnePlus Nord,1.0,22978.06,22978.06,Lata Verma,25,Hyderabad,UPI,1.0
909,26-06-2022,Sunday,OnePlus,OnePlus 8T,6.0,31082.74,186496.44,Ramesh Chatterjee,36,Delhi,Debit Card,4.0
2179,19-06-2023,Monday,OnePlus,OnePlus Nord,5.0,52049.08,260245.40000000002,Meena Pillai,52,Delhi,Credit Card,4.0
87,03-11-2021,Wednesday,Samsung,Galaxy A51,1.0,57260.61,57260.61,Sanjay Bhattacharya,24,Patna,Credit Card,5.0
3036,02/20/2024,Tuesday,Vivo,Vivo Y51,8.0,52167.46,417339.68,Arun Desai,45,Kanpur,Cash,2.0
2432,08/30/2023,Wednesday,Apple,iPhone SE,4.0,14551.09,58204.36,Sanjay Mehta,23,Jodhpur,Cash,4.0
3180,04/02/2024,Tuesday,Vivo,Vivo V20,3.0,53701.17,161103.51,Mala Kulkarni,27,Vadodara,Debit Card,3.0
971,13-07-2022,Wednesday,Xiaomi,Redmi Note 10,5.0,52318.4,261592.0,Ramesh Yadav,45,Mumbai,UPI,5.0
14,10/13/2021,Wed,Xiaomi,Redmi Note 10,9.0,40346.37,363117.33,Arun Iyer,23,Hyderabad,Credit Card,2.0
874,06/15/2022,Wednesday,Samsung,Galaxy A51,8.0,56901.23,455209.84,Bhavana Kapoor,38,Lucknow,UPI,3.0
1724,02/11/2023,Saturday,Vivo,Vivo S1,5.0,21816.01,109080.04999999999,Arun Kumar,38,Chennai,Cash,5.0
809,28-05-2022,Saturday,Xiaomi,Redmi 9,7.0,64351.01,450457.07,Navin Gupta,43,Mumbai,Debit Card,5.0
3294,05/05/2024,Sunday,Samsung,Galaxy A51,4.0,25227.86,100911.44,Reena Bhatnagar,22,Mumbai,Credit Card,1.0
515,02-03-2022,Wednesday,OnePlus,OnePlus 9,8.0,35074.45,280595.6,Neeta Kumar,34,Delhi,Debit Card,2.0
3076,03/03/2024,Sunday,Vivo,Vivo S1,3.0,22677.1,68031.29999999999,Priyanka Pathak,38,Bangalore,Credit Card,3.0
410,01/31/2022,Monday,Vivo,Vivo Y51,8.0,10326.62,82612.96,Anita Arora,27,Ranchi,Credit Card,5.0
2918,01/16/2024,Tuesday,OnePlus,OnePlus 9,2.0,35644.5,71289.0,Lalita Verma,47,Vadodara,UPI,5.0
1338,10/25/2022,Tuesday,OnePlus,OnePlus Nord,6.0,49048.16,294288.96,Prashant Das,27,Patna,Cash,5.0
1414,11/16/2022,Wednesday,Samsung,Galaxy Note 20,8.0,13182.75,105462.0,Arun Gupta,23,Delhi,Cash,3.0
2883,07-01-2024,Sunday,Vivo,Vivo Y51,1.0,11100.3,11100.3,Arun Ghosh,30,Chennai,Credit Card,5.0
208,12/06/2021,Monday,Apple,iPhone SE,2.0,18569.45,37138.9,Sanjay Pathak,32,Delhi,UPI,4.0
2003,01-05-2023,Monday,OnePlus,OnePlus 8T,9.0,26890.58,242015.22000000003,Arun Kumar,44,Ranchi,Debit Card,4.0
459,14-02-2022,Monday,Samsung,Galaxy A51,4.0,58789.0,235156.0,Tapan Deshmukh,32,Rajkot,UPI,2.0
7,10-10-2021,Sun,OnePlus,OnePlus Nord,6.0,61805.8,370834.80000000005,Pankaj Alva,18,Delhi,Cash,4.0
383,23-01-2022,Sunday,Vivo,Vivo Y51,5.0,36026.7,180133.5,Ramesh Das,37,Vadodara,Debit Card,4.0
3327,14-05-2024,Tuesday,OnePlus,OnePlus 9,5.0,29041.25,145206.25,Tanuja Mathur,45,Ranchi,Debit Card,2.0
2793,11-12-2023,Monday,Samsung,Galaxy Note 20,9.0,53293.23,479639.07,Yogesh Menon,33,Mumbai,Cash,4.0
2004,05/01/2023,Monday,Xiaomi,Mi 11,8.0,24654.02,197232.16,Arun Goyal,38,Delhi,Cash,5.0
2541,29-09-2023,Friday,OnePlus,OnePlus 9,7.0,39375.26,275626.82,Aditya Siddiqui,36,Bangalore,UPI,5.0
3338,05/18/2024,Saturday,OnePlus,OnePlus Nord,7.0,36884.51,258191.57,Neeta Mishra,23,Kolkata,Cash,4.0
1884,03/29/2023,Wednesday,Apple,iPhone 11,2.0,11670.99,23341.98,Meena Patel,44,Ranchi,UPI,5.0
1714,02/08/2023,Wednesday,Vivo,Vivo Y51,5.0,26929.34,134646.7,Priya Teja,27,Chennai,Debit Card,1.0
2862,12/31/2023,Sunday,Samsung,Galaxy A51,9.0,22928.17,206353.52999999997,Kiran Prasad,25,Mumbai,Credit Card,4.0
2494,09/16/2023,Saturday,Vivo,Vivo V20,1.0,67965.99,67965.99,Anand Kapoor,20,Kolkata,Credit Card,5.0
2141,09-06-2023,Friday,Apple,iPhone SE,6.0,17924.01,107544.06,Arun Desai,54,Mumbai,Debit Card,5.0
1394,11/10/2022,Thursday,Samsung,Galaxy S21,9.0,47823.86,430414.74,Ravi Patel,22,Delhi,Debit Card,5.0
553,14-03-2022,Monday,Vivo,Vivo Y51,8.0,32266.37,258130.96,Bhavana Bhatnagar,45,Madurai,UPI,5.0
3565,21-07-2024,Sunday,Xiaomi,Redmi 9,8.0,48377.03,387016.24,Sunil Sheth,42,Mumbai,UPI,2.0
223,11-12-2021,Saturday,Apple,iPhone SE,1.0,36413.3,36413.3,Pankaj Mehta,20,Gorakhpur,Credit Card,5.0
1383,08-11-2022,Tuesday,Samsung,Galaxy A51,2.0,30644.53,61289.06,Sumit Dutta,38,Lucknow,Credit Card,3.0
1097,18-08-2022,Thursday,Apple,iPhone 12,7.0,30288.4,212018.80000000002,Anjali Varma,41,Delhi,Credit Card,5.0
3320,05/13/2024,Monday,Xiaomi,Mi 11,5.0,10481.91,52409.55,Tapan Singh,53,Mumbai,Credit Card,3.0
9,11-10-2021,Mon,Vivo,Vivo Y51,6.0,69808.46,418850.76,Pankaj Varma,34,Delhi,UPI,5.0
1926,04/10/2023,Monday,Samsung,Galaxy S21,7.0,56408.44,394859.08,Pankaj Desai,44,Mumbai,Cash,5.0
635,07-04-2022,Thursday,Samsung,Galaxy Note 20,7.0,27940.76,195585.31999999998,Kavita Jain,22,Patna,Credit Card,3.0
3737,10-09-2024,Tuesday,Samsung,Galaxy A51,5.0,25631.05,128155.25,Lata Shah,45,Delhi,Cash,2.0
317,06-01-2022,Thursday,Samsung,Galaxy S21,7.0,17691.11,123837.77,Vivek Teja,21,Madurai,Cash,4.0
2703,15-11-2023,Wednesday,Vivo,Vivo Y51,3.0,26096.93,78290.79000000001,Gita Mehta,46,Indore,Cash,5.0
3387,02-06-2024,Sunday,Apple,iPhone SE,6.0,21612.6,129675.59999999999,Ayesha Rathod,46,Mumbai,UPI,3.0
1329,23-10-2022,Sunday,OnePlus,OnePlus Nord,7.0,63529.18,444704.26,Reena Patel,19,Delhi,Debit Card,5.0
428,02/05/2022,Saturday,OnePlus,OnePlus 8T,7.0,27443.34,192103.38,Navin Mathur,35,Rajkot,Credit Card,2.0
2831,22-12-2023,Friday,Vivo,Vivo Y51,4.0,19269.59,77078.36,Harish Kaur,50,Delhi,UPI,3.0
106,11/07/2021,Sunday,Xiaomi,Redmi 9,1.0,55837.79,55837.79,Nikhil Solanki,50,Mumbai,UPI,3.0
3590,07/28/2024,Sunday,OnePlus,OnePlus Nord,4.0,64674.12,258696.48,Rohan Roy,26,Kolkata,Credit Card,2.0
143,18-11-2021,Thursday,Apple,iPhone 12,2.0,59071.04,118142.08,Kavita Jain,54,Kolkata,UPI,5.0
122,11/12/2021,Friday,Samsung,Galaxy A51,3.0,28371.76,85115.28,Yogesh Luthra,32,Hyderabad,Cash,5.0
2097,27-05-2023,Saturday,OnePlus,OnePlus 9,2.0,63580.08,127160.16,Tanuja Roy,42,Delhi,Credit Card,5.0
3023,17-02-2024,Saturday,Xiaomi,Mi 11,3.0,63092.45,189277.34999999998,Reena Sharma,24,Delhi,Debit Card,1.0
3672,08/21/2024,Wednesday,Xiaomi,Redmi Note 10,9.0,17979.92,161819.27999999997,Priyanka Roy,38,Mumbai,Credit Card,2.0
1190,09/13/2022,Tuesday,OnePlus,OnePlus 8T,1.0,68719.24,68719.24,Sunil Jain,32,Bhopal,Cash,5.0
2517,22-09-2023,Friday,OnePlus,OnePlus Nord,5.0,12645.53,63227.65,Isha Nair,40,Mumbai,Cash,2.0
3322,05/13/2024,Monday,Apple,iPhone 12,6.0,41881.65,251289.90000000002,Anita Luthra,53,Jodhpur,Cash,5.0
2148,06/10/2023,Saturday,Apple,iPhone 11,8.0,42763.0,342104.0,Rohan Singh,32,Delhi,UPI,1.0
1690,02/01/2023,Wednesday,Xiaomi,Mi 11,8.0,25510.03,204080.24,Ramesh Gupta,46,Chennai,Credit Card,5.0
116,11/10/2021,Wednesday,Xiaomi,Redmi Note 10,8.0,12784.17,102273.36,Krishna Rathod,51,Delhi,Debit Card,3.0
3790,09/26/2024,Thursday,Xiaomi,Redmi Note 10,6.0,53334.91,320009.46,Vinod Prasad,36,Mumbai,UPI,4.0
1953,17-04-2023,Monday,Xiaomi,Mi 11,1.0,55583.28,55583.28,Kiran Nair,52,Delhi,UPI,1.0
1950,04/17/2023,Monday,Apple,iPhone 12,5.0,51242.35,256211.75,Pankaj Shah,30,Mumbai,Credit Card,2.0
2944,01/24/2024,Wednesday,Apple,iPhone 11,5.0,59895.9,299479.5,Aditya Luthra,20,Bangalore,Credit Card,2.0
3412,06/09/2024,Sunday,Apple,iPhone 11,7.0,59365.0,415555.0,Kiran Malhotra,29,Chennai,UPI,3.0
801,26-05-2022,Thursday,OnePlus,OnePlus 8T,4.0,33542.93,134171.72,Sunita Teja,53,Hyderabad,Credit Card,5.0
2733,24-11-2023,Friday,Xiaomi,Redmi 9,1.0,10115.91,10115.91,Vivek Bhatnagar,27,Delhi,Debit Card,4.0
3581,25-07-2024,Thursday,Vivo,Vivo Y51,4.0,28380.67,113522.68,Anita Mehta,52,Mumbai,Debit Card,5.0
2665,04-11-2023,Saturday,Samsung,Galaxy Note 20,9.0,29144.5,262300.5,Harish Patel,50,Mumbai,Debit Card,4.0
2064,05/18/2023,Thursday,Samsung,Galaxy S21,6.0,16124.5,96747.0,Shruti Alva,22,Indore,Cash,1.0
3775,21-09-2024,Saturday,OnePlus,OnePlus 8T,4.0,66830.15,267320.6,Sunil Chaudhary,59,Bhopal,Debit Card,5.0
1952,04/17/2023,Monday,Samsung,Galaxy A51,7.0,25744.47,180211.29,Tapan Bhattacharya,26,Kanpur,Cash,5.0
2579,10-10-2023,Tuesday,OnePlus,OnePlus Nord,9.0,11356.27,102206.43000000001,Rohan Goyal,30,Kanpur,UPI,3.0
3242,04/20/2024,Saturday,Vivo,Vivo V20,5.0,58788.6,293943.0,Namita Gupta,42,Delhi,Debit Card,4.0
1110,08/22/2022,Monday,Xiaomi,Mi 11,2.0,51457.08,102914.16,Krishna Nambiar,27,Ludhiana,Credit Card,4.0
2529,26-09-2023,Tuesday,OnePlus,OnePlus 8T,3.0,26507.67,79523.01,Nikhil Rathod,25,Gorakhpur,Debit Card,2.0
592,03/25/2022,Friday,Xiaomi,Mi 11,1.0,21369.41,21369.41,Priya Varma,25,Mumbai,Cash,3.0
3567,21-07-2024,Sunday,Vivo,Vivo Y51,5.0,11072.41,55362.05,Namita Das,26,Delhi,Credit Card,3.0
1577,31-12-2022,Saturday,Apple,iPhone 12,1.0,39263.13,39263.13,Vivek Rawat,43,Mumbai,Cash,5.0
2489,15-09-2023,Friday,Apple,iPhone SE,3.0,48538.54,145615.62,Lalita Thakur,18,Rajkot,UPI,5.0
214,12/08/2021,Wednesday,Vivo,Vivo S1,5.0,11346.95,56734.75,Priya Varma,57,Bhopal,Debit Card,4.0
779,20-05-2022,Friday,Apple,iPhone 12,6.0,24857.03,149142.18,Namita Mehta,26,Delhi,Debit Card,4.0
2742,11/26/2023,Sunday,Vivo,Vivo V20,5.0,38610.27,193051.34999999998,Rohan Nambiar,39,Delhi,Credit Card,2.0
3357,23-05-2024,Thursday,Xiaomi,Mi 11,1.0,,11154.94,Lalita Ahuja,25,Vadodara,UPI,3.0
2044,05/12/2023,Friday,Xiaomi,Mi 11,2.0,40871.62,81743.24,Priyanka Teja,49,Patna,Credit Card,4.0
3164,03/28/2024,Thursday,Samsung,Galaxy A51,8.0,41201.17,329609.36,Arun Iyer,26,Chennai,Cash,2.0
2209,28-06-2023,Wednesday,Samsung,Galaxy S21,6.0,47508.77,285052.62,Mala Siddiqui,26,Mumbai,Debit Card,4.0
2405,23-08-2023,Wednesday,Apple,iPhone 12,4.0,49699.19,198796.76,Bina Joshi,39,Kolkata,Credit Card,4.0
1568,12/29/2022,Thursday,Vivo,Vivo Y51,8.0,65651.02,525208.16,Anand Siddiqui,30,Delhi,UPI,5.0
3276,04/30/2024,Tuesday,Vivo,Vivo Y51,5.0,14657.91,73289.55,Bhavana Rathod,38,Delhi,UPI,5.0
3406,06/07/2024,Friday,Xiaomi,Mi 11,1.0,69398.84,69398.84,Prashant Nair,49,Bangalore,Debit Card,3.0
2261,12-07-2023,Wednesday,Samsung,Galaxy Note 20,9.0,47589.14,428302.26,Jyoti Mehta,34,Bhopal,Debit Card,4.0
3468,06/23/2024,Sunday,Apple,iPhone 12,3.0,40568.96,121706.88,Kavita Teja,29,Lucknow,UPI,3.0
1344,10/27/2022,Thursday,Apple,iPhone SE,5.0,51354.64,256773.2,Priya Mathur,53,Jodhpur,Debit Card,1.0
2014,05/04/2023,Thursday,Apple,iPhone SE,6.0,35784.22,214705.32,Rohan Goyal,43,Gorakhpur,Debit Card,5.0
274,12/25/2021,Saturday,Apple,iPhone 11,4.0,27575.51,110302.04,Arun Sheth,20,Vadodara,Debit Card,5.0
72,10/30/2021,Saturday,Apple,iPhone 12,6.0,68064.4,408386.39999999997,Yogesh Ahuja,25,Patna,UPI,4.0
1088,08/15/2022,Monday,Xiaomi,Redmi Note 10,3.0,54418.18,163254.54,Aditya Menon,58,Rajkot,UPI,5.0
395,27-01-2022,Thursday,Xiaomi,Mi 11,2.0,49188.2,98376.4,Reena Deshmukh,37,Mumbai,Cash,3.0
584,03/23/2022,Wednesday,Apple,iPhone 11,2.0,63292.55,126585.1,Bhavana Srivastava,57,Mumbai,UPI,5.0
3718,09/04/2024,Wednesday,OnePlus,OnePlus 9,5.0,11107.43,55537.15,Meena Yadav,37,Ranchi,Credit Card,3.0
2574,10/09/2023,Monday,Apple,iPhone 12,9.0,57276.46,515488.14,Anand Kapoor,42,Patna,Credit Card,3.0
2590,10/13/2023,Friday,Apple,iPhone 12,6.0,19910.38,119462.28,Radha Kumar,29,Delhi,UPI,4.0
3507,03-07-2024,Wednesday,Xiaomi,Redmi Note 10,3.0,57742.4,173227.2,Navin Kaur,25,Coimbatore,UPI,5.0
2513,21-09-2023,Thursday,Samsung,Galaxy S21,4.0,22623.19,90492.76,Sachin Ghosh,25,Gorakhpur,Cash,3.0
2229,04-07-2023,Tuesday,Apple,iPhone SE,5.0,31416.24,157081.2,Vijay Siddiqui,24,Jodhpur,Cash,2.0
1764,02/23/2023,Thursday,Vivo,Vivo Y51,5.0,40553.35,202766.75,Ravi Reddy,33,Delhi,Debit Card,5.0
3206,04/10/2024,Wednesday,Samsung,Galaxy A51,4.0,37104.51,148418.04,Radha Pathak,58,Delhi,Debit Card,3.0
1260,10/03/2022,Monday,OnePlus,OnePlus 8T,2.0,50336.73,100673.46,Tanuja Dutta,32,Gorakhpur,Credit Card,1.0
527,06-03-2022,Sunday,OnePlus,OnePlus 9,2.0,25313.95,50627.9,Namita Sheth,31,Ranchi,Cash,4.0
378,01/22/2022,Saturday,Apple,iPhone 12,9.0,40790.2,367111.8,Namita Sheth,23,Bangalore,UPI,3.0
1560,12/26/2022,Monday,Xiaomi,Redmi 9,3.0,57852.55,173557.65000000002,Sanjay Srivastava,40,Coimbatore,Cash,1.0
2964,01/30/2024,Tuesday,OnePlus,OnePlus 8T,9.0,66872.21,601849.89,Gita Kulkarni,19,Rajkot,Credit Card,5.0
1964,04/20/2023,Thursday,Vivo,Vivo Y51,4.0,50788.65,203154.6,Devendra Srivastava,20,Ludhiana,Cash,2.0
3429,13-06-2024,Thursday,Apple,iPhone 12,9.0,18691.17,168220.52999999997,Isha Thakur,39,Gorakhpur,Cash,5.0
349,14-01-2022,Friday,Vivo,Vivo S1,6.0,31766.03,190596.18,Priyanka Sharma,35,Delhi,Cash,4.0
2789,09-12-2023,Saturday,Samsung,Galaxy Note 20,8.0,11329.4,90635.2,Kavita Srivastava,35,Bangalore,UPI,5.0
1710,02/07/2023,Tuesday,Xiaomi,Mi 11,7.0,17246.77,120727.39,Priya Varma,30,Chennai,UPI,5.0
1051,05-08-2022,Friday,Apple,iPhone 12,3.0,65861.56,197584.68,Prashant Jain,48,Jodhpur,Cash,5.0
591,25-03-2022,Friday,Apple,iPhone SE,3.0,67697.88,203093.64,Neeta Arora,25,Mumbai,Credit Card,5.0
520,03/04/2022,Friday,Apple,iPhone 11,5.0,66508.99,332544.95,Prashant Srivastava,55,Ludhiana,Cash,5.0
3699,30-08-2024,Friday,OnePlus,OnePlus Nord,6.0,53881.24,323287.44,Ravi Thakur,56,Gorakhpur,Cash,5.0
3523,08-07-2024,Monday,Apple,iPhone SE,4.0,42615.64,170462.56,Bina Das,34,Madurai,Credit Card,2.0
1084,08/14/2022,Sunday,Vivo,Vivo V20,2.0,57188.98,114377.96,Vivek Prasad,37,Patna,UPI,3.0
2677,07-11-2023,Tuesday,Vivo,Vivo S1,4.0,40129.72,160518.88,Manoj Dutta,56,Bangalore,Cash,5.0
159,23-11-2021,Tuesday,OnePlus,OnePlus Nord,3.0,20547.03,61641.09,Nikhil Bhatnagar,26,Kolkata,Credit Card,3.0
1810,03/08/2023,Wednesday,Xiaomi,Mi 11,2.0,57896.38,115792.76,Namita Sheth,53,Rajkot,Credit Card,5.0
3729,07-09-2024,Saturday,Vivo,Vivo V20,4.0,26998.68,107994.72,Mala Arora,48,Bangalore,UPI,4.0
793,24-05-2022,Tuesday,Xiaomi,Mi 11,3.0,67194.23,201582.69,Radha Alva,18,Coimbatore,Credit Card,5.0
2687,10-11-2023,Friday,Vivo,Vivo Y51,3.0,38739.64,116218.92,Anjali Varma,35,Chennai,Cash,4.0
1981,25-04-2023,Tuesday,Apple,iPhone SE,6.0,17101.25,102607.5,Ramesh Rao,35,Delhi,UPI,5.0
2459,06-09-2023,Wednesday,Xiaomi,Mi 11,3.0,10162.07,30486.21,Pooja Kaur,41,Delhi,UPI,5.0
2133,06-06-2023,Tuesday,OnePlus,OnePlus 9,2.0,16493.6,32987.2,Vivek Bhattacharya,58,Mumbai,Debit Card,4.0
1531,18-12-2022,Sunday,Vivo,Vivo Y51,7.0,25419.5,177936.5,Krishna Alva,50,Jodhpur,Credit Card,4.0
1411,15-11-2022,Tuesday,OnePlus,OnePlus 8T,1.0,50155.43,50155.43,Priyanka Patel,57,Rajkot,Credit Card,3.0
2808,12/15/2023,Friday,Apple,iPhone 11,7.0,19316.6,135216.19999999998,Sunita Iyer,21,Delhi,Cash,2.0
3046,02/23/2024,Friday,Xiaomi,Redmi 9,5.0,30220.17,151100.84999999998,Krishna Ahuja,39,Mumbai,Debit Card,2.0
84,11/02/2021,Tuesday,Samsung,Galaxy S21,3.0,16305.85,48917.55,Sunil Kapoor,48,Delhi,Credit Card,2.0
3037,21-02-2024,Wednesday,Apple,iPhone SE,2.0,37166.09,74332.18,Isha Desai,40,Ranchi,Cash,2.0
21,15-10-2021,Friday,Xiaomi,Mi 11,9.0,18129.67,163167.02999999997,Manoj Luthra,44,Coimbatore,UPI,4.0
2156,06/13/2023,Tuesday,Apple,iPhone SE,7.0,50316.63,352216.41,Ramesh Sharma,29,Vadodara,Debit Card,1.0
1563,27-12-2022,Tuesday,OnePlus,OnePlus Nord,5.0,18701.96,93509.79999999999,Manoj Gupta,36,Delhi,Cash,1.0
974,07/14/2022,Thursday,Apple,iPhone SE,2.0,30720.64,61441.28,Yogesh Reddy,47,Hyderabad,Cash,3.0
1711,07-02-2023,Tuesday,Apple,iPhone 12,8.0,35566.92,284535.36,Tapan Nair,19,Mumbai,Credit Card,4.0
2501,18-09-2023,Monday,Vivo,Vivo V20,5.0,31448.99,157244.95,Anjali Thakur,41,Delhi,Cash,2.0
1099,18-08-2022,Thursday,Apple,iPhone 11,3.0,25738.3,77214.9,Meena Desai,57,Delhi,Cash,5.0
887,19-06-2022,Sunday,OnePlus,OnePlus Nord,5.0,46541.74,232708.69999999998,Priyanka Nambiar,48,Rajkot,Cash,2.0
2322,07/30/2023,Sunday,Xiaomi,Mi 11,1.0,34397.53,34397.53,Anand Kapoor,44,Mumbai,Credit Card,2.0
3587,27-07-2024,Saturday,Xiaomi,Mi 11,2.0,58060.49,116120.98,Ravi Bhattacharya,39,Lucknow,Credit Card,4.0
3236,04/18/2024,Thursday,Xiaomi,Redmi 9,7.0,65572.49,459007.43000000005,Ravi Teja,37,Kolkata,Debit Card,2.0
738,05/07/2022,Saturday,Apple,iPhone 11,1.0,41670.04,41670.04,Yogesh Roy,19,Gorakhpur,Credit Card,5.0
1454,11/27/2022,Sunday,Apple,iPhone 11,1.0,16624.57,16624.57,Ravi Jain,36,Lucknow,UPI,5.0
2495,16-09-2023,Saturday,Xiaomi,Mi 11,1.0,59934.28,59934.28,Umesh Ghosh,23,Gorakhpur,UPI,4.0
3389,02-06-2024,Sunday,Apple,iPhone 12,8.0,32967.57,263740.56,Vivek Rawat,35,Lucknow,Cash,4.0
2127,04-06-2023,Sunday,Vivo,Vivo V20,7.0,28623.89,200367.22999999998,Anjali Pathak,19,Delhi,Cash,5.0
907,25-06-2022,Saturday,Samsung,Galaxy Note 20,3.0,36706.4,110119.20000000001,Aditya Luthra,47,Indore,Credit Card,5.0
2305,25-07-2023,Tuesday,Apple,iPhone SE,6.0,41806.93,250841.58000000002,Nikhil Luthra,52,Delhi,Debit Card,3.0
2824,12/20/2023,Wednesday,Apple,iPhone SE,6.0,41653.82,249922.91999999998,Harish Mehta,58,Delhi,Cash,5.0
948,07/07/2022,Thursday,Xiaomi,Mi 11,5.0,31120.99,155604.95,Harish Kumar,51,Lucknow,Cash,5.0
2402,08/22/2023,Tuesday,Vivo,Vivo Y51,3.0,26399.73,79199.19,Shruti Shah,34,Delhi,Debit Card,2.0
3356,05/23/2024,Thursday,Apple,iPhone 12,6.0,30785.97,184715.82,Ravi Jain,24,Ludhiana,Credit Card,1.0
716,05/01/2022,Sunday,Samsung,Galaxy Note 20,7.0,69384.2,485689.39999999997,Vijay Malhotra,49,Mumbai,Debit Card,5.0
2549,01-10-2023,Sunday,Vivo,Vivo S1,1.0,19462.22,19462.22,Navin Malhotra,21,Mumbai,Credit Card,4.0
687,23-04-2022,Saturday,Apple,iPhone 12,9.0,13320.99,119888.91,Neeta Menon,39,Mumbai,Credit Card,5.0
3280,05/01/2024,Wednesday,Vivo,Vivo S1,8.0,10260.64,82085.12,Rajesh Singh,27,Bangalore,UPI,
2898,01/11/2024,Thursday,Apple,iPhone SE,8.0,44736.23,357889.84,Lalita Verma,23,Delhi,UPI,4.0
3810,10/02/2024,Wednesday,Xiaomi,Redmi 9,5.0,33892.6,169463.0,Reena Arora,44,Jodhpur,Cash,4.0
886,06/19/2022,Sunday,Vivo,Vivo Y51,7.0,50783.55,355484.85000000003,Vinod Chatterjee,30,Kolkata,Cash,5.0
918,06/28/2022,Tuesday,OnePlus,OnePlus 8T,4.0,68128.99,272515.96,Vivek Alva,29,Bangalore,Cash,5.0
2698,11/13/2023,Monday,Apple,iPhone 11,2.0,30209.15,60418.3,Pankaj Deshmukh,45,Kanpur,Debit Card,4.0
2424,08/28/2023,Monday,OnePlus,OnePlus Nord,4.0,26981.02,107924.08,Namita Varma,33,Ranchi,UPI,3.0
1266,10/05/2022,Wednesday,OnePlus,OnePlus Nord,8.0,41252.44,330019.52,Anita Dutta,42,Hyderabad,Cash,4.0
484,02/21/2022,Monday,Apple,iPhone SE,7.0,39630.95,277416.64999999997,Shruti Pathak,30,Delhi,Cash,5.0
2879,05-01-2024,Friday,OnePlus,OnePlus 9,2.0,64616.31,129232.62,Umesh Kaur,41,Bhopal,Credit Card,5.0
3321,13-05-2024,Monday,Samsung,Galaxy Note 20,1.0,39524.9,39524.9,Sumit Sheth,27,Kolkata,Credit Card,2.0
278,12/26/2021,Sunday,Apple,iPhone 12,2.0,25400.84,50801.68,Anita Bhattacharya,25,Delhi,Debit Card,5.0
989,18-07-2022,Monday,Vivo,Vivo Y51,8.0,58195.8,465566.4,Isha Luthra,36,Indore,UPI,4.0
2085,24-05-2023,Wednesday,Samsung,Galaxy A51,4.0,24334.28,97337.12,Vinod Kaur,30,Ludhiana,Credit Card,1.0
1246,09/29/2022,Thursday,Xiaomi,Mi 11,2.0,63142.11,126284.22,Arun Kumar,30,Kolkata,UPI,1.0
572,03/20/2022,Sunday,Samsung,Galaxy S21,4.0,28274.52,113098.08,Gita Teja,51,Mumbai,Credit Card,4.0
1436,11/22/2022,Tuesday,Apple,iPhone 11,8.0,48323.57,386588.56,Pooja Luthra,20,Hyderabad,Debit Card,5.0
994,07/19/2022,Tuesday,Samsung,Galaxy S21,8.0,30187.67,241501.36,Nikhil Arora,45,Mumbai,Cash,5.0
3779,23-09-2024,Monday,Xiaomi,Redmi Note 10,9.0,19959.67,179637.02999999997,Rohan Sheth,26,Coimbatore,UPI,5.0
2172,06/17/2023,Saturday,Vivo,Vivo V20,5.0,34792.2,173961.0,Krishna Sharma,38,Mumbai,Cash,2.0
586,03/23/2022,Wednesday,Apple,iPhone SE,4.0,38372.76,153491.04,Ramesh Dutta,56,Delhi,Credit Card,5.0
1350,10/29/2022,Saturday,Vivo,Vivo Y51,9.0,40013.89,360125.01,Ayesha Roy,52,Hyderabad,Debit Card,5.0
1008,07/24/2022,Sunday,Samsung,Galaxy A51,3.0,56632.25,169896.75,Manoj Dutta,42,Ranchi,UPI,5.0
675,19-04-2022,Tuesday,Vivo,Vivo Y51,4.0,43623.94,174495.76,Bina Singh,58,Delhi,Debit Card,5.0
448,02/11/2022,Friday,Vivo,Vivo S1,4.0,61231.96,244927.84,Prashant Rathod,25,Mumbai,Credit Card,5.0
2190,06/22/2023,Thursday,Vivo,Vivo Y51,4.0,24817.79,99271.16,Kiran Patel,38,Ludhiana,Debit Card,4.0
2882,01/06/2024,Saturday,Apple,iPhone 11,3.0,32205.36,96616.08,Yogesh Dutta,33,Ludhiana,Cash,3.0
2065,18-05-2023,Thursday,Vivo,Vivo Y51,3.0,46084.64,138253.91999999998,Krishna Patel,59,Bhopal,UPI,4.0
3043,23-02-2024,Friday,OnePlus,OnePlus 8T,1.0,69422.47,69422.47,Nikhil Ahuja,34,Delhi,Debit Card,5.0
2404,08/22/2023,Tuesday,Samsung,Galaxy Note 20,3.0,31254.76,93764.28,Priya Prasad,51,Gorakhpur,Debit Card,2.0
1691,01-02-2023,Wednesday,Xiaomi,Mi 11,2.0,64039.97,128079.94,Pankaj Prasad,30,Delhi,Credit Card,3.0
3174,03/31/2024,Sunday,Vivo,Vivo Y51,7.0,22707.96,158955.72,Aditya Nair,31,Vadodara,Credit Card,4.0
1248,09/30/2022,Friday,Vivo,Vivo V20,1.0,19812.74,19812.74,Anita Arora,45,Ludhiana,Debit Card,4.0
1986,04/26/2023,Wednesday,Vivo,Vivo Y51,1.0,64867.46,64867.46,Tapan Ahuja,28,Indore,Cash,4.0
295,31-12-2021,Friday,Xiaomi,Redmi 9,7.0,34160.27,239121.88999999998,Sneha Jain,35,Kanpur,Credit Card,5.0
1548,12/23/2022,Friday,Xiaomi,Mi 11,6.0,26080.69,156484.13999999998,Gita Dutta,59,Lucknow,Cash,3.0
2013,04-05-2023,Thursday,Samsung,Galaxy A51,2.0,18295.92,36591.84,Reena Srivastava,25,Rajkot,UPI,2.0
589,24-03-2022,Thursday,Xiaomi,Redmi 9,1.0,13035.81,13035.81,Bina Goyal,44,Gorakhpur,Cash,3.0
2130,06/05/2023,Monday,Apple,iPhone 12,9.0,29095.3,261857.69999999998,Pankaj Mathur,56,Lucknow,Debit Card,4.0
3504,07/03/2024,Wednesday,OnePlus,OnePlus 9,7.0,61208.84,428461.88,Reena Das,56,Mumbai,Cash,3.0
426,02/04/2022,Friday,Apple,iPhone SE,5.0,39834.45,199172.25,Namita Srivastava,34,Delhi,Debit Card,4.0
1055,06-08-2022,Saturday,Apple,iPhone SE,5.0,54328.08,271640.4,Ravi Arora,37,Mumbai,UPI,5.0
3196,04/07/2024,Sunday,Samsung,Galaxy A51,7.0,62077.87,434545.09,Navin Mathur,36,Mumbai,UPI,4.0
557,15-03-2022,Tuesday,Apple,iPhone 11,6.0,39353.79,236122.74,Vijay Malhotra,21,Lucknow,Debit Card,5.0
2903,12-01-2024,Friday,Apple,iPhone 11,8.0,44066.62,352532.96,Deepika Patel,44,Bhopal,Credit Card,3.0
2479,12-09-2023,Tuesday,OnePlus,OnePlus Nord,5.0,11525.24,57626.2,Sumit Alva,24,Rajkot,Credit Card,2.0
3404,06/06/2024,Thursday,Xiaomi,Redmi Note 10,4.0,69961.9,279847.6,Devendra Arora,50,Kolkata,Debit Card,2.0
3401,05-06-2024,Wednesday,OnePlus,OnePlus 8T,2.0,32583.31,65166.62,Namita Kumar,21,Rajkot,Cash,4.0
2761,02-12-2023,Saturday,OnePlus,OnePlus 9,2.0,10067.89,20135.78,Anjali Das,32,Delhi,UPI,3.0
1194,09/14/2022,Wednesday,Xiaomi,Mi 11,2.0,19786.88,39573.76,Krishna Mehta,28,Delhi,Debit Card,5.0
1717,09-02-2023,Thursday,Apple,iPhone SE,5.0,11846.51,59232.55,Sneha Mishra,23,Madurai,Credit Card,5.0
2603,17-10-2023,Tuesday,Samsung,Galaxy Note 20,5.0,60608.75,303043.75,Meena Mathur,24,Kolkata,UPI,5.0
3464,06/22/2024,Saturday,Vivo,Vivo V20,6.0,57802.52,346815.12,Sumit Goyal,30,Delhi,UPI,5.0
3768,09/19/2024,Thursday,OnePlus,OnePlus Nord,4.0,50287.48,201149.92,Manoj Sharma,48,Jodhpur,Cash,2.0
2575,09-10-2023,Monday,OnePlus,OnePlus Nord,5.0,23670.59,118352.95,Sunil Rawat,45,Vadodara,Debit Card,5.0
1286,10/11/2022,Tuesday,Xiaomi,Redmi Note 10,6.0,66747.08,400482.48,Meena Dutta,25,Vadodara,Credit Card,5.0
2770,12/04/2023,Monday,Samsung,Galaxy A51,5.0,29646.43,148232.15,Rajesh Singh,40,Delhi,UPI,2.0
2420,08/27/2023,Sunday,Vivo,Vivo V20,9.0,18082.94,162746.46,Amit Patel,39,Hyderabad,Cash,2.0
3071,01-03-2024,Friday,OnePlus,OnePlus Nord,1.0,26126.88,26126.88,Kiran Ghosh,51,Delhi,Credit Card,3.0
2088,05/25/2023,Thursday,Vivo,Vivo Y51,4.0,43750.73,175002.92,Sachin Nambiar,29,Madurai,Cash,2.0
1890,03/30/2023,Thursday,Samsung,Galaxy A51,6.0,46232.43,277394.58,Vinod Verma,53,Mumbai,UPI,5.0
1592,01/04/2023,Wednesday,OnePlus,OnePlus Nord,2.0,16133.45,32266.9,Ravi Kulkarni,52,Mumbai,UPI,1.0
3388,06/02/2024,Sunday,Samsung,Galaxy S21,9.0,43230.42,389073.77999999997,Nikhil Varma,52,Ludhiana,Credit Card,2.0
2163,14-06-2023,Wednesday,OnePlus,OnePlus 8T,2.0,38187.95,76375.9,Amit Ghosh,39,Patna,Debit Card,5.0
3400,06/05/2024,Wednesday,Xiaomi,Mi 11,6.0,60815.36,364892.16000000003,Lalita Bhatnagar,53,Mumbai,Debit Card,3.0
3143,22-03-2024,Friday,Vivo,Vivo Y51,6.0,11271.53,67629.18000000001,Arun Deshmukh,56,Mumbai,Cash,2.0
1138,08/29/2022,Monday,Samsung,Galaxy A51,4.0,11170.16,44680.64,Arun Mathur,48,Patna,UPI,5.0
2671,05-11-2023,Sunday,Apple,iPhone SE,7.0,34050.71,238354.97,Pankaj Gupta,25,Delhi,Debit Card,3.0
3614,08/04/2024,Sunday,Apple,iPhone 11,4.0,39103.32,156413.28,Tapan Luthra,57,Delhi,Credit Card,3.0
3634,08/09/2024,Friday,Vivo,Vivo V20,2.0,53814.65,107629.3,Kunal Patel,45,Kolkata,Credit Card,2.0
1712,02/07/2023,Tuesday,Samsung,Galaxy S21,9.0,27253.21,245278.88999999998,Manoj Patel,21,Coimbatore,UPI,5.0
2871,03-01-2024,Wednesday,OnePlus,OnePlus Nord,4.0,61732.58,246930.32,Bina Das,55,Mumbai,Credit Card,3.0
454,02/12/2022,Saturday,Vivo,Vivo Y51,6.0,53528.68,321172.08,Vinod Goyal,44,Vadodara,Credit Card,4.0
914,06/27/2022,Monday,Samsung,Galaxy S21,2.0,48869.34,97738.68,Ravi Teja,24,Lucknow,Credit Card,3.0
3719,04-09-2024,Wednesday,Vivo,Vivo Y51,4.0,59913.28,239653.12,Ayesha Rathod,30,Kanpur,UPI,2.0
1200,09/16/2022,Friday,Xiaomi,Redmi Note 10,8.0,55687.53,445500.24,Priya Bhattacharya,40,Bangalore,Cash,3.0
1275,08-10-2022,Saturday,Samsung,Galaxy S21,6.0,24415.76,146494.56,Yogesh Roy,29,Bhopal,Credit Card,4.0
38,10/20/2021,Wednesday,Samsung,Galaxy Note 20,8.0,30269.02,242152.16,Sanjay Joshi,48,Ludhiana,Credit Card,5.0
975,14-07-2022,Thursday,Apple,iPhone 11,9.0,69463.39,625170.51,Kavita Iyer,22,Delhi,UPI,3.0
984,07/17/2022,Sunday,Vivo,Vivo V20,3.0,60582.22,181746.66,Meena Kumar,18,Mumbai,Cash,4.0
2562,10/05/2023,Thursday,Samsung,Galaxy Note 20,6.0,49588.16,297528.96,Ravi Reddy,52,Mumbai,Credit Card,3.0
1419,17-11-2022,Thursday,Xiaomi,Mi 11,4.0,69097.48,276389.92,Priyanka Pathak,59,Jodhpur,Debit Card,5.0
1561,27-12-2022,Tuesday,Xiaomi,Mi 11,6.0,42275.17,253651.02,Meena Sheth,42,Bangalore,Cash,5.0
40,10/21/2021,Thursday,OnePlus,OnePlus Nord,2.0,24537.6,49075.2,Rajesh Verma,34,Delhi,UPI,5.0
1487,06-12-2022,Tuesday,Samsung,Galaxy A51,3.0,18911.05,56733.149999999994,Vijay Singh,57,Bangalore,Debit Card,1.0
3132,03/19/2024,Tuesday,Samsung,Galaxy S21,8.0,37321.85,298574.8,Nikhil Arora,41,Kanpur,UPI,5.0
170,11/26/2021,Friday,Xiaomi,Redmi 9,4.0,37930.34,151721.36,Amit Dutta,32,Vadodara,Debit Card,5.0
1356,10/30/2022,Sunday,Xiaomi,Mi 11,4.0,59780.12,239120.48,Lata Patel,58,Delhi,Debit Card,5.0
2293,22-07-2023,Saturday,Apple,iPhone 12,7.0,46973.04,328811.28,Vivek Mehta,40,Vadodara,Cash,3.0
3453,19-06-2024,Wednesday,Apple,iPhone 12,1.0,54864.42,54864.42,Anjali Varma,41,Ludhiana,Debit Card,3.0
2516,09/22/2023,Friday,Apple,iPhone SE,3.0,19563.42,58690.259999999995,Ayesha Ghosh,59,Ranchi,Cash,3.0
2527,25-09-2023,Monday,Vivo,Vivo S1,3.0,24908.11,74724.33,Ravi Malhotra,24,Delhi,Debit Card,4.0
1641,18-01-2023,Wednesday,OnePlus,OnePlus 9,8.0,11528.36,92226.88,Ayesha Siddiqui,20,Bhopal,Cash,4.0
1291,12-10-2022,Wednesday,Xiaomi,Mi 11,2.0,13553.4,27106.8,Sneha Prasad,52,Mumbai,Cash,5.0
1381,07-11-2022,Monday,OnePlus,OnePlus 8T,9.0,10095.08,90855.72,Radha Solanki,28,Jodhpur,Debit Card,1.0
1934,04/12/2023,Wednesday,Vivo,Vivo Y51,2.0,48300.51,96601.02,Meena Menon,24,Vadodara,Credit Card,2.0
580,03/22/2022,Tuesday,Xiaomi,Redmi Note 10,7.0,62852.89,439970.23,Kavita Siddiqui,26,Ranchi,UPI,5.0
2031,09-05-2023,Tuesday,Xiaomi,Mi 11,1.0,27738.3,27738.3,Prashant Gupta,49,Delhi,Credit Card,4.0
893,21-06-2022,Tuesday,Samsung,Galaxy S21,2.0,36174.67,72349.34,Mala Chatterjee,42,Gorakhpur,Cash,5.0
781,20-05-2022,Friday,OnePlus,OnePlus Nord,9.0,60664.14,545977.26,Arun Chaudhary,34,Delhi,UPI,5.0
160,11/23/2021,Tuesday,Samsung,Galaxy A51,8.0,18695.95,149567.6,Sanjay Sheth,27,Patna,UPI,4.0
3,09-10-2021,Saturday,Vivo,Vivo S1,8.0,58527.58,468220.64,Radha Srivastava,40,Mumbai,UPI,5.0
3167,29-03-2024,Friday,Samsung,Galaxy S21,6.0,37655.25,225931.5,Ramesh Chatterjee,42,Vadodara,Credit Card,2.0
850,06/08/2022,Wednesday,Apple,iPhone 11,9.0,23456.41,211107.69,Vinod Ahuja,32,Patna,Credit Card,4.0
2719,20-11-2023,Monday,Samsung,Galaxy Note 20,8.0,50219.18,401753.44,Kiran Mishra,24,Rajkot,Debit Card,5.0
1597,05-01-2023,Thursday,Vivo,Vivo Y51,3.0,60046.69,180140.07,Prashant Luthra,55,Mumbai,Credit Card,1.0
1777,27-02-2023,Monday,Vivo,Vivo V20,5.0,55169.02,275845.1,Sneha Yadav,44,Kolkata,UPI,5.0
1914,04/06/2023,Thursday,Xiaomi,Mi 11,9.0,16872.72,151854.48,Vijay Das,29,Coimbatore,Debit Card,1.0
1044,08/03/2022,Wednesday,Vivo,Vivo S1,2.0,52926.17,105852.34,Sachin Varma,28,Bangalore,Debit Card,5.0
1545,22-12-2022,Thursday,Apple,iPhone SE,8.0,21919.04,175352.32,Sunil Varma,35,Delhi,Credit Card,5.0
2634,10/26/2023,Thursday,Samsung,Galaxy Note 20,6.0,62223.75,373342.5,Pooja Ahuja,45,Delhi,Credit Card,2.0
54,10/25/2021,Monday,Samsung,Galaxy Note 20,2.0,34409.36,68818.72,Mala Malhotra,39,Bhopal,UPI,2.0
3704,08/31/2024,Saturday,OnePlus,OnePlus 9,8.0,46232.68,369861.44,Kavita Desai,23,Bhopal,Credit Card,5.0
1912,04/06/2023,Thursday,Apple,iPhone 11,5.0,55347.47,276737.35,Pankaj Varma,29,Gorakhpur,Credit Card,1.0
3689,26-08-2024,Monday,Xiaomi,Redmi Note 10,6.0,67010.84,402065.04,Amit Pillai,19,Delhi,Debit Card,3.0
825,01-06-2022,Wednesday,Samsung,Galaxy S21,3.0,60193.14,180579.41999999998,Sumit Teja,42,Delhi,Credit Card,5.0
3434,06/14/2024,Friday,Xiaomi,Redmi 9,2.0,11229.52,22459.04,Kavita Kaur,28,Lucknow,Debit Card,3.0
1390,11/09/2022,Wednesday,Samsung,Galaxy Note 20,3.0,19959.23,59877.69,Tapan Siddiqui,51,Delhi,Cash,1.0
3146,03/23/2024,Saturday,Apple,iPhone 11,4.0,35463.78,141855.12,Tapan Kulkarni,38,Rajkot,Cash,4.0
2401,21-08-2023,Monday,Apple,iPhone 11,1.0,13570.75,13570.75,Lata Chatterjee,31,Ranchi,Cash,5.0
1608,01/09/2023,Monday,Vivo,Vivo S1,6.0,43342.29,260053.74,Vivek Srivastava,47,Delhi,Debit Card,4.0
1595,05-01-2023,Thursday,OnePlus,OnePlus 8T,6.0,69164.05,414984.30000000005,Vivek Bhattacharya,59,Hyderabad,Credit Card,4.0
772,05/18/2022,Wednesday,Xiaomi,Redmi 9,3.0,26161.58,78484.74,Kunal Yadav,40,Mumbai,UPI,5.0
1869,24-03-2023,Friday,Samsung,Galaxy A51,1.0,13112.92,13112.92,Shruti Verma,28,Delhi,UPI,3.0
1086,08/15/2022,Monday,OnePlus,OnePlus 9,4.0,38963.7,155854.8,Sunita Teja,38,Delhi,Debit Card,5.0
2611,20-10-2023,Friday,OnePlus,OnePlus Nord,6.0,58183.37,349100.22000000003,Bhavana Dutta,45,Jodhpur,Cash,4.0
1326,10/22/2022,Saturday,OnePlus,OnePlus 9,6.0,55754.27,334525.62,Reena Teja,59,Chennai,UPI,1.0
1464,11/30/2022,Wednesday,Vivo,Vivo Y51,4.0,63916.99,255667.96,Meena Das,48,Jodhpur,Cash,3.0
807,28-05-2022,Saturday,OnePlus,OnePlus 8T,6.0,49712.7,298276.19999999995,Pankaj Shah,19,Coimbatore,UPI,2.0
2356,08/09/2023,Wednesday,OnePlus,OnePlus 9,2.0,46878.47,93756.94,Sunita Sharma,37,Patna,Cash,2.0
2379,16-08-2023,Wednesday,Samsung,Galaxy S21,4.0,27825.77,111303.08,Aditya Prasad,48,Mumbai,Cash,5.0
2109,31-05-2023,Wednesday,Samsung,Galaxy A51,9.0,38504.74,346542.66,Shruti Roy,54,Mumbai,UPI,2.0
2723,21-11-2023,Tuesday,Vivo,Vivo Y51,7.0,48846.82,341927.74,Anita Shah,49,Rajkot,Credit Card,5.0
3774,09/21/2024,Saturday,Apple,iPhone 11,6.0,41541.16,249246.96000000002,Priyanka Verma,24,Ludhiana,Debit Card,3.0
2235,05-07-2023,Wednesday,Apple,iPhone 11,3.0,29847.7,89543.1,Sanjay Das,28,Delhi,UPI,5.0
964,07/11/2022,Monday,Xiaomi,Mi 11,5.0,64797.98,323989.9,Krishna Mehta,36,Ranchi,Credit Card,2.0
399,28-01-2022,Friday,Samsung,Galaxy Note 20,9.0,54053.67,486483.02999999997,Gita Rathod,18,Delhi,Cash,3.0
3601,31-07-2024,Wednesday,Samsung,Galaxy A51,9.0,39323.88,353914.92,Radha Sharma,27,Delhi,UPI,3.0
705,28-04-2022,Thursday,Samsung,Galaxy Note 20,1.0,33109.76,33109.76,Anita Kulkarni,26,Delhi,Cash,5.0
432,02/06/2022,Sunday,Xiaomi,Mi 11,6.0,69777.81,418666.86,Sachin Desai,40,Rajkot,Cash,5.0
293,31-12-2021,Friday,Vivo,Vivo V20,8.0,23954.08,191632.64,Sumit Alva,48,Vadodara,Debit Card,5.0
3629,08-08-2024,Thursday,Apple,iPhone 12,8.0,42456.54,339652.32,Ayesha Patel,30,Mumbai,Credit Card,5.0
146,11/19/2021,Friday,Apple,iPhone SE,9.0,31383.43,282450.87,Prashant Teja,31,Mumbai,Cash,5.0
2034,05/10/2023,Wednesday,Samsung,Galaxy S21,9.0,58708.79,528379.11,Manoj Chatterjee,18,Coimbatore,Credit Card,5.0
2866,01/01/2024,Monday,Apple,iPhone 11,5.0,54896.61,274483.05,Ramesh Mishra,20,Delhi,Credit Card,2.0
1166,09/06/2022,Tuesday,OnePlus,OnePlus 8T,3.0,23844.06,71532.18000000001,Isha Singh,34,Mumbai,Credit Card,1.0
2051,14-05-2023,Sunday,Vivo,Vivo S1,6.0,66006.46,396038.76,Aditya Nair,56,Delhi,Credit Card,5.0
3324,05/14/2024,Tuesday,Apple,iPhone SE,2.0,27080.46,54160.92,Amit Ahuja,36,Patna,Cash,5.0
340,01/12/2022,Wednesday,Xiaomi,Redmi 9,8.0,40880.17,327041.36,Devendra Arora,38,Delhi,Credit Card,3.0
2320,07/30/2023,Sunday,OnePlus,OnePlus 9,8.0,29479.68,235837.44,Krishna Nambiar,50,Indore,UPI,4.0
266,12/23/2021,Thursday,Vivo,Vivo Y51,6.0,48566.59,291399.54,Ravi Arora,49,Delhi,Cash,4.0
2986,02/06/2024,Tuesday,Apple,iPhone 11,2.0,11929.92,23859.84,Pankaj Roy,33,Delhi,Credit Card,4.0
1772,02/25/2023,Saturday,Samsung,Galaxy S21,4.0,55859.44,223437.76,Reena Deshmukh,21,Mumbai,UPI,5.0
272,12/25/2021,Saturday,OnePlus,OnePlus Nord,2.0,58097.17,116194.34,Kiran Ghosh,27,Kanpur,UPI,2.0
697,25-04-2022,Monday,Vivo,Vivo V20,2.0,65700.15,131400.3,Nikhil Jain,30,Mumbai,Cash,3.0
3808,10/01/2024,Tuesday,Vivo,Vivo Y51,8.0,12625.95,101007.6,Anand Rao,59,Delhi,Credit Card,2.0
245,17-12-2021,Friday,Vivo,Vivo Y51,6.0,18847.16,113082.95999999999,Anjali Nambiar,42,Kanpur,Debit Card,5.0
3606,08/01/2024,Thursday,Xiaomi,Redmi Note 10,6.0,50949.58,305697.48,Reena Mehta,52,Rajkot,UPI,3.0
477,19-02-2022,Saturday,Samsung,Galaxy S21,5.0,23514.39,117571.95,Reena Sharma,19,Delhi,UPI,2.0
2033,10-05-2023,Wednesday,Samsung,Galaxy Note 20,7.0,66653.77,466576.39,Arun Prasad,57,Coimbatore,Debit Card,1.0
3341,19-05-2024,Sunday,Vivo,Vivo S1,8.0,58484.66,467877.28,Radha Sharma,26,Delhi,Debit Card,1.0
2408,08/23/2023,Wednesday,OnePlus,OnePlus Nord,9.0,44564.85,401083.64999999997,Sachin Kaur,38,Hyderabad,Cash,2.0
814,05/29/2022,Sunday,Xiaomi,Mi 11,3.0,53799.59,161398.77,Meena Malhotra,19,Coimbatore,Cash,5.0
1915,07-04-2023,Friday,OnePlus,OnePlus 8T,8.0,28863.1,230904.8,Pankaj Srivastava,23,Gorakhpur,UPI,4.0
3240,04/19/2024,Friday,Vivo,Vivo Y51,4.0,13239.96,52959.84,Jyoti Kumar,33,Hyderabad,,5.0
3780,09/23/2024,Monday,Xiaomi,Mi 11,2.0,28057.14,56114.28,Sachin Desai,54,Delhi,Debit Card,2.0
1805,07-03-2023,Tuesday,Samsung,Galaxy Note 20,1.0,10495.92,10495.92,Neeta Deshmukh,18,Hyderabad,Cash,3.0
2766,12/03/2023,Sunday,Xiaomi,Mi 11,3.0,39285.82,117857.45999999999,Ravi Thakur,41,Ludhiana,Cash,3.0
251,19-12-2021,Sunday,Samsung,Galaxy A51,8.0,69555.86,556446.88,Manoj Dutta,52,Kanpur,Debit Card,5.0
546,03/12/2022,Saturday,Samsung,Galaxy S21,5.0,27882.36,139411.8,Kiran Solanki,45,Delhi,Credit Card,4.0
739,08-05-2022,Sunday,Samsung,Galaxy S21,7.0,57275.86,400931.02,Kavita Siddiqui,37,Delhi,Cash,5.0
311,05-01-2022,Wednesday,Xiaomi,Redmi 9,7.0,67634.11,473438.77,Radha Ghosh,24,Mumbai,UPI,5.0
1132,08/28/2022,Sunday,Vivo,Vivo V20,5.0,44323.28,221616.4,Tapan Ahuja,41,Delhi,UPI,1.0
1450,11/25/2022,Friday,Xiaomi,Redmi Note 10,5.0,56917.16,284585.80000000005,Sneha Menon,42,Patna,Credit Card,1.0
3724,09/06/2024,Friday,OnePlus,OnePlus 9,5.0,29281.07,146405.35,Harish Kumar,21,Gorakhpur,Credit Card,5.0
16,10/13/2021,Wednesday,Vivo,Vivo Y51,3.0,65966.28,197898.84,Anjali Gupta,24,Mumbai,Credit Card,2.0
3366,05/26/2024,Sunday,Xiaomi,Redmi Note 10,1.0,66938.64,66938.64,Jyoti Mishra,41,Rajkot,Debit Card,1.0
2686,11/10/2023,Friday,OnePlus,OnePlus Nord,9.0,18808.1,169272.9,Vinod Nambiar,27,Vadodara,Debit Card,4.0
3086,03/06/2024,Wednesday,Vivo,Vivo Y51,7.0,47501.17,332508.19,Vijay Sheth,44,Mumbai,UPI,5.0
364,01/19/2022,Wednesday,OnePlus,OnePlus 8T,9.0,20990.17,188911.52999999997,Mala Verma,59,Bangalore,Debit Card,5.0
183,29-11-2021,Monday,Apple,iPhone 11,1.0,64152.03,64152.03,Nikhil Pathak,48,Lucknow,UPI,3.0
1195,15-09-2022,Thursday,Xiaomi,Mi 11,6.0,24952.23,149713.38,Sunita Sheth,23,Gorakhpur,Debit Card,1.0
3224,04/14/2024,Sunday,OnePlus,OnePlus 8T,3.0,65568.56,196705.68,Ramesh Sharma,30,Coimbatore,UPI,4.0
1122,08/25/2022,Thursday,Xiaomi,Redmi 9,6.0,24496.15,146976.90000000002,Vivek Alva,33,Madurai,Cash,5.0
3726,09/07/2024,Saturday,Vivo,Vivo V20,4.0,27092.27,108369.08,Amit Ahuja,36,Delhi,UPI,5.0
1183,11-09-2022,Sunday,OnePlus,OnePlus 9,3.0,68859.18,206577.53999999998,Lalita Siddiqui,51,Delhi,Debit Card,5.0
3514,07/05/2024,Friday,OnePlus,OnePlus Nord,6.0,13984.63,83907.78,Rajesh Siddiqui,57,Indore,UPI,4.0
615,01-04-2022,Friday,Samsung,Galaxy Note 20,6.0,31346.45,188078.7,Meena Prasad,29,Bhopal,Debit Card,5.0
1467,01-12-2022,Thursday,Vivo,Vivo V20,9.0,27253.0,245277.0,Mala Kulkarni,51,Delhi,UPI,5.0
402,01/29/2022,Saturday,Apple,iPhone SE,6.0,52179.5,313077.0,Sneha Patel,24,Hyderabad,Debit Card,5.0
935,03-07-2022,Sunday,Xiaomi,Mi 11,8.0,68914.32,551314.56,Navin Kapoor,56,Delhi,Debit Card,5.0
2530,09/26/2023,Tuesday,Apple,iPhone 11,1.0,40428.63,40428.63,Neeta Singh,49,Ranchi,Cash,3.0
3560,07/19/2024,Friday,OnePlus,OnePlus 9,2.0,23497.0,46994.0,Vijay Varma,29,Mumbai,Debit Card,4.0
727,04-05-2022,Wednesday,Xiaomi,Redmi 9,6.0,43901.95,263411.69999999995,Pankaj Shah,32,Chennai,Credit Card,4.0
827,02-06-2022,Thursday,Vivo,Vivo S1,3.0,18114.47,54343.41,Bina Solanki,30,Kanpur,Cash,5.0
1522,12/16/2022,Friday,Apple,iPhone 12,2.0,68161.67,136323.34,Manoj Kapoor,40,Rajkot,Credit Card,3.0
137,16-11-2021,Tuesday,OnePlus,OnePlus 8T,1.0,46661.4,46661.4,Krishna Jain,45,Bangalore,Credit Card,3.0
629,05-04-2022,Tuesday,OnePlus,OnePlus 8T,3.0,16610.33,49830.990000000005,Vivek Bhatnagar,30,Mumbai,Debit Card,5.0
335,11-01-2022,Tuesday,Vivo,Vivo Y51,8.0,33405.16,267241.28,Navin Solanki,39,Ranchi,Debit Card,5.0
391,25-01-2022,Tuesday,Samsung,Galaxy A51,2.0,16970.83,33941.66,Devendra Pathak,46,Mumbai,Credit Card,4.0
2943,24-01-2024,Wednesday,Vivo,Vivo Y51,7.0,44069.69,308487.83,Pankaj Arora,59,Delhi,Credit Card,4.0
1818,03/10/2023,Friday,OnePlus,OnePlus 8T,7.0,21124.71,147872.97,Pooja Menon,42,Delhi,Credit Card,4.0
3452,06/19/2024,Wednesday,Apple,iPhone SE,2.0,54082.48,108164.96,Neeta Solanki,25,Delhi,Credit Card,4.0
711,30-04-2022,Saturday,Samsung,Galaxy A51,6.0,44790.05,268740.30000000005,Rohan Goyal,57,Mumbai,UPI,3.0
1040,08/02/2022,Tuesday,Samsung,Galaxy S21,7.0,59216.61,414516.27,Tanuja Reddy,37,Delhi,Credit Card,3.0
2507,20-09-2023,Wednesday,Samsung,Galaxy A51,2.0,11255.92,22511.84,Sachin Malhotra,22,Gorakhpur,Debit Card,5.0
3316,05/11/2024,Saturday,OnePlus,OnePlus Nord,1.0,59771.34,59771.34,,28,Vadodara,Credit Card,5.0
1562,12/27/2022,Tuesday,Xiaomi,Redmi Note 10,1.0,28580.92,28580.92,Meena Joshi,24,Mumbai,Cash,1.0
3527,10-07-2024,Wednesday,Samsung,Galaxy Note 20,2.0,14383.11,28766.22,Anita Kumar,55,Mumbai,Cash,4.0
3218,04/13/2024,Saturday,Samsung,Galaxy Note 20,8.0,17785.73,142285.84,Priyanka Jain,43,Mumbai,UPI,1.0
1113,23-08-2022,Tuesday,Apple,iPhone 11,1.0,34929.6,34929.6,Rajesh Menon,22,Jodhpur,Credit Card,5.0
1224,09/23/2022,Friday,Vivo,Vivo Y51,7.0,52968.93,370782.51,Jyoti Varma,41,Coimbatore,Credit Card,1.0
2553,02-10-2023,Monday,Samsung,Galaxy S21,6.0,,205945.44,Pooja Dutta,54,Vadodara,Debit Card,4.0
1509,12-12-2022,Monday,Vivo,Vivo Y51,9.0,27121.68,244095.12,Kavita Bhatnagar,48,Delhi,Cash,5.0
1751,19-02-2023,Sunday,Apple,iPhone 11,7.0,56295.33,394067.31,Sachin Desai,21,Coimbatore,Debit Card,5.0
3440,06/16/2024,Sunday,Vivo,Vivo V20,8.0,16195.53,129564.24,Pankaj Mehta,43,Bhopal,Credit Card,4.0
339,12-01-2022,Wednesday,Vivo,Vivo Y51,6.0,61338.62,368031.72000000003,Rohan Rathod,53,Patna,Debit Card,5.0
216,12/09/2021,Thursday,OnePlus,OnePlus 9,7.0,51724.64,362072.48,Lalita Shah,49,Madurai,Credit Card,5.0
1342,10/26/2022,Wednesday,OnePlus,OnePlus 8T,1.0,13771.45,13771.45,Ramesh Solanki,53,Lucknow,Cash,3.0
3212,04/11/2024,Thursday,Vivo,Vivo Y51,6.0,31897.43,191384.58000000002,Lata Chatterjee,50,Rajkot,Cash,4.0
3594,07/29/2024,Monday,Apple,iPhone SE,1.0,16586.98,16586.98,Sunil Menon,19,Bhopal,Credit Card,3.0
2478,09/12/2023,Tuesday,Samsung,Galaxy Note 20,2.0,20766.71,41533.42,Isha Menon,24,Delhi,Cash,5.0
2383,17-08-2023,Thursday,Vivo,Vivo Y51,2.0,52102.82,104205.64,Amit Rathod,50,Ludhiana,Debit Card,3.0
2586,10/12/2023,Thursday,Samsung,Galaxy Note 20,3.0,68315.47,204946.41,Priyanka Yadav,25,Bangalore,UPI,4.0
2323,31-07-2023,Monday,OnePlus,OnePlus Nord,8.0,43648.74,349189.92,Anita Dutta,35,Delhi,Debit Card,5.0
102,11/06/2021,Saturday,Vivo,Vivo S1,1.0,55140.11,55140.11,Bina Nair,48,Ludhiana,Debit Card,5.0
2741,26-11-2023,Sunday,OnePlus,OnePlus 8T,7.0,26024.32,182170.24,Prashant Chatterjee,46,Delhi,Credit Card,5.0
172,11/26/2021,Friday,Vivo,Vivo V20,4.0,54058.6,216234.4,Shruti Chaudhary,22,Delhi,Debit Card,5.0
108,11/08/2021,Monday,Vivo,Vivo S1,3.0,65065.52,195196.56,Kiran Goyal,43,Delhi,Credit Card,5.0
2684,11/09/2023,Thursday,OnePlus,OnePlus Nord,6.0,48860.2,293161.19999999995,Bhavana Desai,39,Kolkata,Cash,5.0
3825,06-10-2024,Sunday,Samsung,Galaxy S21,1.0,16268.38,16268.38,Tapan Singh,25,Kanpur,Cash,3.0
3189,05-04-2024,Friday,Vivo,Vivo Y51,2.0,40138.1,80276.2,Kavita Kapoor,29,Mumbai,Cash,2.0
2556,10/03/2023,Tuesday,Apple,iPhone 11,8.0,19205.05,153640.4,Sumit Rathod,34,Mumbai,Debit Card,5.0
3072,03/02/2024,Saturday,OnePlus,OnePlus 9,8.0,41934.75,335478.0,Gita Mehta,25,Mumbai,Cash,3.0
2609,19-10-2023,Thursday,OnePlus,OnePlus 8T,8.0,65095.49,520763.92,Sumit Alva,23,Delhi,UPI,5.0
2563,05-10-2023,Thursday,Samsung,Galaxy Note 20,6.0,36756.84,220541.03999999998,Manoj Patel,30,Delhi,UPI,4.0
2874,01/04/2024,Thursday,OnePlus,OnePlus 8T,9.0,38414.17,345727.52999999997,Vijay Singh,52,Mumbai,Credit Card,2.0
2981,04-02-2024,Sunday,Xiaomi,Redmi 9,6.0,13238.19,79429.14,Meena Dutta,24,Delhi,Credit Card,3.0
3291,04-05-2024,Saturday,Samsung,Galaxy Note 20,7.0,57409.98,401869.86000000004,Sunita Prasad,42,Rajkot,UPI,2.0
1041,02-08-2022,Tuesday,OnePlus,OnePlus 9,5.0,22559.31,112796.55,Prashant Sharma,51,Delhi,Credit Card,5.0
2670,11/05/2023,Sunday,Apple,iPhone 11,2.0,16870.37,33740.74,Sanjay Jain,58,Mumbai,Credit Card,2.0
2121,03-06-2023,Saturday,Samsung,Galaxy S21,5.0,60048.11,300240.55,Priyanka Ghosh,45,Hyderabad,Cash,2.0
1525,17-12-2022,Saturday,Apple,iPhone 11,7.0,13953.64,97675.48,Arun Rawat,37,Ranchi,UPI,5.0
3547,15-07-2024,Monday,Xiaomi,Redmi 9,8.0,26292.69,210341.52,Manoj Kaur,48,Patna,Debit Card,2.0
2249,09-07-2023,Sunday,Samsung,Galaxy A51,7.0,48680.34,340762.38,Amit Ghosh,28,Hyderabad,UPI,2.0
482,02/20/2022,Sunday,Xiaomi,Redmi 9,8.0,21156.02,169248.16,Ravi Malhotra,47,Mumbai,Debit Card,4.0
3058,02/27/2024,Tuesday,Apple,iPhone 12,9.0,11014.59,99131.31,Neeta Patel,21,Kanpur,Cash,5.0
2830,12/22/2023,Friday,OnePlus,OnePlus 8T,7.0,30158.22,211107.54,Anita Mathur,54,Coimbatore,Credit Card,5.0
1763,23-02-2023,Thursday,Samsung,Galaxy A51,6.0,67877.37,407264.22,Lalita Desai,39,Vadodara,Credit Card,3.0
3326,05/14/2024,Tuesday,OnePlus,OnePlus 9,6.0,38220.84,229325.03999999998,Yogesh Rao,23,Indore,UPI,1.0
3247,21-04-2024,Sunday,Apple,iPhone SE,7.0,12473.08,87311.56,Ayesha Bhattacharya,47,Mumbai,Debit Card,3.0
2644,10/29/2023,Sunday,Vivo,Vivo Y51,8.0,51142.43,409139.44,Radha Varma,26,Coimbatore,UPI,4.0
3771,20-09-2024,Friday,Samsung,Galaxy S21,9.0,51952.52,467572.68,Navin Solanki,19,Indore,Credit Card,3.0
406,01/30/2022,Sunday,Vivo,Vivo V20,7.0,59053.92,413377.44,Anand Siddiqui,46,Mumbai,Debit Card,5.0
758,05/14/2022,Saturday,Vivo,Vivo S1,4.0,33975.91,135903.64,Isha Dutta,44,Madurai,Cash,3.0
2502,09/18/2023,Monday,Samsung,Galaxy A51,4.0,53765.57,215062.28,Bina Roy,34,Delhi,UPI,5.0
98,11/05/2021,Friday,Apple,iPhone SE,3.0,55939.14,167817.41999999998,Reena Chatterjee,38,Hyderabad,Debit Card,5.0
1334,10/24/2022,Monday,Samsung,Galaxy A51,2.0,31706.2,63412.4,Amit Teja,33,Delhi,Debit Card,3.0
3047,24-02-2024,Saturday,Vivo,Vivo S1,5.0,17740.25,88701.25,Rajesh Kulkarni,46,Bangalore,UPI,2.0
3545,15-07-2024,Monday,Apple,iPhone SE,7.0,21519.52,150636.64,Sanjay Sheth,30,Ludhiana,UPI,3.0
2515,22-09-2023,Friday,Apple,iPhone SE,9.0,57192.62,514733.58,Ravi Patel,42,Ranchi,Debit Card,5.0
2059,16-05-2023,Tuesday,Apple,iPhone 11,4.0,61240.98,244963.92,Tapan Joshi,26,Bhopal,Debit Card,1.0
2688,11/10/2023,Friday,Vivo,Vivo V20,1.0,11045.83,11045.83,Shruti Joshi,52,Delhi,Cash,4.0
149,20-11-2021,Saturday,Vivo,Vivo S1,7.0,49156.12,344092.84,Mala Teja,26,Delhi,Debit Card,5.0
29,17-10-2021,Sunday,Xiaomi,Redmi 9,1.0,37307.45,37307.45,Tapan Shah,54,Delhi,Cash,4.0
2615,21-10-2023,Saturday,Vivo,Vivo V20,6.0,15608.08,93648.48,Yogesh Dutta,50,Mumbai,UPI,3.0
2518,09/23/2023,Saturday,Samsung,Galaxy S21,8.0,33639.25,269114.0,Lalita Ahuja,51,Delhi,Debit Card,3.0
693,24-04-2022,Sunday,Samsung,Galaxy Note 20,6.0,34442.94,206657.64,Bina Goyal,59,Ludhiana,Debit Card,5.0
1387,09-11-2022,Wednesday,Xiaomi,Redmi Note 10,,67314.57,403887.42000000004,Anand Yadav,50,Kanpur,Debit Card,5.0
1846,03/18/2023,Saturday,OnePlus,OnePlus 8T,5.0,65008.39,325041.95,Vijay Varma,50,Delhi,UPI,5.0
3337,17-05-2024,Friday,Xiaomi,Redmi 9,7.0,,208760.02000000002,Sunil Reddy,26,Indore,Debit Card,5.0
1600,01/06/2023,Friday,Apple,iPhone 12,2.0,25576.64,51153.28,Kiran Jain,26,Delhi,Debit Card,1.0
702,04/27/2022,Wednesday,Vivo,Vivo Y51,1.0,58389.76,58389.76,Kavita Desai,22,Kanpur,Credit Card,5.0
1709,06-02-2023,Monday,Samsung,Galaxy S21,8.0,36879.73,295037.84,Neeta Ghosh,31,Delhi,Credit Card,5.0
455,12-02-2022,Saturday,Samsung,Galaxy S21,4.0,14863.57,59454.28,Monika Deshmukh,32,Delhi,Credit Card,2.0
2041,12-05-2023,Friday,OnePlus,OnePlus 8T,2.0,31878.4,63756.8,Rohan Menon,26,Mumbai,Cash,1.0
2674,11/06/2023,Monday,Samsung,Galaxy A51,5.0,40382.18,201910.9,Sunil Reddy,34,Lucknow,Credit Card,3.0
2316,07/29/2023,Saturday,Xiaomi,Redmi Note 10,4.0,32974.56,131898.24,Namita Rao,45,Kolkata,Cash,5.0
610,03/30/2022,Wednesday,OnePlus,OnePlus Nord,4.0,17724.83,70899.32,Sachin Rawat,20,Kolkata,Credit Card,5.0
168,11/25/2021,Thursday,OnePlus,OnePlus Nord,7.0,25782.17,180475.19,Bhavana Kapoor,55,Mumbai,Debit Card,5.0
731,05-05-2022,Thursday,Xiaomi,Redmi Note 10,5.0,43568.52,217842.59999999998,Lalita Patel,35,Hyderabad,Cash,4.0
2752,11/29/2023,Wednesday,Samsung,Galaxy A51,3.0,16393.57,49180.71,Nikhil Ahuja,37,Jodhpur,Cash,4.0
3435,15-06-2024,Saturday,Samsung,Galaxy S21,7.0,11008.44,77059.08,Rajesh Singh,27,Jodhpur,Credit Card,5.0
3379,30-05-2024,Thursday,OnePlus,OnePlus 9,7.0,44070.46,308493.22,Rohan Roy,20,Coimbatore,UPI,2.0
1623,13-01-2023,Friday,Apple,iPhone 12,6.0,56078.01,336468.06,Tanuja Gupta,59,Mumbai,Credit Card,3.0
588,03/24/2022,Thursday,Vivo,Vivo V20,8.0,48312.62,386500.96,Kavita Bhatnagar,34,Vadodara,Credit Card,5.0
1402,11/13/2022,Sunday,Vivo,Vivo S1,1.0,11822.77,11822.77,Pankaj Alva,30,Patna,Debit Card,3.0
1701,04-02-2023,Saturday,Samsung,Galaxy A51,8.0,49439.13,395513.04,Prashant Luthra,28,Chennai,Cash,1.0
3661,18-08-2024,Sunday,Xiaomi,Mi 11,6.0,28513.99,171083.94,Pooja Deshmukh,59,Delhi,Cash,5.0
3202,04/09/2024,Tuesday,OnePlus,OnePlus 9,2.0,32777.85,65555.7,Pankaj Jain,25,Delhi,Credit Card,2.0
1380,11/07/2022,Monday,Apple,iPhone 11,7.0,13988.39,97918.73,Radha Ghosh,40,Gorakhpur,Credit Card,5.0
2090,05/25/2023,Thursday,Vivo,Vivo Y51,1.0,48633.64,48633.64,Tapan Varma,18,Jodhpur,Credit Card,1.0
2176,06/18/2023,Sunday,Xiaomi,Redmi 9,4.0,40732.66,162930.64,Krishna Joshi,39,Jodhpur,Cash,1.0
2755,30-11-2023,Thursday,Xiaomi,Redmi 9,8.0,35899.05,287192.4,Vinod Sharma,24,Coimbatore,UPI,4.0
2460,09/07/2023,Thursday,OnePlus,OnePlus 8T,2.0,35956.08,71912.16,Bhavana Yadav,27,Delhi,Cash,5.0
3108,03/12/2024,Tuesday,Samsung,Galaxy Note 20,8.0,47513.02,380104.16,Aditya Luthra,48,Patna,Debit Card,5.0
442,02/09/2022,Wednesday,Apple,iPhone 12,2.0,27484.91,54969.82,Meena Kulkarni,48,Mumbai,Debit Card,3.0
2052,05/15/2023,Monday,OnePlus,OnePlus Nord,6.0,52329.37,313976.22000000003,Neeta Sharma,55,Kolkata,Debit Card,1.0
1302,10/15/2022,Saturday,OnePlus,OnePlus 8T,1.0,16659.69,16659.69,Ayesha Solanki,44,Indore,Credit Card,5.0
3245,21-04-2024,Sunday,OnePlus,OnePlus Nord,7.0,53142.0,371994.0,Sumit Sheth,39,Ludhiana,UPI,5.0
1305,16-10-2022,Sunday,Samsung,Galaxy S21,1.0,17602.76,17602.76,Kiran Siddiqui,27,Mumbai,UPI,3.0
237,15-12-2021,Wednesday,Samsung,Galaxy Note 20,1.0,54691.92,54691.92,Kunal Malhotra,20,Ludhiana,UPI,5.0
521,04-03-2022,Friday,Samsung,Galaxy S21,6.0,46224.66,277347.96,Neeta Nair,18,Vadodara,UPI,5.0
736,05/07/2022,Saturday,OnePlus,OnePlus 9,6.0,62001.48,372008.88,Jyoti Iyer,54,Mumbai,Debit Card,5.0
3394,06/03/2024,Monday,Samsung,Galaxy Note 20,6.0,38786.28,232717.68,Vivek Mathur,33,Mumbai,Debit Card,5.0
2107,30-05-2023,Tuesday,Samsung,Galaxy Note 20,7.0,45203.89,316427.23,Namita Roy,58,Ranchi,Cash,4.0
593,25-03-2022,Friday,OnePlus,OnePlus Nord,3.0,50583.36,151750.08000000002,Jyoti Sheth,40,Mumbai,UPI,5.0
1304,10/16/2022,Sunday,Xiaomi,Mi 11,1.0,35719.89,35719.89,Lalita Rao,38,Kanpur,UPI,5.0
1388,11/09/2022,Wednesday,Apple,iPhone SE,7.0,63263.46,442844.22,Rajesh Siddiqui,57,Delhi,Debit Card,1.0
3438,06/15/2024,Saturday,Xiaomi,Redmi Note 10,1.0,66528.55,66528.55,Mala Das,24,Vadodara,UPI,5.0
2857,30-12-2023,Saturday,Apple,iPhone 12,3.0,52847.92,158543.76,Monika Chatterjee,49,Kolkata,UPI,2.0
3570,07/22/2024,Monday,Samsung,Galaxy S21,3.0,50808.57,152425.71,Ayesha Patel,55,Delhi,Cash,3.0
905,24-06-2022,Friday,Vivo,Vivo V20,9.0,68645.38,617808.42,Bina Joshi,20,Gorakhpur,Credit Card,5.0
3250,04/22/2024,Monday,Vivo,Vivo V20,1.0,46223.6,46223.6,Vijay Rao,59,Mumbai,UPI,2.0
1280,10/09/2022,Sunday,Xiaomi,Mi 11,7.0,55498.16,388487.12,Ayesha Bhattacharya,20,Lucknow,Cash,1.0
3498,07/01/2024,Monday,Vivo,Vivo S1,6.0,61885.35,371312.1,Isha Gupta,49,Delhi,Cash,4.0
3687,26-08-2024,Monday,Samsung,Galaxy S21,4.0,24554.63,98218.52,Sneha Teja,19,Delhi,Credit Card,5.0
2309,27-07-2023,Thursday,Xiaomi,Mi 11,8.0,20451.05,163608.4,Arun Deshmukh,42,Bhopal,UPI,3.0
3045,23-02-2024,Friday,Samsung,Galaxy Note 20,5.0,15204.87,76024.35,Sneha Thakur,51,Lucknow,Cash,2.0
3144,03/23/2024,Saturday,Apple,iPhone 11,5.0,23649.45,118247.25,Harish Solanki,18,Mumbai,UPI,5.0
3038,02/21/2024,Wednesday,Apple,iPhone SE,1.0,24596.39,24596.39,Navin Malhotra,53,Delhi,Credit Card,2.0
707,28-04-2022,Thursday,OnePlus,OnePlus Nord,4.0,62476.35,249905.4,Priyanka Goyal,57,Delhi,Credit Card,5.0
3378,05/30/2024,Thursday,Samsung,Galaxy S21,8.0,59067.74,472541.92,Deepika Gupta,25,Delhi,Credit Card,2.0
746,05/10/2022,Tuesday,Xiaomi,Redmi Note 10,4.0,65424.59,261698.36,Krishna Pillai,53,Delhi,Cash,3.0
1940,04/14/2023,Friday,Vivo,Vivo Y51,4.0,21206.85,84827.4,Anjali Ahuja,21,Hyderabad,Debit Card,5.0
2510,09/20/2023,Wednesday,OnePlus,OnePlus Nord,9.0,46151.55,415363.95,Priya Siddiqui,33,Lucknow,UPI,2.0
514,03/02/2022,Wednesday,Vivo,Vivo S1,9.0,56306.98,506762.82,Vinod Kumar,51,Gorakhpur,Debit Card,2.0
82,11/01/2021,Monday,Xiaomi,Redmi Note 10,1.0,53439.35,53439.35,Vinod Pathak,20,Bhopal,Debit Card,5.0
1309,17-10-2022,Monday,Samsung,Galaxy S21,6.0,20199.39,121196.34,Vinod Nambiar,19,Coimbatore,Credit Card,5.0
3181,02-04-2024,Tuesday,Apple,iPhone SE,7.0,38685.82,270800.74,Vinod Dutta,43,Ludhiana,UPI,4.0
915,27-06-2022,Monday,OnePlus,OnePlus 9,7.0,22572.08,158004.56,Neeta Mishra,26,Hyderabad,Debit Card,4.0
3532,07/11/2024,Thursday,Apple,iPhone 12,9.0,30071.26,270641.33999999997,Namita Patel,45,Chennai,Cash,5.0
3516,07/06/2024,Saturday,Xiaomi,Redmi 9,1.0,28667.24,28667.24,Anita Mehta,57,Bhopal,Credit Card,5.0
775,19-05-2022,Thursday,Apple,iPhone 11,5.0,50232.43,251162.15,Ravi Gupta,50,Delhi,UPI,3.0
330,01/10/2022,Monday,OnePlus,OnePlus Nord,8.0,53003.12,424024.96,Reena Das,55,Delhi,UPI,5.0
2055,15-05-2023,Monday,Apple,iPhone SE,1.0,54864.61,54864.61,Neeta Mathur,19,Mumbai,Cash,2.0
2002,05/01/2023,Monday,Samsung,Galaxy S21,9.0,12489.96,112409.63999999998,Umesh Bhattacharya,48,Indore,Credit Card,4.0
944,07/06/2022,Wednesday,Vivo,Vivo V20,7.0,25552.92,178870.44,Pankaj Kapoor,47,Delhi,Credit Card,5.0
823,01-06-2022,Wednesday,Apple,iPhone SE,7.0,48745.55,341218.85000000003,Pooja Joshi,39,Rajkot,Credit Card,4.0
910,06/26/2022,Sunday,Samsung,Galaxy Note 20,7.0,69893.35,489253.45000000007,Meena Mathur,26,Bhopal,Credit Card,5.0
182,11/29/2021,Monday,OnePlus,OnePlus Nord,4.0,66613.19,266452.76,Sneha Jain,42,Delhi,Credit Card,4.0
165,24-11-2021,Wednesday,Xiaomi,Redmi Note 10,9.0,55452.9,499076.10000000003,Pooja Joshi,44,Ludhiana,Cash,5.0
1524,12/16/2022,Friday,Apple,iPhone 12,7.0,31448.18,220137.26,Deepika Patel,50,Delhi,UPI,1.0
452,02/12/2022,Saturday,Samsung,Galaxy A51,3.0,15705.62,47116.86,Arun Goyal,23,Gorakhpur,Credit Card,5.0
1312,10/18/2022,Tuesday,Apple,iPhone SE,3.0,44547.11,133641.33000000002,Nikhil Varma,30,Bangalore,Credit Card,5.0
1112,08/22/2022,Monday,Xiaomi,Redmi Note 10,3.0,62522.28,187566.84,Krishna Menon,46,Delhi,Credit Card,1.0
3178,04/01/2024,Monday,Xiaomi,Redmi Note 10,8.0,53374.06,426992.48,Tanuja Dutta,48,Delhi,Debit Card,2.0
1288,10/11/2022,Tuesday,OnePlus,OnePlus 8T,4.0,32884.92,131539.68,Bina Mathur,37,Mumbai,UPI,1.0
328,01/09/2022,Sunday,Samsung,Galaxy S21,5.0,50727.29,253636.45,Neeta Malhotra,42,Delhi,Credit Card,5.0
1791,03-03-2023,Friday,Samsung,Galaxy Note 20,5.0,37575.97,187879.85,Mala Thakur,21,Ranchi,Debit Card,5.0
2491,15-09-2023,Friday,Xiaomi,Redmi 9,8.0,23046.86,184374.88,Anjali Roy,37,Mumbai,Debit Card,3.0
3397,04-06-2024,Tuesday,Xiaomi,Mi 11,3.0,27574.34,82723.02,Amit Sheth,36,Indore,Cash,4.0
2008,05/02/2023,Tuesday,Samsung,Galaxy S21,5.0,33506.3,167531.5,Bhavana Rawat,23,Bangalore,Cash,2.0
1859,21-03-2023,Tuesday,Xiaomi,Redmi Note 10,2.0,13654.73,27309.46,Kiran Bhattacharya,35,Kanpur,Debit Card,4.0
313,05-01-2022,Wednesday,Vivo,Vivo Y51,8.0,40544.91,324359.28,Namita Reddy,52,Jodhpur,UPI,5.0
833,03-06-2022,Friday,OnePlus,OnePlus Nord,8.0,27392.84,219142.72,Radha Sheth,44,Delhi,Cash,2.0
1202,09/17/2022,Saturday,Apple,iPhone SE,2.0,10270.27,20540.54,Deepika Iyer,26,Mumbai,Credit Card,5.0
2948,01/25/2024,Thursday,Vivo,Vivo V20,2.0,38205.76,76411.52,Neeta Yadav,42,Mumbai,UPI,4.0
3823,05-10-2024,Saturday,Apple,iPhone 11,3.0,39594.61,118783.83,Rajesh Ghosh,36,Hyderabad,Debit Card,4.0
2135,07-06-2023,Wednesday,Vivo,Vivo S1,9.0,30010.74,270096.66000000003,Namita Mehta,48,Lucknow,Debit Card,2.0
2210,06/28/2023,Wednesday,Samsung,Galaxy A51,4.0,30318.6,121274.4,Priyanka Pillai,22,Delhi,Cash,4.0
3793,27-09-2024,Friday,Apple,iPhone SE,6.0,18083.23,108499.38,Anita Shah,23,Delhi,Cash,5.0
1482,12/04/2022,Sunday,Apple,iPhone 12,1.0,65375.8,65375.8,Kiran Singh,19,Coimbatore,Cash,4.0
778,05/20/2022,Friday,Xiaomi,Redmi Note 10,5.0,69442.75,347213.75,Shruti Shah,36,Mumbai,Credit Card,3.0
800,05/26/2022,Thursday,OnePlus,OnePlus Nord,2.0,36211.6,72423.2,Jyoti Bhattacharya,43,Delhi,UPI,5.0
55,25-10-2021,Monday,Vivo,Vivo Y51,2.0,37603.85,75207.7,Sunita Thakur,23,Mumbai,Cash,2.0
1921,08-04-2023,Saturday,Apple,iPhone 11,4.0,43412.84,173651.36,Aditya Luthra,40,Ludhiana,UPI,4.0
3622,08/06/2024,Tuesday,Apple,iPhone SE,6.0,33546.69,201280.14,Bina Nair,18,Mumbai,UPI,5.0
2827,21-12-2023,Thursday,OnePlus,OnePlus 9,5.0,66975.21,334876.05000000005,Anjali Desai,23,Hyderabad,UPI,3.0
1702,02/04/2023,Saturday,OnePlus,OnePlus 8T,2.0,35480.74,70961.48,Krishna Iyer,29,Kolkata,UPI,5.0
2162,06/14/2023,Wednesday,OnePlus,OnePlus Nord,3.0,59905.49,179716.47,Ravi Kaur,35,Mumbai,Credit Card,4.0
3596,07/29/2024,Monday,Apple,iPhone SE,1.0,11426.6,11426.6,Sachin Singh,53,Kanpur,UPI,5.0
988,07/18/2022,Monday,Vivo,Vivo S1,1.0,28029.33,28029.33,Lata Goyal,18,Rajkot,UPI,5.0
2744,11/27/2023,Monday,Vivo,Vivo Y51,1.0,26281.54,26281.54,Radha Kulkarni,18,Coimbatore,Credit Card,4.0
1395,11-11-2022,Friday,Apple,iPhone 11,9.0,64472.36,580251.24,Rajesh Nambiar,46,Delhi,Debit Card,3.0
769,17-05-2022,Tuesday,Xiaomi,Mi 11,8.0,61349.37,490794.96,Sunita Nair,19,Madurai,Debit Card,3.0
3393,03-06-2024,Monday,Xiaomi,Mi 11,8.0,26484.18,211873.44,Sanjay Jain,32,Delhi,UPI,2.0
286,12/29/2021,Wednesday,Vivo,Vivo S1,1.0,10323.91,10323.91,Nikhil Bhatnagar,38,Bangalore,Credit Card,3.0
3372,05/28/2024,Tuesday,Vivo,Vivo V20,4.0,27207.74,108830.96,Vivek Nair,40,Madurai,UPI,2.0
429,05-02-2022,Saturday,Apple,iPhone SE,4.0,69023.91,276095.64,Devendra Mathur,32,Delhi,UPI,5.0
2333,03-08-2023,Thursday,OnePlus,OnePlus 9,1.0,16808.42,16808.42,Priya Prasad,49,Indore,UPI,5.0
2080,05/23/2023,Tuesday,Vivo,Vivo V20,6.0,35968.09,215808.53999999998,Mala Ghosh,37,Coimbatore,Credit Card,2.0
723,03-05-2022,Tuesday,Samsung,Galaxy A51,9.0,36746.72,330720.48,Jyoti Alva,30,Indore,UPI,5.0
952,07/08/2022,Friday,OnePlus,OnePlus Nord,2.0,58283.56,116567.12,Tanuja Solanki,43,Ranchi,Debit Card,5.0
2914,01/15/2024,Monday,OnePlus,OnePlus 8T,8.0,14784.31,118274.48,Deepika Solanki,23,Delhi,UPI,4.0
2263,13-07-2023,Thursday,Apple,iPhone 11,4.0,68142.26,272569.04,Kiran Singh,50,Mumbai,Debit Card,2.0
990,07/18/2022,Monday,Apple,iPhone SE,3.0,26320.15,78960.45000000001,Neeta Pillai,20,Jodhpur,Credit Card,5.0
3576,07/24/2024,Wednesday,Apple,iPhone 11,2.0,29513.27,59026.54,Yogesh Ahuja,26,Indore,Cash,5.0
2587,13-10-2023,Friday,Samsung,Galaxy Note 20,6.0,61016.04,366096.24,Shruti Joshi,52,Lucknow,Debit Card,4.0
327,09-01-2022,Sunday,Apple,iPhone 11,7.0,14559.61,101917.27,Pooja Goyal,32,Indore,Credit Card,5.0
1384,11/08/2022,Tuesday,Apple,iPhone SE,7.0,69827.91,488795.37,Priya Varma,58,Madurai,Cash,4.0
1725,11-02-2023,Saturday,Xiaomi,Mi 11,6.0,56637.73,339826.38,Bhavana Jain,45,Mumbai,Credit Card,3.0
1087,15-08-2022,Monday,Xiaomi,Mi 11,5.0,29860.98,149304.9,Bhavana Mishra,56,Delhi,Credit Card,4.0
3079,04-03-2024,Monday,Xiaomi,Mi 11,7.0,42495.73,297470.11000000004,Ayesha Rathod,31,Mumbai,Credit Card,1.0
342,01/13/2022,Thursday,Vivo,Vivo S1,1.0,51644.34,51644.34,Pankaj Singh,43,Delhi,UPI,5.0
148,11/20/2021,Saturday,OnePlus,OnePlus 9,8.0,67713.29,541706.32,Anita Prasad,27,Ludhiana,Debit Card,3.0
3694,08/28/2024,Wednesday,OnePlus,OnePlus Nord,3.0,15692.24,47076.72,Tanuja Bhattacharya,33,Delhi,Credit Card,5.0
1108,08/21/2022,Sunday,Vivo,Vivo V20,3.0,28634.62,85903.86,Sanjay Das,37,Delhi,Credit Card,1.0
849,08-06-2022,Wednesday,OnePlus,OnePlus 8T,2.0,36144.06,72288.12,Harish Prasad,31,Mumbai,UPI,5.0
967,12-07-2022,Tuesday,Apple,iPhone 12,7.0,67667.1,473669.70000000007,Anita Sharma,30,Madurai,Credit Card,5.0
3140,03/22/2024,Friday,Samsung,Galaxy Note 20,8.0,36728.66,293829.28,Priyanka Pillai,33,Delhi,Cash,2.0
2204,06/26/2023,Monday,Apple,iPhone 12,3.0,55447.75,166343.25,Bina Solanki,55,Patna,Debit Card,1.0
662,04/15/2022,Friday,Apple,iPhone 11,6.0,44171.28,265027.68,Sunita Sharma,19,Rajkot,Cash,5.0
1003,22-07-2022,Friday,OnePlus,OnePlus Nord,3.0,46654.45,139963.34999999998,Bhavana Mehta,36,Bangalore,Cash,5.0
2982,02/05/2024,Monday,Samsung,Galaxy Note 20,3.0,55778.16,167334.48,Sunita Ahuja,21,Hyderabad,UPI,2.0
3214,04/12/2024,Friday,Apple,iPhone SE,2.0,40362.18,80724.36,Prashant Verma,32,Delhi,UPI,4.0
2985,05-02-2024,Monday,OnePlus,OnePlus Nord,2.0,39393.62,78787.24,Yogesh Menon,49,Delhi,UPI,3.0
3396,06/04/2024,Tuesday,Vivo,Vivo Y51,6.0,22316.3,133897.8,Bina Kumar,27,Bhopal,Credit Card,5.0
1880,03/28/2023,Tuesday,Samsung,Galaxy A51,8.0,16694.94,133559.52,Anand Kapoor,44,Madurai,UPI,5.0
3610,08/02/2024,Friday,Vivo,Vivo V20,2.0,53035.81,106071.62,Pooja Pathak,26,Mumbai,Debit Card,5.0
1204,09/17/2022,Saturday,Xiaomi,Redmi Note 10,5.0,41605.56,208027.8,Rajesh Ghosh,47,Mumbai,Credit Card,1.0
1991,28-04-2023,Friday,Samsung,Galaxy A51,2.0,27552.43,55104.86,Devendra Rao,27,Delhi,Debit Card,4.0
25,16-10-2021,Saturday,OnePlus,OnePlus Nord,7.0,38064.92,266454.44,Reena Teja,50,Delhi,UPI,2.0
3602,07/31/2024,Wednesday,Vivo,Vivo Y51,8.0,44746.86,357974.88,Bhavana Desai,57,Hyderabad,UPI,5.0
2583,12-10-2023,Thursday,Vivo,Vivo S1,2.0,38052.63,76105.26,Bhavana Malhotra,50,Mumbai,UPI,4.0
2649,31-10-2023,Tuesday,Apple,iPhone SE,8.0,40794.31,326354.48,Meena Das,24,Mumbai,UPI,4.0
2933,21-01-2024,Sunday,Xiaomi,Mi 11,1.0,57200.02,57200.02,Vivek Mehta,25,Delhi,Cash,3.0
876,06/16/2022,Thursday,Apple,iPhone 12,8.0,38718.69,309749.52,Anand Kaur,34,Rajkot,Debit Card,5.0
3447,18-06-2024,Tuesday,Vivo,Vivo V20,5.0,37706.22,188531.1,Nikhil Jain,27,Madurai,Credit Card,4.0
939,04-07-2022,Monday,OnePlus,OnePlus 9,1.0,51299.85,51299.85,Ayesha Kaur,36,Ranchi,Credit Card,5.0
2395,20-08-2023,Sunday,Apple,iPhone SE,3.0,32514.78,97544.34,Priyanka Teja,38,Coimbatore,Credit Card,5.0
3199,08-04-2024,Monday,Vivo,Vivo V20,3.0,50326.87,150980.61000000002,Navin Pathak,37,Chennai,Credit Card,5.0
3805,30-09-2024,Monday,Samsung,Galaxy Note 20,7.0,67700.01,473900.06999999995,Priya Sharma,29,Mumbai,Cash,2.0
386,01/24/2022,Monday,OnePlus,OnePlus Nord,7.0,28290.29,198032.03,Bina Siddiqui,52,Kolkata,Credit Card,5.0
2925,19-01-2024,Friday,OnePlus,OnePlus Nord,8.0,31215.47,249723.76,Pooja Deshmukh,28,Delhi,UPI,2.0
3201,08-04-2024,Monday,Vivo,Vivo Y51,4.0,34944.05,139776.2,Rajesh Kulkarni,37,Delhi,UPI,1.0
2803,14-12-2023,Thursday,Vivo,Vivo Y51,5.0,24950.47,124752.35,Lata Mehta,22,Gorakhpur,Cash,2.0
2292,07/22/2023,Saturday,Apple,iPhone SE,1.0,24992.57,24992.57,Sneha Patel,27,Madurai,Credit Card,2.0
2663,03-11-2023,Friday,OnePlus,OnePlus 9,3.0,16564.0,49692.0,Tanuja Ahuja,22,Kolkata,UPI,5.0
937,04-07-2022,Monday,Xiaomi,Redmi Note 10,9.0,17710.94,159398.46,Monika Chatterjee,35,Ludhiana,UPI,4.0
3575,23-07-2024,Tuesday,Samsung,Galaxy S21,7.0,30132.46,210927.22,Devendra Varma,53,Delhi,Cash,5.0
2361,11-08-2023,Friday,Xiaomi,Mi 11,3.0,30347.85,91043.54999999999,Priyanka Ghosh,48,Mumbai,UPI,2.0
3744,09/12/2024,Thursday,Samsung,Galaxy S21,1.0,56285.8,56285.8,Sachin Ghosh,23,Hyderabad,Cash,5.0
1333,24-10-2022,Monday,Vivo,Vivo S1,3.0,60598.18,181794.54,Deepika Kulkarni,58,Jodhpur,Debit Card,4.0
1935,12-04-2023,Wednesday,OnePlus,OnePlus 9,3.0,49273.97,147821.91,Monika Bhatnagar,18,Vadodara,Cash,5.0
936,07/03/2022,Sunday,Xiaomi,Redmi 9,5.0,63873.89,319369.45,Namita Teja,55,Chennai,Credit Card,5.0
2419,26-08-2023,Saturday,OnePlus,OnePlus Nord,5.0,43757.96,218789.8,Sumit Nambiar,26,Kanpur,Cash,3.0
567,18-03-2022,Friday,OnePlus,OnePlus 9,2.0,63216.53,126433.06,Nikhil Reddy,19,Gorakhpur,Cash,3.0
1855,20-03-2023,Monday,Xiaomi,Mi 11,9.0,64849.39,583644.51,Sanjay Menon,31,Jodhpur,Debit Card,5.0
3160,03/27/2024,Wednesday,Apple,iPhone 11,6.0,10805.37,64832.22,Monika Rathod,46,Bhopal,Credit Card,3.0
2468,09/09/2023,Saturday,Samsung,Galaxy Note 20,3.0,45033.39,135100.16999999998,Umesh Chaudhary,19,Mumbai,Credit Card,4.0
1646,01/20/2023,Friday,Xiaomi,Redmi 9,4.0,12055.67,48222.68,Harish Mishra,40,Delhi,Cash,5.0
2705,15-11-2023,Wednesday,Vivo,Vivo V20,4.0,28814.51,115258.04,Priya Kaur,37,Hyderabad,Debit Card,5.0
1793,03-03-2023,Friday,Apple,iPhone 11,1.0,47639.02,47639.02,Harish Kapoor,26,Delhi,UPI,3.0
1431,20-11-2022,Sunday,Xiaomi,Redmi Note 10,8.0,22226.56,177812.48,Sneha Mishra,33,Chennai,Cash,1.0
2955,28-01-2024,Sunday,OnePlus,OnePlus 9,3.0,36334.52,109003.56,Anita Sharma,53,Mumbai,Debit Card,2.0
1014,07/25/2022,Monday,Xiaomi,Redmi Note 10,8.0,66529.48,532235.84,Prashant Chatterjee,24,Ranchi,Cash,5.0
1929,10-04-2023,Monday,Vivo,Vivo Y51,5.0,43718.88,218594.4,Isha Arora,49,Bangalore,Credit Card,4.0
3467,23-06-2024,Sunday,Samsung,Galaxy Note 20,3.0,28228.43,84685.29000000001,Pankaj Sheth,51,Mumbai,Debit Card,2.0
127,13-11-2021,Saturday,Apple,iPhone 12,4.0,45059.18,180236.72,Kiran Solanki,27,Delhi,Cash,5.0
2669,05-11-2023,Sunday,OnePlus,OnePlus Nord,3.0,41378.89,124136.67,Anand Siddiqui,38,Vadodara,Cash,2.0
1348,10/28/2022,Friday,Apple,iPhone SE,4.0,27625.71,110502.84,Neeta Desai,38,Delhi,UPI,5.0
356,01/16/2022,Sunday,Apple,iPhone 11,6.0,44785.99,268715.94,Vivek Jain,46,Mumbai,Debit Card,5.0
828,06/02/2022,Thursday,Xiaomi,Mi 11,6.0,44259.49,265556.94,Sneha Yadav,25,Lucknow,Cash,5.0
1640,01/18/2023,Wednesday,Apple,iPhone 11,7.0,49225.87,344581.09,Pankaj Alva,26,Mumbai,Credit Card,1.0
985,17-07-2022,Sunday,Vivo,Vivo Y51,7.0,33929.29,237505.03,Vivek Teja,47,Delhi,Debit Card,3.0
2189,22-06-2023,Thursday,Samsung,Galaxy Note 20,7.0,37085.38,259597.65999999997,Vivek Pathak,49,Delhi,Cash,4.0
3257,24-04-2024,Wednesday,Samsung,Galaxy A51,9.0,69485.9,625373.1,Gita Dutta,41,Delhi,Credit Card,4.0
2444,09/02/2023,Saturday,Vivo,Vivo V20,9.0,17259.99,155339.91,Prashant Rathod,45,Delhi,Cash,4.0
363,18-01-2022,Tuesday,Samsung,Galaxy Note 20,1.0,14805.37,14805.37,Tapan Mishra,19,Delhi,Credit Card,5.0
2350,08/07/2023,Monday,Xiaomi,Redmi Note 10,5.0,65357.39,326786.95,Krishna Rawat,46,Delhi,UPI,5.0
346,01/14/2022,Friday,Vivo,Vivo S1,9.0,27900.26,251102.34,Pooja Luthra,58,Delhi,Debit Card,4.0
2625,24-10-2023,Tuesday,OnePlus,OnePlus 8T,8.0,38715.02,309720.16,Tapan Deshmukh,36,Delhi,Credit Card,4.0
3374,05/28/2024,Tuesday,Vivo,Vivo Y51,9.0,46521.05,418689.45,Isha Sheth,32,Mumbai,Debit Card,3.0
712,04/30/2022,Saturday,Vivo,Vivo Y51,5.0,19750.94,98754.7,Amit Chatterjee,20,Kolkata,UPI,5.0
2637,27-10-2023,Friday,Samsung,Galaxy Note 20,9.0,17083.27,153749.43,Monika Solanki,29,Lucknow,UPI,4.0
2628,10/24/2023,Tuesday,Xiaomi,Redmi 9,1.0,32402.71,32402.71,Umesh Srivastava,57,Bangalore,UPI,3.0
11,12-10-2021,Tuesday,Samsung,Galaxy A51,8.0,61777.84,494222.72,Radha Sharma,36,Madurai,Credit Card,5.0
3080,03/04/2024,Monday,Samsung,Galaxy Note 20,4.0,50511.36,202045.44,Sunil Menon,28,Coimbatore,Cash,4.0
2117,02-06-2023,Friday,Vivo,Vivo V20,3.0,47976.03,143928.09,Tanuja Mathur,59,Lucknow,Credit Card,2.0
1835,15-03-2023,Wednesday,OnePlus,OnePlus Nord,8.0,57035.18,456281.44,Jyoti Iyer,49,Delhi,Credit Card,5.0
794,05/24/2022,Tuesday,Samsung,Galaxy S21,7.0,42459.17,297214.19,Tapan Rawat,51,Mumbai,Cash,5.0
3537,13-07-2024,Saturday,Apple,iPhone SE,5.0,69833.63,349168.15,Rajesh Sheth,57,Kolkata,Cash,3.0
95,05-11-2021,Friday,Xiaomi,Redmi 9,2.0,57056.79,114113.58,Ravi Arora,57,Mumbai,Debit Card,2.0
130,11/14/2021,Sunday,Xiaomi,Mi 11,9.0,53855.68,484701.12,Kavita Patel,19,Chennai,Credit Card,5.0
2372,08/14/2023,Monday,Xiaomi,Redmi Note 10,8.0,33744.21,269953.68,Monika Rawat,29,Ranchi,Cash,2.0
2855,29-12-2023,Friday,Xiaomi,Redmi 9,9.0,67863.36,610770.24,Gita Rao,29,Ludhiana,Debit Card,5.0
3721,05-09-2024,Thursday,Apple,iPhone 12,4.0,40929.85,163719.4,Deepika Pathak,36,Delhi,UPI,5.0
2264,07/13/2023,Thursday,Samsung,Galaxy S21,4.0,38037.24,152148.96,Bhavana Sheth,28,Madurai,Credit Card,5.0
1901,03-04-2023,Monday,Xiaomi,Redmi Note 10,9.0,31413.99,282725.91000000003,Harish Pillai,25,Delhi,Debit Card,5.0
2794,12/11/2023,Monday,Samsung,Galaxy A51,5.0,61771.75,308858.75,Sunita Mathur,45,Bangalore,Debit Card,4.0
3055,26-02-2024,Monday,Samsung,Galaxy Note 20,8.0,53139.55,425116.4,Arun Mathur,27,Coimbatore,Debit Card,5.0
1933,12-04-2023,Wednesday,OnePlus,OnePlus Nord,1.0,21522.02,21522.02,Sachin Jain,29,Delhi,UPI,2.0
3449,18-06-2024,Tuesday,Vivo,Vivo Y51,4.0,29604.46,118417.84,Pankaj Bhattacharya,32,Gorakhpur,Credit Card,
1866,03/23/2023,Thursday,Samsung,Galaxy A51,3.0,27891.69,83675.06999999999,Nikhil Patel,36,Lucknow,Cash,4.0
1659,23-01-2023,Monday,Apple,iPhone SE,5.0,48911.62,244558.1,Sumit Malhotra,24,Hyderabad,Credit Card,4.0
517,03-03-2022,Thursday,Vivo,Vivo V20,8.0,67680.08,541440.64,Vinod Nair,20,Delhi,UPI,5.0
1858,03/21/2023,Tuesday,Apple,iPhone 11,2.0,10436.37,20872.74,Umesh Ghosh,30,Mumbai,Credit Card,3.0
2244,07/08/2023,Saturday,OnePlus,OnePlus Nord,9.0,55504.52,499540.68,Sunita Mehta,57,Coimbatore,Debit Card,2.0
1278,10/09/2022,Sunday,Apple,iPhone SE,4.0,55855.34,223421.36,Pooja Sharma,21,Delhi,Credit Card,4.0
3706,09/01/2024,Sunday,Vivo,Vivo Y51,3.0,57912.45,173737.34999999998,Anita Bhattacharya,52,Delhi,Debit Card,5.0
951,08-07-2022,Friday,OnePlus,OnePlus Nord,7.0,26231.31,183619.17,Neeta Malhotra,58,Delhi,UPI,5.0
1121,25-08-2022,Thursday,Xiaomi,Mi 11,7.0,31955.17,223686.19,Anita Prasad,19,Delhi,Credit Card,3.0
2598,10/16/2023,Monday,Samsung,Galaxy Note 20,4.0,58177.98,232711.92,Lalita Nambiar,40,Kolkata,Debit Card,5.0
2205,26-06-2023,Monday,Apple,iPhone SE,3.0,23411.67,70235.01,Kavita Nair,57,Vadodara,Credit Card,4.0
420,02/03/2022,Thursday,Apple,iPhone 11,4.0,20092.67,80370.68,Vivek Sheth,24,Vadodara,UPI,5.0
923,30-06-2022,Thursday,Samsung,Galaxy S21,3.0,20283.9,60851.700000000004,Meena Roy,32,Lucknow,Cash,2.0
2806,12/15/2023,Friday,Vivo,Vivo V20,9.0,64985.33,584867.97,Kavita Rawat,53,Delhi,Cash,4.0
478,02/19/2022,Saturday,Xiaomi,Mi 11,2.0,50887.61,101775.22,Sumit Rathod,45,Lucknow,Credit Card,4.0
2036,05/10/2023,Wednesday,OnePlus,OnePlus 9,7.0,54219.78,379538.45999999996,Kiran Chaudhary,22,Mumbai,Debit Card,2.0
3568,07/21/2024,Sunday,Xiaomi,Redmi 9,4.0,30083.36,120333.44,Vijay Rawat,29,Ranchi,UPI,2.0
1693,02-02-2023,Thursday,Samsung,Galaxy Note 20,9.0,50963.64,458672.76,Namita Mehta,34,Lucknow,Debit Card,5.0
2822,12/20/2023,Wednesday,Samsung,Galaxy Note 20,8.0,12607.37,100858.96,Harish Patel,45,Rajkot,Cash,4.0
1472,12/02/2022,Friday,Xiaomi,Mi 11,9.0,62147.3,559325.7000000001,Bina Mathur,48,Ranchi,UPI,3.0
2602,10/17/2023,Tuesday,Samsung,Galaxy Note 20,4.0,67394.25,269577.0,,26,Delhi,Credit Card,5.0
1203,17-09-2022,Saturday,Apple,iPhone SE,1.0,28796.56,28796.56,Vinod Nair,57,Delhi,Credit Card,5.0
2439,01-09-2023,Friday,Xiaomi,Redmi Note 10,3.0,53294.59,159883.77,Meena Srivastava,36,Delhi,Debit Card,2.0
2627,24-10-2023,Tuesday,Samsung,Galaxy S21,9.0,65307.35,587766.15,Anand Nair,51,Kolkata,Debit Card,5.0
1670,01/27/2023,Friday,Apple,iPhone 12,2.0,64810.66,129621.32,Monika Thakur,32,Delhi,Debit Card,4.0
3553,17-07-2024,Wednesday,Vivo,Vivo V20,2.0,32730.85,65461.7,Vivek Ghosh,36,Delhi,Cash,2.0
1971,22-04-2023,Saturday,Apple,iPhone SE,2.0,43768.76,87537.52,Kavita Srivastava,33,Ranchi,Debit Card,4.0
2152,06/12/2023,Monday,Vivo,Vivo V20,1.0,12867.98,12867.98,Aditya Luthra,23,Kolkata,Credit Card,4.0
821,31-05-2022,Tuesday,Apple,iPhone 12,5.0,64767.24,323836.2,Aditya Rao,32,Mumbai,Credit Card,5.0
1998,04/29/2023,Saturday,Vivo,Vivo Y51,7.0,40458.2,283207.39999999997,Priya Bhattacharya,47,Bangalore,Credit Card,2.0
3675,22-08-2024,Thursday,Vivo,Vivo V20,2.0,25820.53,51641.06,Tanuja Ahuja,34,Gorakhpur,Credit Card,4.0
1249,30-09-2022,Friday,OnePlus,OnePlus 8T,1.0,12018.98,12018.98,Pankaj Teja,49,Mumbai,Cash,4.0
2802,12/13/2023,Wednesday,Samsung,Galaxy Note 20,1.0,10727.49,10727.49,Sumit Malhotra,22,Lucknow,Credit Card,4.0
3403,06-06-2024,Thursday,OnePlus,OnePlus 9,7.0,63366.81,443567.67,Mala Menon,58,Lucknow,Credit Card,2.0
2191,22-06-2023,Thursday,Vivo,Vivo V20,3.0,57393.14,172179.41999999998,Sumit Chatterjee,34,Mumbai,UPI,4.0
3342,05/19/2024,Sunday,Apple,iPhone 11,4.0,17470.32,69881.28,Harish Mishra,20,Mumbai,Cash,2.0
1047,04-08-2022,Thursday,OnePlus,OnePlus 8T,8.0,26949.92,215599.36,Monika Nambiar,55,Madurai,Debit Card,5.0
1889,30-03-2023,Thursday,Samsung,Galaxy S21,4.0,68480.7,273922.8,Sachin Ghosh,59,Delhi,Cash,5.0
2470,09/09/2023,Saturday,Apple,iPhone 12,3.0,14446.52,43339.56,Sumit Solanki,36,Delhi,Credit Card,4.0
616,04/01/2022,Friday,Apple,iPhone SE,3.0,22773.66,68320.98,Vinod Arora,47,Mumbai,UPI,4.0
1319,20-10-2022,Thursday,Vivo,Vivo Y51,2.0,53873.27,107746.54,Nikhil Deshmukh,32,Hyderabad,UPI,1.0
3696,08/29/2024,Thursday,Samsung,Galaxy S21,4.0,26070.7,104282.8,Shruti Menon,25,Mumbai,UPI,5.0
3734,09/09/2024,Monday,OnePlus,OnePlus 8T,8.0,68610.06,548880.48,Radha Ghosh,59,Rajkot,UPI,3.0
3748,09/14/2024,Saturday,Vivo,Vivo Y51,8.0,50076.2,400609.6,Bhavana Arora,52,Delhi,UPI,3.0
2137,08-06-2023,Thursday,Samsung,Galaxy S21,7.0,39792.99,278550.93,Sunita Iyer,21,Hyderabad,Debit Card,1.0
3713,02-09-2024,Monday,Samsung,Galaxy A51,9.0,46679.04,420111.36,Meena Menon,53,Vadodara,Credit Card,5.0
1773,26-02-2023,Sunday,OnePlus,OnePlus 8T,9.0,39560.46,356044.14,Jyoti Varma,35,Rajkot,Cash,3.0
3778,09/22/2024,Sunday,OnePlus,OnePlus 9,9.0,13834.68,124512.12,Lalita Shah,26,Mumbai,UPI,3.0
132,11/15/2021,Monday,OnePlus,OnePlus 8T,7.0,54223.81,379566.67,Ravi Ghosh,36,Ranchi,Credit Card,5.0
3022,02/17/2024,Saturday,Vivo,Vivo Y51,9.0,63564.55,572080.9500000001,Vijay Chatterjee,22,Jodhpur,Debit Card,3.0
78,10/31/2021,Sunday,Xiaomi,Redmi 9,9.0,39162.65,352463.85000000003,Kiran Malhotra,47,Chennai,Credit Card,2.0
2053,15-05-2023,Monday,Xiaomi,Redmi 9,3.0,54751.85,164255.55,Ramesh Kumar,47,Bangalore,UPI,2.0
725,04-05-2022,Wednesday,Vivo,Vivo S1,7.0,63359.13,443513.91,Arun Sheth,34,Gorakhpur,UPI,5.0
1315,19-10-2022,Wednesday,Xiaomi,Redmi 9,3.0,11600.61,34801.83,Manoj Kulkarni,51,Delhi,Credit Card,1.0
1852,03/20/2023,Monday,OnePlus,OnePlus 8T,4.0,59044.75,236179.0,Pankaj Alva,39,Delhi,UPI,3.0
3741,11-09-2024,Wednesday,OnePlus,OnePlus 9,1.0,23488.77,23488.77,Arun Desai,56,Indore,UPI,4.0
2928,01/20/2024,Saturday,Vivo,Vivo Y51,8.0,29108.17,232865.36,Vivek Teja,21,Mumbai,Credit Card,4.0
3170,03/30/2024,Saturday,Vivo,Vivo V20,5.0,50031.42,250157.09999999998,Bhavana Rawat,46,Jodhpur,Debit Card,3.0
1373,05-11-2022,Saturday,OnePlus,OnePlus 9,6.0,29020.06,174120.36000000002,Priyanka Jain,36,Ludhiana,Cash,5.0
1856,03/21/2023,Tuesday,OnePlus,OnePlus Nord,5.0,42785.26,213926.30000000002,Rajesh Shah,29,Mumbai,Debit Card,3.0
1320,10/20/2022,Thursday,OnePlus,OnePlus Nord,7.0,62319.11,436233.77,Neeta Solanki,29,Mumbai,Credit Card,3.0
2561,05-10-2023,Thursday,Vivo,Vivo S1,7.0,56030.09,392210.63,Rajesh Kaur,56,Madurai,Credit Card,3.0
3682,08/24/2024,Saturday,Apple,iPhone 12,5.0,49562.51,247812.55000000002,Radha Bhatnagar,19,Bangalore,Debit Card,5.0
3124,03/17/2024,Sunday,OnePlus,OnePlus Nord,7.0,38649.28,270544.95999999996,Anita Pillai,21,Mumbai,Cash,3.0
3295,05-05-2024,Sunday,Samsung,Galaxy S21,6.0,35348.73,212092.38,Lata Chatterjee,58,Mumbai,Credit Card,5.0
376,01/22/2022,Saturday,Apple,iPhone 11,7.0,40265.48,281858.36000000004,Bhavana Jain,20,Gorakhpur,Debit Card,4.0
1909,05-04-2023,Wednesday,Vivo,Vivo S1,1.0,13773.56,13773.56,Bina Singh,52,Delhi,Cash,4.0
334,01/11/2022,Tuesday,Samsung,Galaxy S21,2.0,49286.24,98572.48,Sunil Mathur,20,Delhi,Credit Card,3.0
2980,02/04/2024,Sunday,Vivo,Vivo Y51,3.0,32111.06,96333.18000000001,Pooja Rao,50,Bangalore,UPI,4.0
2935,22-01-2024,Monday,Samsung,Galaxy S21,8.0,61449.12,491592.96,Shruti Iyer,56,Ranchi,Debit Card,2.0
2366,08/12/2023,Saturday,Apple,iPhone 11,9.0,48026.06,432234.54,Arun Sheth,57,Madurai,UPI,2.0
1605,08-01-2023,Sunday,Samsung,Galaxy A51,4.0,42552.87,170211.48,Lata Joshi,48,Delhi,UPI,5.0
1119,24-08-2022,Wednesday,Apple,iPhone SE,8.0,28325.97,226607.76,Amit Rao,37,Kolkata,Cash,3.0
3625,07-08-2024,Wednesday,Vivo,Vivo V20,2.0,63684.95,127369.9,Meena Rathod,34,Rajkot,Credit Card,4.0
1944,04/15/2023,Saturday,OnePlus,OnePlus Nord,4.0,46462.55,185850.2,Reena Chatterjee,41,Indore,Debit Card,5.0
2885,07-01-2024,Sunday,Apple,iPhone SE,2.0,55253.88,110507.76,Sumit Sheth,53,Delhi,Credit Card,4.0
2377,15-08-2023,Tuesday,Xiaomi,Redmi Note 10,4.0,10755.7,43022.8,Harish Kaur,52,Kanpur,UPI,3.0
3219,13-04-2024,Saturday,Apple,iPhone 12,8.0,55003.68,440029.44,Bina Das,34,Mumbai,Credit Card,4.0
1343,26-10-2022,Wednesday,Vivo,Vivo Y51,5.0,38563.53,192817.65,Deepika Verma,26,Delhi,UPI,5.0
321,07-01-2022,Friday,OnePlus,OnePlus 9,2.0,56639.95,113279.9,Sneha Reddy,47,Ludhiana,Debit Card,3.0
1620,01/12/2023,Thursday,OnePlus,OnePlus 9,1.0,45315.17,45315.17,Shruti Teja,20,Hyderabad,Cash,4.0
3116,03/14/2024,Thursday,OnePlus,OnePlus Nord,3.0,32208.88,96626.64,Priyanka Dutta,36,Mumbai,Debit Card,5.0
2061,17-05-2023,Wednesday,OnePlus,OnePlus Nord,8.0,12482.46,99859.68,Anjali Varma,36,Bhopal,Credit Card,2.0
2220,07/01/2023,Saturday,Vivo,Vivo S1,2.0,26115.95,52231.9,Sumit Malhotra,38,Hyderabad,Cash,5.0
1674,01/28/2023,Saturday,Samsung,Galaxy Note 20,7.0,47650.37,333552.59,Krishna Pillai,26,Vadodara,Credit Card,1.0
1943,15-04-2023,Saturday,Vivo,Vivo V20,2.0,50705.16,101410.32,Priyanka Nambiar,58,Kolkata,Cash,4.0
261,22-12-2021,Wednesday,Samsung,Galaxy A51,6.0,43289.55,259737.30000000002,Kavita Teja,41,Delhi,Debit Card,5.0
3142,03/22/2024,Friday,OnePlus,OnePlus Nord,6.0,37710.07,226260.41999999998,Reena Dutta,35,Delhi,Credit Card,3.0
2040,05/11/2023,Thursday,Samsung,Galaxy Note 20,6.0,65822.0,394932.0,Meena Mathur,36,Patna,Credit Card,1.0
690,04/23/2022,Saturday,Vivo,Vivo Y51,4.0,18528.45,74113.8,Sunita Verma,24,Delhi,Credit Card,5.0
902,06/24/2022,Friday,Apple,iPhone 11,5.0,15697.22,78486.09999999999,Sneha Thakur,36,Patna,Debit Card,2.0
2307,26-07-2023,Wednesday,OnePlus,OnePlus 8T,4.0,32143.37,128573.48,Kiran Ghosh,58,Delhi,Credit Card,3.0
2027,08-05-2023,Monday,Xiaomi,Mi 11,6.0,27556.53,165339.18,Lalita Bhatnagar,32,Chennai,UPI,4.0
139,17-11-2021,Wednesday,Xiaomi,Mi 11,8.0,17922.11,143376.88,Anand Kapoor,20,Mumbai,Debit Card,2.0
1918,04/07/2023,Friday,OnePlus,OnePlus 8T,6.0,22907.24,137443.44,Monika Solanki,42,Ludhiana,UPI,5.0
1829,13-03-2023,Monday,Vivo,Vivo Y51,9.0,35204.34,316839.05999999994,Rohan Nambiar,53,Jodhpur,Cash,5.0
1574,12/30/2022,Friday,Apple,iPhone 12,7.0,55168.54,386179.78,Yogesh Mishra,20,Kolkata,Credit Card,5.0
320,01/07/2022,Friday,Xiaomi,Redmi 9,6.0,50531.94,303191.64,Krishna Jain,26,Kolkata,Cash,4.0
654,04/13/2022,Wednesday,Samsung,Galaxy Note 20,8.0,44777.95,358223.6,Anita Shah,38,Coimbatore,Debit Card,4.0
2138,06/08/2023,Thursday,Apple,iPhone 11,1.0,26619.87,26619.87,Anita Srivastava,30,Gorakhpur,Debit Card,4.0
2956,01/28/2024,Sunday,Xiaomi,Mi 11,8.0,67190.03,537520.24,Sachin Joshi,38,Delhi,UPI,2.0
559,16-03-2022,Wednesday,Vivo,Vivo V20,4.0,23324.93,93299.72,Monika Chatterjee,59,Coimbatore,Debit Card,2.0
2188,06/22/2023,Thursday,Apple,iPhone 12,3.0,29089.13,87267.39,Prashant Dutta,32,Madurai,Debit Card,4.0
113,10-11-2021,Wednesday,Xiaomi,Redmi 9,1.0,49372.18,49372.18,Anjali Pathak,29,Delhi,Debit Card,3.0
532,03/07/2022,Monday,Vivo,Vivo V20,9.0,59292.13,533629.1699999999,Rohan Menon,42,Indore,UPI,2.0
225,12-12-2021,Sunday,Apple,iPhone 11,3.0,65764.45,197293.34999999998,Pankaj Shah,18,Delhi,Cash,5.0
724,05/03/2022,Tuesday,Apple,iPhone SE,9.0,58921.28,530291.52,Amit Ghosh,44,Madurai,Debit Card,5.0
3094,03/08/2024,Friday,Vivo,Vivo S1,7.0,50981.1,356867.7,Kavita Desai,48,Kolkata,Cash,3.0
3285,02-05-2024,Thursday,Xiaomi,Redmi 9,6.0,21568.17,129409.01999999999,Devendra Thakur,46,Delhi,Cash,1.0
1434,11/21/2022,Monday,Xiaomi,Mi 11,1.0,55533.33,55533.33,Kiran Solanki,33,Delhi,Credit Card,5.0
2374,08/14/2023,Monday,Apple,iPhone 11,5.0,60490.94,302454.7,Lalita Patel,25,Mumbai,Credit Card,2.0
2966,01/31/2024,Wednesday,Vivo,Vivo S1,2.0,64366.54,128733.08,Bina Joshi,18,Ranchi,Credit Card,4.0
3057,27-02-2024,Tuesday,Samsung,Galaxy A51,1.0,34967.11,34967.11,Vinod Malhotra,28,Indore,UPI,3.0
1459,28-11-2022,Monday,OnePlus,OnePlus 9,1.0,55842.21,55842.21,Lata Shah,22,Patna,Credit Card,1.0
3455,20-06-2024,Thursday,Xiaomi,Mi 11,8.0,34881.89,279055.12,Sumit Malhotra,20,Bangalore,UPI,3.0
847,07-06-2022,Tuesday,Samsung,Galaxy S21,7.0,62275.88,435931.16,Monika Srivastava,38,Rajkot,UPI,4.0
194,12/02/2021,Thursday,Xiaomi,Redmi Note 10,9.0,36321.08,326889.72000000003,Krishna Roy,55,Jodhpur,Credit Card,5.0
1465,30-11-2022,Wednesday,Xiaomi,Redmi 9,8.0,66468.14,531745.12,Kavita Teja,39,Delhi,UPI,5.0
2622,10/23/2023,Monday,Xiaomi,Redmi Note 10,2.0,41917.34,83834.68,Aditya Sheth,41,Indore,Cash,4.0
947,07-07-2022,Thursday,Samsung,Galaxy S21,1.0,64891.47,64891.47,Ayesha Bhattacharya,44,Rajkot,Debit Card,5.0
2022,05/07/2023,Sunday,Xiaomi,Mi 11,1.0,65653.68,65653.68,Pooja Sharma,27,Vadodara,Debit Card,4.0
2552,10/02/2023,Monday,Apple,iPhone 11,1.0,67174.62,67174.62,Sanjay Malhotra,43,Ranchi,Debit Card,2.0
1630,01/15/2023,Sunday,Xiaomi,Redmi 9,6.0,33688.05,202128.30000000002,Shruti Chaudhary,26,Delhi,Debit Card,4.0
118,11/11/2021,Thursday,Samsung,Galaxy S21,2.0,47565.89,95131.78,Pankaj Mehta,21,Delhi,Credit Card,3.0
646,04/10/2022,Sunday,Xiaomi,Redmi 9,3.0,69179.69,207539.07,Anjali Sharma,57,Delhi,Debit Card,3.0
1871,25-03-2023,Saturday,OnePlus,OnePlus Nord,7.0,41633.56,291434.92,Vivek Pathak,52,Bangalore,Cash,5.0
4,10/10/2021,Sunday,Xiaomi,Mi 11,5.0,25563.98,127819.9,Bhavana Arora,21,Mumbai,Credit Card,4.0
75,31-10-2021,Sunday,Xiaomi,Redmi Note 10,2.0,69769.82,139539.64,Shruti Iyer,48,Mumbai,UPI,3.0
1756,02/20/2023,Monday,Vivo,Vivo S1,7.0,36150.9,253056.30000000002,Devendra Arora,31,Ludhiana,Debit Card,5.0
468,02/16/2022,Wednesday,Apple,iPhone 12,2.0,46215.15,92430.3,Tapan Joshi,59,Kolkata,Credit Card,5.0
6,10/10/2021,Sunday,Samsung,Galaxy Note 20,3.0,37252.87,111758.61000000002,Reena Mehta,38,Jodhpur,UPI,3.0
1247,30-09-2022,Friday,Samsung,Galaxy Note 20,7.0,48953.73,342676.11000000004,Aditya Iyer,41,Bhopal,Cash,4.0
920,06/29/2022,Wednesday,Xiaomi,Redmi Note 10,5.0,57385.71,286928.55,Arun Gupta,35,Madurai,Cash,3.0
2596,10/15/2023,Sunday,Apple,iPhone SE,7.0,33224.04,232568.28,Umesh Teja,26,Delhi,Cash,3.0
229,13-12-2021,Monday,OnePlus,OnePlus 9,9.0,68928.11,620352.99,Sunil Gupta,31,Delhi,Cash,4.0
1064,08/09/2022,Tuesday,Samsung,Galaxy Note 20,7.0,23820.57,166743.99,Navin Sharma,18,Mumbai,Debit Card,5.0
2591,14-10-2023,Saturday,Xiaomi,Redmi Note 10,7.0,65286.02,457002.13999999996,Yogesh Malhotra,39,Delhi,Cash,2.0
243,17-12-2021,Friday,Apple,iPhone SE,1.0,17569.19,17569.19,Manoj Thakur,40,Patna,Credit Card,4.0
3807,01-10-2024,Tuesday,Xiaomi,Redmi Note 10,9.0,57799.4,520194.60000000003,Jyoti Jain,23,Bangalore,Debit Card,4.0
1161,05-09-2022,Monday,Samsung,Galaxy S21,5.0,29818.46,149092.3,Namita Pathak,31,Mumbai,Cash,4.0
3211,11-04-2024,Thursday,Apple,iPhone 12,6.0,11015.28,66091.68000000001,Deepika Desai,23,Kanpur,Cash,2.0
3649,14-08-2024,Wednesday,Apple,iPhone 11,6.0,52317.02,313902.12,Vinod Pathak,30,Delhi,Debit Card,2.0
2564,10/06/2023,Friday,Samsung,Galaxy Note 20,6.0,23479.64,140877.84,Deepika Kulkarni,31,Chennai,Debit Card,5.0
2672,11/06/2023,Monday,Apple,iPhone SE,5.0,22405.63,112028.15000000001,Vijay Rawat,39,Delhi,Credit Card,2.0
1527,17-12-2022,Saturday,Samsung,Galaxy S21,2.0,69569.85,139139.7,Sachin Ghosh,43,Chennai,Cash,5.0
1606,01/08/2023,Sunday,Xiaomi,Redmi Note 10,8.0,68706.66,549653.28,Sachin Ghosh,41,Madurai,Cash,5.0
3566,07/21/2024,Sunday,OnePlus,OnePlus Nord,4.0,39733.34,158933.36,Harish Solanki,42,Kolkata,Debit Card,2.0
3814,10/03/2024,Thursday,OnePlus,OnePlus Nord,3.0,57944.41,173833.23,Kiran Singh,58,Kanpur,Credit Card,5.0
2710,11/17/2023,Friday,Vivo,Vivo S1,1.0,47317.76,47317.76,Lata Mathur,42,Mumbai,UPI,5.0
2963,30-01-2024,Tuesday,Vivo,Vivo S1,3.0,45006.14,135018.41999999998,Shruti Ahuja,24,Delhi,UPI,2.0
3251,23-04-2024,Tuesday,Xiaomi,Redmi 9,7.0,58024.65,406172.55,Priya Ahuja,37,Ranchi,Credit Card,3.0
1990,04/27/2023,Thursday,Vivo,Vivo Y51,2.0,45918.23,91836.46,Meena Chatterjee,43,Delhi,UPI,2.0
2993,08-02-2024,Thursday,OnePlus,OnePlus Nord,1.0,54954.18,54954.18,Kavita Bhatnagar,35,Ranchi,Credit Card,1.0
2363,11-08-2023,Friday,Xiaomi,Redmi 9,4.0,44802.31,179209.24,Tanuja Dutta,23,Kanpur,Credit Card,2.0
1976,04/23/2023,Sunday,Vivo,Vivo S1,1.0,61128.86,61128.86,Reena Sheth,48,Hyderabad,Debit Card,5.0
1762,02/22/2023,Wednesday,OnePlus,OnePlus 8T,9.0,30491.56,274424.04000000004,Monika Mehta,47,Mumbai,UPI,3.0
1306,10/16/2022,Sunday,Apple,iPhone 11,8.0,43977.77,351822.16,Neeta Singh,48,Rajkot,UPI,3.0
2740,11/26/2023,Sunday,Apple,iPhone 11,2.0,55325.87,110651.74,Pankaj Singh,29,Delhi,Debit Card,5.0
1542,12/21/2022,Wednesday,Samsung,Galaxy Note 20,6.0,67158.53,402951.18,Manoj Jain,39,Chennai,UPI,4.0
3329,15-05-2024,Wednesday,Vivo,Vivo S1,4.0,49165.59,196662.36,Pankaj Sheth,55,Kanpur,Debit Card,4.0
2473,10-09-2023,Sunday,OnePlus,OnePlus 8T,9.0,15702.79,141325.11000000002,Gita Mehta,20,Kanpur,Debit Card,2.0
2643,29-10-2023,Sunday,Vivo,Vivo Y51,1.0,40905.06,40905.06,Radha Dutta,39,Patna,Cash,3.0
623,03-04-2022,Sunday,Vivo,Vivo Y51,2.0,11203.16,22406.32,Namita Deshmukh,43,Delhi,Debit Card,5.0
2947,25-01-2024,Thursday,Xiaomi,Redmi Note 10,4.0,60577.02,242308.08,Sneha Sharma,38,Madurai,Credit Card,2.0
1494,12/08/2022,Thursday,Apple,iPhone SE,4.0,57630.6,230522.4,Arun Nair,44,Kolkata,Credit Card,3.0
111,09-11-2021,Tuesday,Apple,iPhone 11,3.0,54175.24,162525.72,Manoj Rathod,18,Bhopal,Cash,3.0
2276,07/17/2023,Monday,Vivo,Vivo Y51,9.0,13845.08,124605.72,Arun Yadav,23,Ranchi,Credit Card,4.0
2888,01/08/2024,Monday,Apple,iPhone 12,3.0,25837.65,77512.95000000001,Priya Varma,49,Mumbai,Credit Card,3.0
1170,09/08/2022,Thursday,Apple,iPhone SE,1.0,51340.0,51340.0,Pooja Joshi,35,Mumbai,UPI,4.0
3136,03/21/2024,Thursday,Apple,iPhone SE,4.0,41128.5,164514.0,Sunita Singh,24,Delhi,Debit Card,4.0
233,14-12-2021,Tuesday,Samsung,Galaxy A51,2.0,29546.77,59093.54,Vivek Yadav,23,Delhi,UPI,5.0
67,28-10-2021,Thu,OnePlus,OnePlus Nord,4.0,28576.04,114304.16,Sunil Luthra,32,Indore,UPI,5.0
3753,15-09-2024,Sunday,Xiaomi,Redmi Note 10,1.0,28727.17,28727.17,Namita Teja,56,Mumbai,Credit Card,3.0
2073,20-05-2023,Saturday,Vivo,Vivo V20,8.0,41361.63,330893.04,Kavita Goyal,20,Mumbai,Debit Card,4.0
2193,23-06-2023,Friday,OnePlus,OnePlus 9,4.0,41962.7,167850.8,Arun Ghosh,49,Indore,Cash,4.0
537,09-03-2022,Wednesday,Apple,iPhone 11,2.0,33555.27,67110.54,Kunal Patel,23,Kolkata,Credit Card,4.0
126,11/13/2021,Saturday,Samsung,Galaxy S21,1.0,59228.14,59228.14,Pankaj Desai,34,Rajkot,Credit Card,4.0
2134,06/07/2023,Wednesday,Apple,iPhone 11,2.0,65998.62,131997.24,Priya Sharma,36,Bangalore,UPI,1.0
1255,02-10-2022,Sunday,Xiaomi,Redmi 9,1.0,53375.84,53375.84,Pankaj Teja,59,Hyderabad,Credit Card,1.0
3168,03/29/2024,Friday,OnePlus,OnePlus 8T,8.0,54617.72,436941.76,Lalita Desai,42,Bangalore,Credit Card,1.0
1977,24-04-2023,Monday,Samsung,Galaxy A51,1.0,43551.15,43551.15,Prashant Mathur,29,Delhi,UPI,4.0
3137,21-03-2024,Thursday,Vivo,Vivo S1,1.0,12019.02,12019.02,Nikhil Luthra,58,Indore,Debit Card,1.0
3692,08/27/2024,Tuesday,OnePlus,OnePlus Nord,2.0,66976.13,133952.26,Anand Reddy,36,Ludhiana,UPI,5.0
2076,05/21/2023,Sunday,OnePlus,OnePlus 8T,4.0,21302.09,85208.36,Anita Kumar,37,Delhi,Debit Card,4.0
485,21-02-2022,Monday,Xiaomi,Mi 11,5.0,67696.12,338480.6,Ramesh Solanki,41,Delhi,Debit Card,5.0
1655,22-01-2023,Sunday,Vivo,Vivo S1,7.0,62900.47,440303.29000000004,Bhavana Malhotra,32,Mumbai,Cash,1.0
3422,06/11/2024,Tuesday,Xiaomi,Redmi 9,9.0,10061.34,90552.06,Anjali Srivastava,35,Delhi,Credit Card,3.0
3782,09/24/2024,Tuesday,OnePlus,OnePlus Nord,7.0,56595.45,396168.14999999997,Ramesh Varma,56,Hyderabad,Cash,3.0
3183,03-04-2024,Wednesday,Vivo,Vivo V20,2.0,61072.44,122144.88,Pooja Menon,26,Gorakhpur,Debit Card,1.0
3701,30-08-2024,Friday,Samsung,Galaxy Note 20,2.0,68854.39,137708.78,Arun Gupta,55,Delhi,Credit Card,5.0
1775,26-02-2023,Sunday,Vivo,Vivo Y51,2.0,18814.53,37629.06,Yogesh Sharma,43,Ludhiana,Cash,3.0
2411,24-08-2023,Thursday,Vivo,Vivo S1,2.0,18920.35,37840.7,Pankaj Pathak,43,Mumbai,UPI,2.0
3444,06/17/2024,Monday,Samsung,Galaxy Note 20,5.0,60433.2,302166.0,Radha Rao,56,Chennai,UPI,5.0
919,29-06-2022,Wednesday,Samsung,Galaxy A51,1.0,69513.57,69513.57,Pooja Deshmukh,23,Delhi,UPI,3.0
1647,20-01-2023,Friday,Samsung,Galaxy S21,9.0,20222.04,181998.36000000002,Anita Srivastava,54,Jodhpur,UPI,5.0
1027,29-07-2022,Friday,Samsung,Galaxy Note 20,8.0,56428.04,451424.32,Umesh Kaur,57,Delhi,Debit Card,4.0
1031,30-07-2022,Saturday,Xiaomi,Mi 11,8.0,29666.27,237330.16,Neeta Singh,41,Rajkot,Credit Card,5.0
883,18-06-2022,Saturday,Apple,iPhone 11,8.0,50151.02,401208.16,Lalita Siddiqui,51,Delhi,Debit Card,5.0
1336,10/25/2022,Tuesday,Apple,iPhone SE,4.0,47570.44,190281.76,Pankaj Varma,45,Coimbatore,Debit Card,1.0
2747,28-11-2023,Tuesday,Apple,iPhone 11,1.0,42003.69,42003.69,Manoj Sharma,51,Delhi,UPI,4.0
2834,12/23/2023,Saturday,Xiaomi,Mi 11,5.0,43574.49,217872.44999999998,Mala Chatterjee,18,Hyderabad,Cash,2.0
2714,11/18/2023,Saturday,OnePlus,OnePlus 9,4.0,37447.7,149790.8,Bina Mathur,32,Gorakhpur,,3.0
365,19-01-2022,Wednesday,Samsung,Galaxy A51,9.0,45357.14,408214.26,Gita Roy,20,Bhopal,Cash,3.0
2126,06/04/2023,Sunday,OnePlus,OnePlus 9,8.0,48451.25,387610.0,Gita Teja,57,Delhi,Debit Card,5.0
28,10/17/2021,Sunday,OnePlus,OnePlus 9,2.0,63270.28,126540.56,Isha Desai,31,Vadodara,Debit Card,4.0
474,02/18/2022,Friday,Apple,iPhone 11,9.0,68290.98,614618.82,Jyoti Pillai,24,Ranchi,Credit Card,5.0
526,03/06/2022,Sunday,Vivo,Vivo V20,9.0,41841.71,376575.39,Anand Mishra,47,Delhi,Credit Card,4.0
726,05/04/2022,Wednesday,Vivo,Vivo Y51,2.0,41163.86,82327.72,Meena Malhotra,48,Delhi,Credit Card,4.0
56,10/25/2021,Monday,Vivo,Vivo Y51,5.0,27860.73,139303.65,Kavita Sheth,21,Delhi,Cash,5.0
639,08-04-2022,Friday,Samsung,Galaxy S21,3.0,53589.8,160769.40000000002,Ramesh Mishra,25,Delhi,UPI,3.0
303,03-01-2022,Monday,OnePlus,OnePlus 9,8.0,43220.67,345765.36,Anita Bhattacharya,40,Patna,Credit Card,5.0
2767,03-12-2023,Sunday,Vivo,Vivo V20,6.0,52721.76,316330.56,Kavita Teja,54,Mumbai,Credit Card,3.0
3335,17-05-2024,Friday,Apple,iPhone SE,7.0,56646.74,396527.18,Manoj Kulkarni,50,Mumbai,Cash,5.0
1277,08-10-2022,Saturday,Vivo,Vivo S1,2.0,45172.49,90344.98,Sumit Dutta,30,Mumbai,Credit Card,5.0
3368,05/27/2024,Monday,Samsung,Galaxy A51,1.0,29982.35,29982.35,Tanuja Srivastava,47,Rajkot,Debit Card,3.0
625,03-04-2022,Sunday,Apple,iPhone 12,6.0,44156.88,264941.27999999997,Krishna Rawat,40,Mumbai,UPI,5.0
2056,05/16/2023,Tuesday,Vivo,Vivo S1,7.0,36466.97,255268.79,Yogesh Luthra,28,Patna,UPI,2.0
1281,10-10-2022,Monday,Vivo,Vivo Y51,8.0,57617.94,460943.52,Umesh Bhattacharya,29,Ranchi,Cash,3.0
1050,08/05/2022,Friday,Apple,iPhone SE,5.0,41972.59,209862.94999999998,Namita Siddiqui,47,Chennai,Cash,5.0
337,11-01-2022,Tuesday,Samsung,Galaxy Note 20,5.0,53900.78,269503.9,Priyanka Alva,36,Delhi,Debit Card,5.0
48,10/23/2021,Saturday,Vivo,Vivo S1,7.0,13496.52,94475.64,Tanuja Prasad,49,Bhopal,UPI,5.0
107,08-11-2021,Monday,Xiaomi,Mi 11,5.0,10304.73,51523.649999999994,Shruti Bhatnagar,50,Indore,Credit Card,5.0
2398,08/20/2023,Sunday,Vivo,Vivo Y51,5.0,69915.89,349579.45,Krishna Goyal,56,Delhi,UPI,3.0
1080,08/13/2022,Saturday,Samsung,Galaxy Note 20,7.0,21848.42,152938.94,Tapan Ahuja,29,Delhi,Debit Card,5.0
2287,20-07-2023,Thursday,Vivo,Vivo Y51,9.0,46130.13,415171.17,Pankaj Kapoor,18,Coimbatore,UPI,2.0
2262,07/13/2023,Thursday,Xiaomi,Redmi Note 10,6.0,57713.0,346278.0,Sumit Roy,31,Ranchi,Credit Card,2.0
1145,31-08-2022,Wednesday,Vivo,Vivo Y51,6.0,24418.74,146512.44,Priya Siddiqui,51,Mumbai,Cash,1.0
3044,02/23/2024,Friday,Samsung,Galaxy Note 20,1.0,21530.36,21530.36,Pankaj Verma,20,Delhi,UPI,4.0
2297,23-07-2023,Sunday,OnePlus,OnePlus Nord,3.0,14459.89,43379.67,Manoj Nambiar,38,Mumbai,UPI,5.0
2842,12/25/2023,Monday,Xiaomi,Redmi 9,2.0,56106.87,112213.74,Neeta Desai,43,Ranchi,UPI,5.0
1837,15-03-2023,Wednesday,Apple,iPhone 12,7.0,53416.57,373915.99,Kiran Pathak,43,Mumbai,Debit Card,1.0
1754,02/20/2023,Monday,Apple,iPhone SE,5.0,29171.29,145856.45,Lata Kaur,39,Delhi,Debit Card,5.0
1102,08/19/2022,Friday,Vivo,Vivo S1,7.0,41210.98,288476.86000000004,Sumit Reddy,26,Mumbai,Cash,5.0
1969,21-04-2023,Friday,OnePlus,OnePlus Nord,9.0,57446.38,517017.42,Tanuja Dutta,19,Mumbai,UPI,5.0
2895,10-01-2024,Wednesday,Vivo,Vivo Y51,1.0,41312.51,41312.51,Deepika Pathak,50,Indore,Cash,3.0
3509,04-07-2024,Thursday,Vivo,Vivo S1,7.0,10190.46,71333.22,Sachin Kaur,48,Indore,Credit Card,2.0
524,03/05/2022,Saturday,OnePlus,OnePlus 8T,4.0,40034.85,160139.4,Neeta Pillai,56,Rajkot,Debit Card,4.0
2281,18-07-2023,Tuesday,Apple,iPhone 12,1.0,33834.53,33834.53,Monika Bhatnagar,23,Mumbai,Cash,4.0
2693,12-11-2023,Sunday,Apple,iPhone 11,9.0,17958.63,161627.67,Sneha Jain,40,Indore,UPI,4.0
1429,20-11-2022,Sunday,Xiaomi,Mi 11,6.0,21869.47,131216.82,Neeta Mathur,44,Delhi,Debit Card,4.0
2582,10/11/2023,Wednesday,Xiaomi,Mi 11,9.0,61551.34,553962.0599999999,Radha Sheth,54,Jodhpur,UPI,2.0
3334,05/17/2024,Friday,Apple,iPhone 12,5.0,13454.31,67271.55,Arun Mehta,34,Delhi,Debit Card,5.0
604,03/28/2022,Monday,Vivo,Vivo Y51,2.0,41639.18,83278.36,Shruti Iyer,36,Indore,UPI,5.0
1490,12/07/2022,Wednesday,Samsung,Galaxy Note 20,4.0,25810.43,103241.72,Shruti Bhatnagar,33,Mumbai,Credit Card,5.0
2992,02/07/2024,Wednesday,Samsung,Galaxy Note 20,2.0,46246.53,92493.06,Pooja Deshmukh,41,Patna,Debit Card,5.0
3373,28-05-2024,Tuesday,Apple,iPhone SE,9.0,68154.95,613394.5499999999,Namita Siddiqui,27,Delhi,Debit Card,3.0
61,27-10-2021,Wed,Xiaomi,Redmi Note 10,3.0,12278.56,36835.68,Kavita Srivastava,45,Mumbai,UPI,4.0
3517,06-07-2024,Saturday,Apple,iPhone SE,2.0,29241.96,58483.92,Jyoti Jain,40,Delhi,UPI,2.0
672,04/18/2022,Monday,OnePlus,OnePlus Nord,8.0,52675.95,421407.6,Sunil Singh,26,Delhi,Credit Card,5.0
93,04-11-2021,Thursday,Apple,iPhone 11,6.0,56372.83,338236.98,Sumit Sheth,43,Indore,UPI,3.0
667,16-04-2022,Saturday,Xiaomi,Redmi Note 10,3.0,17610.64,52831.92,Sunita Ahuja,38,Hyderabad,Cash,5.0
1888,03/30/2023,Thursday,Vivo,Vivo V20,1.0,18646.24,18646.24,Vijay Rao,36,Chennai,Debit Card,5.0
281,27-12-2021,Monday,Vivo,Vivo V20,9.0,34143.61,307292.49,Umesh Rawat,49,Mumbai,Cash,3.0
1720,02/10/2023,Friday,Apple,iPhone SE,7.0,38843.41,271903.87,Prashant Ghosh,20,Lucknow,Debit Card,5.0
360,01/18/2022,Tuesday,Xiaomi,Redmi Note 10,7.0,11452.36,80166.52,Bhavana Desai,53,Delhi,UPI,5.0
900,06/23/2022,Thursday,Apple,iPhone 12,3.0,47712.64,143137.91999999998,Priya Patel,25,Delhi,Credit Card,4.0
1936,04/13/2023,Thursday,Samsung,Galaxy Note 20,3.0,67245.63,201736.89,Manoj Kaur,50,Delhi,Cash,1.0
1995,29-04-2023,Saturday,Xiaomi,Redmi Note 10,8.0,42011.29,336090.32,Reena Sharma,46,Coimbatore,Cash,2.0
3770,09/20/2024,Friday,OnePlus,OnePlus 9,8.0,11113.5,88908.0,Tapan Joshi,33,Hyderabad,,5.0
761,15-05-2022,Sunday,Apple,iPhone SE,4.0,50734.05,202936.2,Sunil Kumar,35,Madurai,UPI,4.0
2159,13-06-2023,Tuesday,Samsung,Galaxy Note 20,6.0,23613.15,141678.90000000002,Aditya Jain,22,Ranchi,Credit Card,4.0
3352,05/22/2024,Wednesday,Vivo,Vivo S1,1.0,12977.48,12977.48,Vinod Ahuja,21,Kolkata,Cash,5.0
43,22-10-2021,Friday,Apple,iPhone SE,8.0,10804.57,86436.56,Sachin Desai,53,Ludhiana,UPI,5.0
2174,06/18/2023,Sunday,Samsung,Galaxy Note 20,5.0,17563.33,87816.65000000001,Priya Varma,46,Bhopal,UPI,4.0
205,05-12-2021,Sunday,OnePlus,OnePlus Nord,7.0,27081.27,189568.89,Kiran Mathur,38,Delhi,Credit Card,5.0
1474,12/02/2022,Friday,Xiaomi,Mi 11,2.0,46523.38,93046.76,Priyanka Alva,45,Rajkot,UPI,1.0
2101,28-05-2023,Sunday,OnePlus,OnePlus 9,3.0,66346.55,199039.65000000002,Sneha Menon,29,Vadodara,Debit Card,2.0
2594,10/15/2023,Sunday,Xiaomi,Redmi 9,3.0,38255.25,114765.75,Pooja Roy,34,Madurai,UPI,5.0
69,29-10-2021,Fri,Apple,iPhone 12,9.0,60301.17,542710.53,Meena Thakur,26,Chennai,Cash,5.0
1876,03/26/2023,Sunday,Xiaomi,Redmi Note 10,1.0,31813.49,31813.49,Krishna Patel,51,Vadodara,Credit Card,5.0
2833,23-12-2023,Saturday,Vivo,Vivo Y51,3.0,31989.61,95968.83,Anand Reddy,37,Ranchi,Cash,4.0
3035,20-02-2024,Tuesday,Samsung,Galaxy Note 20,5.0,46512.08,232560.40000000002,Aditya Kulkarni,19,Kanpur,UPI,3.0
2232,07/05/2023,Wednesday,OnePlus,OnePlus Nord,5.0,25288.2,126441.0,Neeta Desai,34,Lucknow,UPI,5.0
138,11/17/2021,Wednesday,Xiaomi,Mi 11,2.0,47451.52,94903.04,Tanuja Mathur,18,Delhi,Credit Card,5.0
797,25-05-2022,Wednesday,OnePlus,OnePlus 8T,5.0,61284.44,306422.2,Sunil Jain,55,Mumbai,Cash,4.0
2181,20-06-2023,Tuesday,Vivo,Vivo V20,5.0,32522.64,162613.2,Pooja Goyal,59,Jodhpur,Cash,5.0
2129,05-06-2023,Monday,Xiaomi,Redmi 9,6.0,22627.7,135766.2,Anand Joshi,29,Gorakhpur,UPI,5.0
759,14-05-2022,Saturday,Apple,iPhone SE,6.0,61145.83,366874.98,Vinod Arora,54,Vadodara,Debit Card,3.0
542,03/11/2022,Friday,Samsung,Galaxy A51,6.0,15643.59,93861.54000000001,Nikhil Chaudhary,19,Jodhpur,Credit Card,3.0
1020,07/27/2022,Wednesday,Xiaomi,Mi 11,5.0,38296.51,191482.55000000002,Anjali Srivastava,28,Mumbai,Cash,3.0
2916,01/16/2024,Tuesday,Vivo,Vivo S1,7.0,14734.11,103138.77,Anita Shah,18,Rajkot,Debit Card,2.0
166,11/24/2021,Wednesday,Vivo,Vivo S1,5.0,58586.22,292931.1,Reena Deshmukh,48,Delhi,UPI,5.0
249,18-12-2021,Saturday,OnePlus,OnePlus Nord,6.0,35895.06,215370.36,Pooja Arora,19,Bangalore,Credit Card,5.0
1332,10/24/2022,Monday,Samsung,Galaxy S21,2.0,69982.46,139964.92,Anand Kaur,47,Mumbai,Debit Card,4.0
2018,05/05/2023,Friday,OnePlus,OnePlus 9,7.0,39389.68,275727.76,Shruti Chaudhary,36,Delhi,UPI,1.0
447,10-02-2022,Thursday,OnePlus,OnePlus 9,4.0,51930.02,207720.08,Vivek Teja,36,Ludhiana,Cash,4.0
2483,13-09-2023,Wednesday,Samsung,Galaxy S21,5.0,67512.74,337563.7,Radha Kulkarni,27,Ranchi,Credit Card,2.0
2907,13-01-2024,Saturday,Vivo,Vivo Y51,8.0,33168.18,265345.44,Ramesh Srivastava,58,Delhi,Credit Card,2.0
1359,31-10-2022,Monday,Xiaomi,Mi 11,2.0,52185.63,104371.26,Vinod Ahuja,59,Mumbai,Debit Card,4.0
2846,12/26/2023,Tuesday,Vivo,Vivo S1,8.0,20311.41,162491.28,Priya Prasad,55,Ludhiana,Debit Card,4.0
2146,06/10/2023,Saturday,Xiaomi,Mi 11,9.0,47309.47,425785.23,Rajesh Menon,56,Delhi,Cash,1.0
1330,10/23/2022,Sunday,Vivo,Vivo S1,3.0,38228.4,114685.20000000001,Krishna Iyer,33,Mumbai,UPI,4.0
3818,10/04/2024,Friday,Vivo,Vivo Y51,2.0,17939.83,35879.66,Tanuja Teja,35,Delhi,Cash,4.0
2786,12/09/2023,Saturday,OnePlus,OnePlus Nord,1.0,27603.77,27603.77,Umesh Kumar,30,Bangalore,UPI,2.0
3727,07-09-2024,Saturday,Apple,iPhone SE,4.0,55148.39,220593.56,Mala Thakur,54,Gorakhpur,Credit Card,5.0
2151,11-06-2023,Sunday,Samsung,Galaxy S21,4.0,10514.15,42056.6,Pankaj Kapoor,18,Coimbatore,Debit Card,2.0
435,07-02-2022,Monday,OnePlus,OnePlus 9,6.0,12407.48,74444.88,Arun Deshmukh,38,Jodhpur,Cash,2.0
2123,03-06-2023,Saturday,Samsung,Galaxy A51,4.0,21121.24,84484.96,Navin Gupta,29,Mumbai,Credit Card,5.0
578,03/21/2022,Monday,Samsung,Galaxy S21,1.0,60858.42,60858.42,Yogesh Reddy,29,Ranchi,Credit Card,2.0
2901,12-01-2024,Friday,OnePlus,OnePlus Nord,8.0,56584.2,452673.6,Kavita Singh,50,Coimbatore,Cash,2.0
3049,24-02-2024,Saturday,Xiaomi,Mi 11,8.0,,383853.84,Sachin Sheth,22,Delhi,UPI,3.0
3674,08/22/2024,Thursday,Samsung,Galaxy S21,6.0,12988.47,77930.81999999999,Pooja Rao,53,Mumbai,Credit Card,2.0
2564,10/06/2023,Friday,Samsung,Galaxy Note 20,6.0,23479.64,140877.84,Deepika Kulkarni,31,Chennai,Debit Card,5.0
2449,04-09-2023,Monday,Samsung,Galaxy S21,1.0,33781.37,33781.37,Namita Sheth,19,Bangalore,UPI,3.0
1849,19-03-2023,Sunday,Vivo,Vivo S1,4.0,57606.19,230424.76,Sachin Rawat,48,Delhi,Cash,1.0
763,15-05-2022,Sunday,OnePlus,OnePlus 8T,5.0,25816.33,129081.65000000001,Anand Kapoor,27,Vadodara,Cash,5.0
389,25-01-2022,Tuesday,Vivo,Vivo V20,2.0,27931.79,55863.58,Vinod Malhotra,57,Kolkata,Cash,4.0
236,12/15/2021,Wednesday,Apple,iPhone 12,9.0,29606.39,266457.51,Mala Das,21,Mumbai,Cash,5.0
3332,05/16/2024,Thursday,Samsung,Galaxy S21,5.0,54491.04,272455.2,Lata Rathod,51,Kanpur,Credit Card,1.0
1985,26-04-2023,Wednesday,Xiaomi,Mi 11,5.0,49566.74,247833.69999999998,Harish Malhotra,40,Kolkata,Debit Card,4.0
268,12/24/2021,Friday,Samsung,Galaxy A51,6.0,63747.57,382485.42,Amit Ghosh,56,Ludhiana,UPI,5.0
771,18-05-2022,Wednesday,Vivo,Vivo S1,6.0,21194.71,127168.26,Anand Kaur,48,Coimbatore,Cash,5.0
2166,06/15/2023,Thursday,OnePlus,OnePlus Nord,6.0,38858.81,233152.86,Isha Thakur,26,Delhi,Cash,4.0
438,02/08/2022,Tuesday,Xiaomi,Redmi 9,6.0,62108.57,372651.42,Arun Dutta,47,Mumbai,Cash,4.0
674,04/19/2022,Tuesday,Apple,iPhone 12,7.0,12012.75,84089.25,Ayesha Siddiqui,59,Mumbai,Cash,4.0
250,12/19/2021,Sunday,Apple,iPhone 12,3.0,55816.18,167448.54,Bhavana Prasad,32,Bhopal,Cash,5.0
2202,06/26/2023,Monday,Samsung,Galaxy Note 20,2.0,17220.43,34440.86,Amit Das,57,Mumbai,Credit Card,2.0
1575,31-12-2022,Saturday,OnePlus,OnePlus 8T,2.0,59396.12,118792.24,Anita Joshi,21,Vadodara,Cash,5.0
2143,09-06-2023,Friday,OnePlus,OnePlus 9,2.0,36306.39,72612.78,Rajesh Verma,33,Mumbai,UPI,4.0
2082,05/23/2023,Tuesday,Samsung,Galaxy S21,8.0,25936.57,207492.56,Reena Goyal,52,Ludhiana,Cash,4.0
3347,20-05-2024,Monday,Apple,iPhone 11,8.0,45490.57,363924.56,Radha Kapoor,57,Indore,Credit Card,4.0
3283,02-05-2024,Thursday,Apple,iPhone 11,9.0,27852.81,250675.29,Vijay Siddiqui,46,Delhi,Credit Card,2.0
3506,07/03/2024,Wednesday,Vivo,Vivo V20,1.0,28143.02,28143.02,Rohan Sheth,26,Delhi,Cash,5.0
449,11-02-2022,Friday,OnePlus,OnePlus Nord,9.0,18409.93,165689.37,Priyanka Menon,56,Indore,Cash,5.0
1470,12/01/2022,Thursday,Vivo,Vivo Y51,3.0,18357.8,55073.399999999994,Sanjay Malhotra,55,Delhi,Debit Card,5.0
717,01-05-2022,Sunday,Vivo,Vivo V20,9.0,32643.26,293789.33999999997,Tapan Luthra,33,Delhi,Cash,5.0
3059,27-02-2024,Tuesday,OnePlus,OnePlus 9,3.0,47082.62,141247.86000000002,Anita Dutta,48,Madurai,Debit Card,1.0
3739,11-09-2024,Wednesday,Apple,iPhone SE,6.0,17055.98,102335.88,Radha Ghosh,58,Gorakhpur,Debit Card,4.0
2049,14-05-2023,Sunday,OnePlus,OnePlus Nord,3.0,41395.51,124186.53,Mala Goyal,49,Madurai,Cash,1.0
1902,04/03/2023,Monday,Xiaomi,Redmi 9,5.0,16497.36,82486.8,Nikhil Solanki,24,Mumbai,Debit Card,5.0
3186,04/04/2024,Thursday,OnePlus,OnePlus 8T,8.0,63449.61,507596.88,Sumit Goyal,24,Coimbatore,Cash,1.0
1169,07-09-2022,Wednesday,Xiaomi,Redmi Note 10,4.0,44944.06,179776.24,Meena Prasad,56,Mumbai,Cash,3.0
83,02-11-2021,Tuesday,Samsung,Galaxy A51,8.0,22722.69,181781.52,Sunil Luthra,23,Delhi,Credit Card,4.0
3466,06/23/2024,Sunday,Vivo,Vivo Y51,1.0,52655.78,52655.78,Yogesh Pathak,29,Mumbai,Credit Card,5.0
2725,21-11-2023,Tuesday,Xiaomi,Redmi Note 10,2.0,56774.59,113549.18,Jyoti Reddy,31,Chennai,Debit Card,4.0
1461,29-11-2022,Tuesday,Apple,iPhone SE,1.0,66055.2,66055.2,Anita Varma,21,Patna,Cash,5.0
2819,19-12-2023,Tuesday,Vivo,Vivo V20,5.0,15083.72,75418.59999999999,Vinod Arora,29,Vadodara,UPI,3.0
1894,04/01/2023,Saturday,Samsung,Galaxy Note 20,5.0,60351.54,301757.7,Lata Dutta,24,Ranchi,Debit Card,5.0
1669,26-01-2023,Thursday,OnePlus,OnePlus 8T,6.0,13789.63,82737.78,Vinod Chatterjee,19,Delhi,Cash,3.0
2757,01-12-2023,Friday,Apple,iPhone 12,7.0,15732.63,110128.40999999999,Neeta Nair,46,Hyderabad,Cash,3.0
2001,30-04-2023,Sunday,Apple,iPhone 11,6.0,17504.69,105028.13999999998,Deepika Prasad,41,Mumbai,UPI,4.0
476,02/18/2022,Friday,OnePlus,OnePlus Nord,3.0,57543.45,172630.34999999998,Vijay Prasad,48,Mumbai,Cash,2.0
518,03/03/2022,Thursday,Vivo,Vivo V20,9.0,37538.18,337843.62,Vinod Solanki,54,Delhi,Cash,5.0
3314,05/11/2024,Saturday,Vivo,Vivo S1,2.0,68110.81,136221.62,Namita Goyal,31,Mumbai,Credit Card,1.0
405,29-01-2022,Saturday,Vivo,Vivo V20,7.0,35899.61,251297.27000000002,Ravi Bhattacharya,31,Rajkot,UPI,5.0
385,24-01-2022,Monday,Xiaomi,Redmi Note 10,6.0,40968.09,245808.53999999998,Sumit Siddiqui,44,Delhi,Credit Card,5.0
3099,10-03-2024,Sunday,Vivo,Vivo Y51,1.0,60239.81,60239.81,Priya Roy,59,Ludhiana,Debit Card,3.0
2153,12-06-2023,Monday,Xiaomi,Redmi Note 10,6.0,21489.6,128937.59999999999,Anita Bhattacharya,44,Delhi,UPI,2.0
1634,01/16/2023,Monday,OnePlus,OnePlus 8T,8.0,10491.9,83935.2,Vijay Rao,54,Indore,Credit Card,5.0
3664,08/18/2024,Sunday,Vivo,Vivo V20,9.0,17696.61,159269.49,Lata Shah,50,Ranchi,Debit Card,4.0
689,23-04-2022,Saturday,Samsung,Galaxy A51,6.0,51715.5,310293.0,Prashant Deshmukh,32,Delhi,Credit Card,5.0
3112,03/13/2024,Wednesday,Vivo,Vivo Y51,5.0,28445.95,142229.75,Devendra Mathur,33,Delhi,UPI,1.0
2875,04-01-2024,Thursday,Xiaomi,Redmi Note 10,3.0,34675.14,104025.42,Reena Sheth,27,Chennai,UPI,3.0
1241,28-09-2022,Wednesday,Xiaomi,Redmi Note 10,6.0,58939.93,353639.58,Yogesh Rao,24,Delhi,UPI,4.0
63,27-10-2021,Wed,Vivo,Vivo V20,9.0,38919.17,350272.52999999997,Lata Shah,31,Gorakhpur,Credit Card,5.0
853,09-06-2022,Thursday,Vivo,Vivo S1,1.0,54800.26,54800.26,Krishna Menon,49,Delhi,Cash,5.0
3519,07-07-2024,Sunday,OnePlus,OnePlus 9,2.0,47387.98,94775.96,Ravi Siddiqui,33,Delhi,UPI,5.0
3159,27-03-2024,Wednesday,Samsung,Galaxy S21,8.0,15793.03,126344.24,Aditya Patel,48,Delhi,Cash,1.0
1263,04-10-2022,Tuesday,Vivo,Vivo V20,8.0,36217.29,289738.32,Radha Nair,58,Ludhiana,Cash,5.0
224,12/12/2021,Sunday,Apple,iPhone 12,8.0,59992.58,479940.64,Sanjay Joshi,56,Ludhiana,Debit Card,5.0
2194,06/23/2023,Friday,Samsung,Galaxy Note 20,1.0,33551.57,33551.57,Deepika Prasad,40,Patna,Debit Card,5.0
374,01/21/2022,Friday,Vivo,Vivo V20,9.0,19032.68,171294.12,Anjali Srivastava,31,Chennai,Credit Card,5.0
1825,12-03-2023,Sunday,Apple,iPhone 11,6.0,18650.07,111900.42,Lata Reddy,27,Kolkata,Debit Card,1.0
3238,04/18/2024,Thursday,Vivo,Vivo Y51,1.0,67262.16,67262.16,Vinod Kulkarni,22,Bangalore,Credit Card,4.0
3677,23-08-2024,Friday,Apple,iPhone SE,9.0,32132.75,289194.75,Gita Bhattacharya,40,Delhi,Debit Card,4.0
3319,12-05-2024,Sunday,Vivo,Vivo S1,5.0,23628.98,118144.9,Arun Mehta,24,Gorakhpur,Debit Card,4.0
3432,06/14/2024,Friday,Apple,iPhone SE,8.0,35477.87,283822.96,Kavita Goyal,50,Jodhpur,Cash,4.0
2872,01/03/2024,Wednesday,Apple,iPhone 11,8.0,54563.84,436510.72,Shruti Alva,44,Vadodara,Credit Card,4.0
10,10/11/2021,Monday,Samsung,Galaxy A51,6.0,19221.05,115326.29999999999,Yogesh Sharma,31,Mumbai,Debit Card,2.0
2498,09/17/2023,Sunday,OnePlus,OnePlus Nord,7.0,37870.74,265095.18,Sachin Kulkarni,46,Kolkata,Credit Card,2.0
1945,15-04-2023,Saturday,Xiaomi,Redmi 9,3.0,33638.67,100916.01,Aditya Luthra,51,Madurai,UPI,5.0
1839,16-03-2023,Thursday,Vivo,Vivo S1,5.0,22049.73,110248.65,Deepika Prasad,53,Mumbai,Cash,1.0
709,29-04-2022,Friday,Xiaomi,Redmi 9,9.0,40986.66,368879.94000000006,Meena Verma,26,Jodhpur,Credit Card,5.0
256,12/20/2021,Monday,Samsung,Galaxy A51,6.0,41649.76,249898.56,Pankaj Gupta,52,Kolkata,Debit Card,5.0
2931,20-01-2024,Saturday,Samsung,Galaxy A51,5.0,57502.97,287514.85,Vivek Mishra,50,Ludhiana,Cash,5.0
1618,01/12/2023,Thursday,Apple,iPhone 12,7.0,28360.06,198520.42,Yogesh Kulkarni,40,Bhopal,Debit Card,4.0
390,01/25/2022,Tuesday,OnePlus,OnePlus 9,9.0,21579.04,194211.36000000002,Sneha Arora,41,Ludhiana,Debit Card,4.0
1582,01/02/2023,Monday,Apple,iPhone 12,7.0,32178.59,225250.13,Rajesh Chaudhary,20,Delhi,Cash,5.0
2957,28-01-2024,Sunday,OnePlus,OnePlus Nord,3.0,46492.8,139478.40000000002,Tanuja Roy,52,Vadodara,UPI,5.0
925,01-07-2022,Friday,Samsung,Galaxy A51,6.0,51597.85,309587.1,Vinod Verma,19,Kolkata,Cash,5.0
3550,07/16/2024,Tuesday,Apple,iPhone 11,9.0,61368.77,552318.9299999999,Anita Kumar,48,Mumbai,Credit Card,5.0
3552,07/17/2024,Wednesday,Vivo,Vivo S1,7.0,21023.7,147165.9,Namita Goyal,34,Kolkata,UPI,5.0
2509,20-09-2023,Wednesday,Samsung,Galaxy A51,2.0,50242.18,100484.36,Arun Kaur,51,Ludhiana,UPI,5.0
2037,11-05-2023,Thursday,Vivo,Vivo Y51,7.0,20681.22,144768.54,Kavita Siddiqui,29,Mumbai,UPI,1.0
3064,02/28/2024,Wednesday,Samsung,Galaxy Note 20,6.0,30881.81,185290.86000000002,Tanuja Srivastava,56,Delhi,Debit Card,4.0
1225,23-09-2022,Friday,Vivo,Vivo S1,9.0,22254.32,200288.88,Lalita Rathod,42,Hyderabad,Debit Card,1.0
3007,12-02-2024,Monday,Samsung,Galaxy S21,5.0,67562.79,337813.94999999995,Pankaj Srivastava,23,Mumbai,Credit Card,4.0
2550,10/01/2023,Sunday,Vivo,Vivo V20,6.0,25136.15,150816.90000000002,Meena Patel,23,Lucknow,Cash,5.0
1947,16-04-2023,Sunday,OnePlus,OnePlus Nord,5.0,20093.85,100469.25,Rajesh Verma,41,Delhi,UPI,2.0
740,05/08/2022,Sunday,Xiaomi,Redmi Note 10,2.0,60424.02,120848.04,Pooja Arora,21,Delhi,Credit Card,5.0
41,21-10-2021,Thursday,Apple,iPhone 11,7.0,65469.66,458287.62,Pooja Rao,54,Delhi,UPI,5.0
869,14-06-2022,Tuesday,Xiaomi,Redmi 9,9.0,68960.8,620647.2000000001,Tanuja Dutta,25,Kolkata,Credit Card,5.0
2780,12/07/2023,Thursday,Apple,iPhone 12,8.0,45625.05,365000.4,Ayesha Patel,39,Delhi,Debit Card,2.0
540,03/10/2022,Thursday,Samsung,Galaxy A51,4.0,26487.87,105951.48,Kiran Solanki,36,Coimbatore,Cash,3.0
2746,11/27/2023,Monday,Samsung,Galaxy Note 20,5.0,50878.79,254393.95,Rajesh Verma,51,Rajkot,UPI,4.0
3205,09-04-2024,Tuesday,OnePlus,OnePlus Nord,3.0,48860.16,146580.48,Sumit Nambiar,30,Delhi,UPI,5.0
2724,11/21/2023,Tuesday,Apple,iPhone 11,2.0,30490.43,60980.86,Sunil Patel,26,Bhopal,Credit Card,5.0
1372,11/05/2022,Saturday,Apple,iPhone SE,2.0,32019.6,64039.2,Monika Mathur,24,Chennai,Credit Card,1.0
1146,09/01/2022,Thursday,Apple,iPhone 11,4.0,49561.02,198244.08,Meena Menon,43,Mumbai,Cash,1.0
1032,07/31/2022,Sunday,OnePlus,OnePlus 9,9.0,61604.41,554439.6900000001,Namita Siddiqui,46,Lucknow,Cash,3.0
373,21-01-2022,Friday,Vivo,Vivo V20,8.0,47559.03,380472.24,Tapan Bhattacharya,32,Hyderabad,UPI,3.0
668,04/17/2022,Sunday,Samsung,Galaxy Note 20,8.0,37715.51,301724.08,Reena Desai,21,Delhi,Debit Card,3.0
3020,02/16/2024,Friday,Apple,iPhone 11,4.0,11526.83,46107.32,Monika Chatterjee,49,Coimbatore,Debit Card,1.0
358,01/17/2022,Monday,Xiaomi,Redmi Note 10,3.0,26973.15,80919.45000000001,Harish Goyal,34,Mumbai,Credit Card,4.0
968,07/12/2022,Tuesday,Samsung,Galaxy S21,4.0,47643.79,190575.16,Radha Ghosh,42,Mumbai,Debit Card,5.0
2832,12/23/2023,Saturday,OnePlus,OnePlus Nord,7.0,34019.29,238135.03,Krishna Sharma,38,Indore,UPI,2.0
2784,12/08/2023,Friday,Apple,iPhone 12,2.0,11923.76,23847.52,Sumit Arora,31,Bangalore,UPI,5.0
1354,10/30/2022,Sunday,Samsung,Galaxy Note 20,7.0,45227.97,316595.79000000004,Sneha Prasad,50,Mumbai,Debit Card,4.0
1036,08/01/2022,Monday,Apple,iPhone SE,3.0,66283.23,198849.69,Kiran Rathod,31,Delhi,Debit Card,5.0
3019,16-02-2024,Friday,Apple,iPhone 11,6.0,32067.23,192403.38,Mala Ghosh,44,Bhopal,UPI,5.0
471,17-02-2022,Thursday,Apple,iPhone 12,4.0,67160.37,268641.48,Tapan Bhattacharya,32,Lucknow,UPI,3.0
3312,05/10/2024,Friday,Xiaomi,Mi 11,4.0,34146.71,136586.84,Tapan Siddiqui,42,Ludhiana,Credit Card,4.0
1397,11-11-2022,Friday,Vivo,Vivo V20,7.0,56999.01,398993.07,Ravi Siddiqui,57,Madurai,UPI,4.0
3350,05/21/2024,Tuesday,OnePlus,OnePlus Nord,9.0,24580.11,221220.99,Umesh Patel,52,Kolkata,UPI,3.0
1550,12/24/2022,Saturday,Samsung,Galaxy A51,5.0,49559.69,247798.45,Amit Chatterjee,50,Mumbai,UPI,5.0
1257,02-10-2022,Sunday,OnePlus,OnePlus 9,7.0,57810.89,404676.23,Prashant Arora,18,Bangalore,Cash,3.0
2095,27-05-2023,Saturday,Samsung,Galaxy A51,9.0,62814.88,565333.9199999999,Manoj Shah,35,Ludhiana,Credit Card,2.0
1556,12/25/2022,Sunday,Xiaomi,Redmi 9,7.0,11118.8,77831.59999999999,Rohan Sheth,25,Delhi,UPI,5.0
3306,05/08/2024,Wednesday,Xiaomi,Mi 11,2.0,12276.3,24552.6,Sanjay Jain,33,Delhi,Cash,5.0
1251,01-10-2022,Saturday,Apple,iPhone SE,8.0,46527.88,372223.04,Sneha Arora,51,Hyderabad,Debit Card,5.0
1700,02/04/2023,Saturday,Apple,iPhone 11,3.0,22824.42,68473.26,Navin Chaudhary,57,,Debit Card,3.0
1253,01-10-2022,Saturday,Xiaomi,Redmi Note 10,4.0,23545.78,94183.12,Radha Ghosh,55,Delhi,Credit Card,5.0
3539,13-07-2024,Saturday,Samsung,Galaxy S21,3.0,42636.18,127908.54000000001,Yogesh Rao,25,Chennai,Debit Card,5.0
3561,20-07-2024,Saturday,Vivo,Vivo S1,9.0,62669.93,564029.37,Pooja Rao,40,Madurai,Debit Card,4.0
2934,01/21/2024,Sunday,Samsung,Galaxy S21,2.0,56196.01,112392.02,Sunil Iyer,41,Gorakhpur,Cash,4.0
80,11/01/2021,Monday,Vivo,Vivo Y51,8.0,41682.85,333462.8,Monika Srivastava,24,Chennai,Cash,5.0
1173,08-09-2022,Thursday,Apple,iPhone 12,7.0,10170.53,71193.71,Vijay Siddiqui,40,Delhi,Debit Card,5.0
815,30-05-2022,Monday,Apple,iPhone 11,7.0,17904.63,125332.41,Priya Roy,21,Delhi,Debit Card,2.0
1853,20-03-2023,Monday,Apple,iPhone SE,3.0,65993.5,197980.5,Meena Mathur,40,Patna,Cash,1.0
2221,01-07-2023,Saturday,Vivo,Vivo S1,4.0,42063.13,168252.52,Priyanka Dutta,48,Delhi,Debit Card,4.0
2720,11/20/2023,Monday,OnePlus,OnePlus 9,9.0,48545.59,436910.30999999994,Priyanka Mishra,49,Gorakhpur,UPI,4.0
3359,24-05-2024,Friday,Samsung,Galaxy S21,5.0,18563.31,92816.55,Vinod Srivastava,36,Lucknow,Cash,3.0
2106,05/30/2023,Tuesday,Samsung,Galaxy Note 20,7.0,25136.74,175957.18000000002,Lata Alva,33,Jodhpur,Credit Card,4.0
134,11/15/2021,Monday,Xiaomi,Mi 11,3.0,61872.48,185617.44,Tanuja Goyal,27,Mumbai,Debit Card,4.0
1141,30-08-2022,Tuesday,Samsung,Galaxy A51,9.0,69201.81,622816.29,Priya Singh,31,Delhi,Debit Card,3.0
934,07/03/2022,Sunday,Xiaomi,Mi 11,5.0,25674.71,128373.54999999999,Sumit Malhotra,44,Mumbai,Debit Card,4.0
929,02-07-2022,Saturday,Samsung,Galaxy A51,3.0,62795.77,188387.31,Jyoti Varma,49,Delhi,Cash,5.0
824,06/01/2022,Wednesday,Vivo,Vivo V20,7.0,25004.95,175034.65,Krishna Goyal,57,Delhi,Cash,3.0
1532,12/18/2022,Sunday,Apple,iPhone 11,8.0,49849.17,398793.36,Vivek Sheth,27,Bhopal,UPI,5.0
1215,21-09-2022,Wednesday,Vivo,Vivo Y51,1.0,53824.83,53824.83,Prashant Verma,49,Delhi,Credit Card,3.0
505,28-02-2022,Monday,Samsung,Galaxy A51,3.0,18917.99,56753.97,Namita Gupta,31,Ranchi,Credit Card,4.0
3796,09/28/2024,Saturday,Apple,iPhone 11,9.0,58997.23,530975.0700000001,Gita Bhattacharya,56,Rajkot,Credit Card,2.0
2396,08/20/2023,Sunday,Vivo,Vivo V20,9.0,69051.6,621464.4,Sunil Menon,29,Ranchi,Credit Card,3.0
1997,29-04-2023,Saturday,Apple,iPhone 11,2.0,62354.44,124708.88,Kiran Siddiqui,24,Mumbai,Credit Card,4.0
2435,31-08-2023,Thursday,OnePlus,OnePlus 9,9.0,36796.11,331164.99,Shruti Shah,50,Vadodara,Cash,5.0
3073,02-03-2024,Saturday,Xiaomi,Redmi Note 10,6.0,46411.59,278469.54,Rajesh Pathak,59,Bangalore,UPI,2.0
1959,19-04-2023,Wednesday,Vivo,Vivo S1,9.0,60143.3,541289.7000000001,Anita Mishra,31,Jodhpur,Debit Card,2.0
1385,08-11-2022,Tuesday,OnePlus,OnePlus 9,1.0,56344.66,56344.66,Manoj Mehta,50,Bangalore,Debit Card,3.0
895,22-06-2022,Wednesday,OnePlus,OnePlus Nord,2.0,12253.14,24506.28,Vivek Bhatnagar,53,Delhi,Cash,5.0
829,02-06-2022,Thursday,Xiaomi,Redmi 9,6.0,34472.96,206837.76,Pooja Kaur,38,Delhi,UPI,3.0
3738,09/10/2024,Tuesday,Samsung,Galaxy S21,2.0,48747.42,97494.84,Mala Roy,21,Bangalore,Cash,5.0
2524,09/24/2023,Sunday,Xiaomi,Redmi 9,7.0,30276.73,211937.11,Lalita Luthra,26,Ranchi,Cash,2.0
1684,01/31/2023,Tuesday,OnePlus,OnePlus 8T,2.0,53033.15,106066.3,Neeta Yadav,41,Jodhpur,Debit Card,4.0
3676,08/22/2024,Thursday,Vivo,Vivo Y51,8.0,13900.33,111202.64,Bhavana Srivastava,27,Coimbatore,Debit Card,5.0
3268,04/27/2024,Saturday,Vivo,Vivo V20,9.0,56950.72,512556.48,Ayesha Roy,46,Bangalore,Credit Card,2.0
3209,10-04-2024,Wednesday,Samsung,Galaxy S21,4.0,30822.82,123291.28,Sumit Malhotra,22,Coimbatore,Cash,5.0
653,12-04-2022,Tuesday,Samsung,Galaxy S21,4.0,20346.78,81387.12,Amit Ghosh,59,Hyderabad,UPI,5.0
173,26-11-2021,Friday,OnePlus,OnePlus 8T,7.0,48156.37,337094.59,Sumit Reddy,31,Patna,UPI,5.0
39,20-10-2021,Wednesday,OnePlus,OnePlus 8T,8.0,33285.92,266287.36,Umesh Goyal,53,Delhi,Debit Card,5.0
3667,19-08-2024,Monday,Apple,iPhone 11,9.0,62711.03,564399.27,Umesh Kaur,42,Delhi,Credit Card,5.0
714,05/01/2022,Sunday,OnePlus,OnePlus 9,4.0,18008.13,72032.52,Bhavana Malhotra,36,Jodhpur,Debit Card,5.0
91,04-11-2021,Thursday,Samsung,Galaxy S21,7.0,52060.68,364424.76,Devendra Jain,35,Jodhpur,Cash,5.0
3781,23-09-2024,Monday,Vivo,Vivo Y51,9.0,42362.76,381264.84,Bina Mishra,41,Coimbatore,Debit Card,4.0
1206,09/18/2022,Sunday,OnePlus,OnePlus Nord,8.0,16662.1,133296.8,Mala Thakur,47,Delhi,Cash,5.0
2924,01/18/2024,Thursday,Apple,iPhone 12,8.0,41815.79,334526.32,Gita Roy,22,Ludhiana,UPI,3.0
3156,03/26/2024,Tuesday,Xiaomi,Redmi Note 10,3.0,63463.31,190389.93,Devendra Rao,25,Mumbai,UPI,4.0
3302,05/07/2024,Tuesday,Vivo,Vivo V20,1.0,27405.54,27405.54,Anjali Nambiar,19,Madurai,Credit Card,2.0
1828,03/13/2023,Monday,OnePlus,OnePlus 8T,2.0,69673.55,139347.1,Rohan Jain,24,Jodhpur,Credit Card,
1156,09/03/2022,Saturday,Samsung,Galaxy S21,9.0,30426.46,273838.14,Anjali Thakur,31,Vadodara,UPI,3.0
1325,22-10-2022,Saturday,Apple,iPhone 12,8.0,39382.24,315057.92,Aditya Joshi,55,Mumbai,Debit Card,3.0
217,09-12-2021,Thursday,Apple,iPhone 12,5.0,59527.5,297637.5,Radha Jain,54,Bangalore,Credit Card,5.0
511,01-03-2022,Tuesday,Apple,iPhone 12,6.0,59846.04,359076.24,Pankaj Jain,42,Delhi,Credit Card,3.0
1681,30-01-2023,Monday,Xiaomi,Redmi 9,9.0,22878.28,205904.52,Anita Joshi,57,Mumbai,Cash,5.0
500,02/26/2022,Saturday,OnePlus,OnePlus 9,4.0,60757.92,243031.68,Priya Sharma,39,Bangalore,Cash,5.0
3163,28-03-2024,Thursday,OnePlus,OnePlus 9,2.0,11298.87,22597.74,Umesh Dutta,58,Delhi,Credit Card,4.0
1857,21-03-2023,Tuesday,Samsung,Galaxy A51,4.0,31372.68,125490.72,Krishna Bhattacharya,21,Patna,Cash,5.0
1389,09-11-2022,Wednesday,OnePlus,OnePlus 9,3.0,29091.25,87273.75,Ravi Sharma,52,Chennai,Cash,3.0
1520,12/15/2022,Thursday,Apple,iPhone 12,4.0,60742.51,242970.04,Umesh Rawat,42,Kolkata,Debit Card,5.0
2387,18-08-2023,Friday,OnePlus,OnePlus 9,2.0,63794.29,127588.58,Ramesh Solanki,58,Ranchi,Credit Card,4.0
3481,26-06-2024,Wednesday,OnePlus,OnePlus Nord,7.0,14031.85,98222.95,Kiran Chaudhary,25,Delhi,UPI,3.0
2077,22-05-2023,Monday,Apple,iPhone 12,9.0,31055.33,279497.97000000003,Umesh Chaudhary,49,Lucknow,Debit Card,2.0
1541,21-12-2022,Wednesday,Vivo,Vivo Y51,4.0,22124.99,88499.96,Anita Rawat,52,Delhi,Credit Card,3.0
1218,09/21/2022,Wednesday,Apple,iPhone SE,4.0,31594.84,126379.36,Pankaj Pathak,38,Gorakhpur,UPI,1.0
2682,11/09/2023,Thursday,OnePlus,OnePlus Nord,2.0,18454.24,36908.48,Neeta Mishra,52,Mumbai,Credit Card,2.0
3671,21-08-2024,Wednesday,Samsung,Galaxy Note 20,3.0,18001.12,54003.36,Vijay Varma,50,Vadodara,Debit Card,4.0
2994,02/08/2024,Thursday,Apple,iPhone 11,2.0,66180.82,132361.64,Vivek Nair,33,Mumbai,Cash,4.0
1417,17-11-2022,Thursday,Apple,iPhone 11,2.0,45261.41,90522.82,Yogesh Luthra,25,Delhi,Cash,5.0
2218,06/30/2023,Friday,Samsung,Galaxy Note 20,2.0,36878.51,73757.02,Pooja Thakur,24,Delhi,Cash,1.0
3216,04/12/2024,Friday,OnePlus,OnePlus 8T,5.0,53570.93,267854.65,Nikhil Chaudhary,56,Chennai,Credit Card,5.0
1677,29-01-2023,Sunday,Apple,iPhone SE,2.0,54892.43,109784.86,Pooja Sharma,36,Gorakhpur,Cash,5.0
1198,09/15/2022,Thursday,Apple,iPhone 12,9.0,44899.08,404091.72000000003,Manoj Nambiar,19,Indore,Cash,1.0
1543,21-12-2022,Wednesday,Apple,iPhone 12,5.0,36639.29,183196.45,Anjali Srivastava,51,Mumbai,UPI,3.0
2961,29-01-2024,Monday,Apple,iPhone 11,7.0,29417.75,205924.25,Krishna Patel,33,Delhi,Cash,3.0
2540,09/28/2023,Thursday,Xiaomi,Redmi 9,1.0,60595.72,60595.72,Yogesh Dutta,25,Delhi,UPI,2.0
954,07/08/2022,Friday,Vivo,Vivo S1,3.0,55226.84,165680.52,Sumit Chatterjee,21,Vadodara,UPI,5.0
3081,04-03-2024,Monday,Xiaomi,Mi 11,4.0,47998.73,191994.92,Aditya Patel,19,Bhopal,UPI,1.0
2636,10/27/2023,Friday,Vivo,Vivo Y51,5.0,46015.18,230075.9,Kiran Alva,45,Bhopal,Cash,5.0
751,12-05-2022,Thursday,Vivo,Vivo S1,3.0,36240.85,108722.54999999999,Ravi Ghosh,32,Mumbai,UPI,5.0
2706,11/16/2023,Thursday,Samsung,Galaxy S21,5.0,60322.27,301611.35,Shruti Deshmukh,27,Delhi,UPI,4.0
235,15-12-2021,Wednesday,Vivo,Vivo V20,4.0,34527.58,138110.32,Isha Menon,38,Ranchi,Debit Card,5.0
733,06-05-2022,Friday,Apple,iPhone SE,4.0,14856.98,59427.92,Yogesh Malhotra,49,Delhi,Debit Card,5.0
3833,08-10-2024,Tuesday,OnePlus,OnePlus 8T,7.0,37620.23,263341.61000000004,Anita Desai,34,Vadodara,UPI,5.0
1157,04-09-2022,Sunday,Apple,iPhone 11,5.0,69459.17,347295.85,Manoj Iyer,34,Jodhpur,UPI,5.0
3289,04-05-2024,Saturday,Xiaomi,Redmi 9,3.0,43281.62,129844.86000000002,Priyanka Joshi,33,Hyderabad,Credit Card,1.0
2446,09/03/2023,Sunday,Apple,iPhone 11,6.0,28947.74,173686.44,Lata Dutta,18,Ranchi,UPI,5.0
2983,05-02-2024,Monday,Samsung,Galaxy Note 20,5.0,52210.49,261052.44999999998,Rohan Shah,45,Bhopal,Cash,2.0
1210,09/19/2022,Monday,OnePlus,OnePlus Nord,6.0,16105.27,96631.62,Meena Roy,25,Mumbai,Debit Card,4.0
1066,08/09/2022,Tuesday,OnePlus,OnePlus Nord,7.0,18069.41,126485.87,Shruti Kulkarni,25,Madurai,UPI,4.0
2157,13-06-2023,Tuesday,Vivo,Vivo S1,2.0,37569.0,75138.0,Bina Patel,38,Delhi,Cash,2.0
1063,09-08-2022,Tuesday,Samsung,Galaxy S21,7.0,32356.31,226494.17,Vivek Bhatnagar,55,Patna,Cash,5.0
2617,21-10-2023,Saturday,OnePlus,OnePlus 8T,1.0,19734.13,19734.13,Sachin Malhotra,24,Gorakhpur,Debit Card,4.0
1168,09/07/2022,Wednesday,Xiaomi,Redmi 9,3.0,55464.1,166392.3,Radha Kaur,36,Patna,Debit Card,5.0
1493,07-12-2022,Wednesday,OnePlus,OnePlus 8T,7.0,39348.04,275436.28,Radha Srivastava,54,Ludhiana,Credit Card,3.0
2939,23-01-2024,Tuesday,Apple,iPhone 12,2.0,45983.14,91966.28,Bhavana Dutta,19,Delhi,Cash,3.0
2996,02/09/2024,Friday,Xiaomi,Redmi 9,8.0,10723.75,85790.0,Manoj Gupta,54,Jodhpur,UPI,5.0
3097,09-03-2024,Saturday,Vivo,Vivo S1,9.0,61674.0,555066.0,Meena Malhotra,58,Kolkata,Credit Card,1.0
3157,26-03-2024,Tuesday,Apple,iPhone 12,2.0,29985.13,59970.26,Arun Dutta,21,Kolkata,Debit Card,5.0
3141,22-03-2024,Friday,Apple,iPhone 12,8.0,62420.36,499362.88,Ravi Sharma,56,Mumbai,UPI,5.0
885,18-06-2022,Saturday,Xiaomi,Mi 11,8.0,35932.79,287462.32,Meena Kumar,28,Vadodara,Credit Card,3.0
144,11/19/2021,Friday,Samsung,Galaxy A51,4.0,30775.96,123103.84,Reena Bhatnagar,32,Gorakhpur,Debit Card,5.0
3767,19-09-2024,Thursday,Apple,iPhone 12,9.0,21770.84,195937.56,Isha Arora,37,Vadodara,Credit Card,2.0
851,08-06-2022,Wednesday,Apple,iPhone 11,6.0,33317.94,199907.64,Tapan Gupta,59,Ludhiana,Cash,5.0
2783,08-12-2023,Friday,Apple,iPhone 12,5.0,49682.92,248414.59999999998,Vijay Mishra,31,Patna,Debit Card,5.0
718,05/02/2022,Monday,Samsung,Galaxy A51,7.0,36685.35,256797.44999999998,Vivek Alva,53,Delhi,Cash,4.0
3641,11-08-2024,Sunday,Vivo,Vivo Y51,2.0,34808.4,69616.8,Kavita Goyal,31,Vadodara,Credit Card,2.0
2503,18-09-2023,Monday,Vivo,Vivo V20,8.0,67836.62,542692.96,Sachin Malhotra,49,Jodhpur,Debit Card,5.0
265,23-12-2021,Thursday,Apple,iPhone SE,3.0,13855.16,41565.479999999996,Bhavana Siddiqui,30,Indore,Debit Card,5.0
76,10/31/2021,Sunday,Xiaomi,Redmi Note 10,9.0,21472.63,193253.67,Sunita Arora,35,Mumbai,UPI,5.0
2493,16-09-2023,Saturday,Vivo,Vivo Y51,6.0,39438.85,236633.09999999998,Tanuja Goyal,43,Kanpur,Cash,5.0
396,01/27/2022,Thursday,Vivo,Vivo S1,3.0,18908.99,56726.97,Yogesh Alva,32,Vadodara,Cash,3.0
3252,04/23/2024,Tuesday,Vivo,Vivo Y51,8.0,45099.5,360796.0,Lata Rawat,52,,UPI,1.0
2225,02-07-2023,Sunday,Samsung,Galaxy A51,6.0,62601.05,375606.30000000005,Neeta Mathur,42,Bangalore,Cash,4.0
3091,07-03-2024,Thursday,Apple,iPhone 12,9.0,67487.37,607386.33,Meena Prasad,55,Bhopal,Debit Card,5.0
3583,26-07-2024,Friday,Xiaomi,Redmi Note 10,7.0,63451.42,444159.94,Kiran Joshi,53,Mumbai,Debit Card,4.0
397,27-01-2022,Thursday,Xiaomi,Redmi 9,5.0,43258.04,216290.2,Sanjay Mehta,49,Rajkot,Credit Card,5.0
1366,11/03/2022,Thursday,Samsung,Galaxy A51,4.0,20536.01,82144.04,Pooja Kaur,20,Mumbai,Cash,3.0
3191,05-04-2024,Friday,Apple,iPhone 12,7.0,52322.83,366259.81,Pooja Goyal,31,Bangalore,Debit Card,4.0
1904,04/03/2023,Monday,Apple,iPhone SE,5.0,53626.27,268131.35,Priya Reddy,30,Delhi,Debit Card,5.0
596,03/26/2022,Saturday,Vivo,Vivo S1,8.0,30837.26,246698.08,Vinod Joshi,55,Hyderabad,UPI,3.0
2110,05/31/2023,Wednesday,Vivo,Vivo S1,5.0,57597.88,287989.39999999997,Neeta Nair,39,Mumbai,Cash,2.0
1297,14-10-2022,Friday,Samsung,Galaxy A51,6.0,22655.64,135933.84,Aditya Joshi,56,Delhi,Debit Card,5.0
1822,03/11/2023,Saturday,OnePlus,OnePlus 9,4.0,13677.93,54711.72,Harish Malhotra,57,Kanpur,UPI,4.0
873,15-06-2022,Wednesday,Samsung,Galaxy S21,3.0,29473.25,88419.75,Isha Nair,31,Jodhpur,Credit Card,5.0
3643,12-08-2024,Monday,Apple,iPhone 12,2.0,25384.43,50768.86,Sunil Kumar,49,Mumbai,Cash,5.0
3728,09/07/2024,Saturday,Vivo,Vivo S1,9.0,11836.33,106526.97,Ayesha Rathod,31,Ranchi,Debit Card,5.0
2327,01-08-2023,Tuesday,Samsung,Galaxy Note 20,8.0,52321.76,418574.08,Kavita Goyal,31,Ranchi,Credit Card,2.0
1549,23-12-2022,Friday,Apple,iPhone 12,4.0,29728.11,118912.44,Mala Dutta,39,Patna,Debit Card,1.0
37,20-10-2021,Wednesday,Xiaomi,Redmi 9,1.0,37003.12,37003.12,Deepika Verma,40,Coimbatore,Debit Card,3.0
2711,17-11-2023,Friday,Samsung,Galaxy A51,8.0,33721.39,269771.12,Deepika Gupta,21,Vadodara,Credit Card,4.0
3226,04/15/2024,Monday,Samsung,Galaxy S21,5.0,65346.14,326730.7,Tanuja Malhotra,46,Bangalore,Debit Card,4.0
2144,06/09/2023,Friday,Vivo,Vivo Y51,6.0,11817.59,70905.54000000001,Sachin Goyal,43,Lucknow,UPI,2.0
3265,27-04-2024,Saturday,Samsung,Galaxy A51,7.0,44622.51,312357.57,Kiran Singh,38,Patna,Debit Card,2.0
978,07/15/2022,Friday,OnePlus,OnePlus Nord,6.0,13746.85,82481.1,Tanuja Ahuja,38,Gorakhpur,Debit Card,4.0
1572,12/30/2022,Friday,Apple,iPhone 12,7.0,10081.33,70569.31,Prashant Jain,32,Delhi,Credit Card,4.0
1123,25-08-2022,Thursday,OnePlus,OnePlus 8T,9.0,50332.04,452988.36,Kiran Bhattacharya,36,Indore,UPI,5.0
2787,09-12-2023,Saturday,Vivo,Vivo S1,9.0,62668.29,564014.61,Monika Kumar,20,Patna,Cash,3.0
2240,07/07/2023,Friday,Samsung,Galaxy Note 20,2.0,67438.82,134877.64,Prashant Roy,45,Mumbai,Cash,4.0
2968,02/01/2024,Thursday,Xiaomi,Redmi Note 10,9.0,18844.77,169602.93,Deepika Kulkarni,24,Gorakhpur,Cash,2.0
2505,19-09-2023,Tuesday,Xiaomi,Redmi Note 10,6.0,23642.8,141856.8,Deepika Deshmukh,51,Mumbai,Debit Card,2.0
1893,31-03-2023,Friday,Xiaomi,Mi 11,7.0,61726.24,432083.68,Vivek Nambiar,56,Ranchi,Credit Card,1.0
676,04/19/2022,Tuesday,Apple,iPhone 12,9.0,51689.65,465206.85000000003,Lata Patel,28,Delhi,UPI,5.0
2809,16-12-2023,Saturday,Xiaomi,Redmi 9,8.0,57354.63,458837.04,Sumit Teja,40,Vadodara,Credit Card,5.0
3069,01-03-2024,Friday,Vivo,Vivo V20,8.0,25929.95,207439.6,Sachin Rawat,25,Vadodara,UPI,3.0
729,05-05-2022,Thursday,Vivo,Vivo V20,1.0,67682.95,67682.95,Tanuja Reddy,22,Delhi,Cash,4.0
413,01-02-2022,Tuesday,OnePlus,OnePlus Nord,8.0,56519.92,452159.36,Harish Teja,26,Chennai,Debit Card,5.0
3147,23-03-2024,Saturday,Xiaomi,Redmi 9,7.0,61622.21,431355.47,Rajesh Mathur,47,Chennai,UPI,4.0
1517,14-12-2022,Wednesday,Apple,iPhone 12,8.0,30119.74,240957.92,Manoj Gupta,38,Mumbai,Credit Card,1.0
1650,01/21/2023,Saturday,Xiaomi,Redmi 9,7.0,18904.1,132328.69999999998,Manoj Shah,50,Bangalore,Credit Card,4.0
826,06/01/2022,Wednesday,Vivo,Vivo Y51,3.0,40738.02,122214.06,Kiran Mathur,32,Delhi,Debit Card,5.0
617,01-04-2022,Friday,Xiaomi,Redmi Note 10,4.0,55357.95,221431.8,Navin Joshi,47,Ranchi,UPI,5.0
115,10-11-2021,Wednesday,Samsung,Galaxy S21,3.0,44297.66,132892.98,Vinod Goyal,32,Mumbai,UPI,4.0
418,02/02/2022,Wednesday,OnePlus,OnePlus Nord,7.0,60542.28,423795.95999999996,Amit Srivastava,40,Ludhiana,UPI,4.0
3070,03/01/2024,Friday,Xiaomi,Mi 11,8.0,28155.53,225244.24,Reena Goyal,31,Delhi,Cash,
1626,01/14/2023,Saturday,Xiaomi,Mi 11,6.0,16725.91,100355.45999999999,Lata Verma,36,Delhi,Credit Card,3.0
3018,02/16/2024,Friday,OnePlus,OnePlus 9,5.0,16996.18,84980.9,Anjali Nambiar,32,Mumbai,Cash,4.0
2653,01-11-2023,Wednesday,Xiaomi,Redmi Note 10,9.0,53298.91,479690.19000000006,Ravi Patel,47,Rajkot,UPI,5.0
3762,09/18/2024,Wednesday,Vivo,Vivo Y51,4.0,40545.0,162180.0,Manoj Rao,20,Delhi,UPI,5.0
90,11/03/2021,Wednesday,Samsung,Galaxy Note 20,8.0,10647.9,85183.2,Pooja Roy,34,Delhi,Debit Card,5.0
2897,11-01-2024,Thursday,Samsung,Galaxy S21,3.0,24058.31,72174.93000000001,Monika Goyal,53,Delhi,Debit Card,4.0
3346,05/20/2024,Monday,OnePlus,OnePlus 9,4.0,17872.93,71491.72,Tanuja Malhotra,46,Ludhiana,Credit Card,5.0
2083,23-05-2023,Tuesday,Samsung,Galaxy A51,9.0,52261.18,470350.62,Prashant Mathur,41,Delhi,Credit Card,1.0
754,05/13/2022,Friday,Vivo,Vivo V20,1.0,27297.75,27297.75,Jyoti Ahuja,40,Delhi,UPI,4.0
2547,30-09-2023,Saturday,OnePlus,OnePlus 9,1.0,31146.16,31146.16,Mala Srivastava,57,Delhi,UPI,5.0
1631,15-01-2023,Sunday,Samsung,Galaxy S21,8.0,67199.46,537595.68,Shruti Ahuja,22,Mumbai,Debit Card,4.0
12,10/12/2021,Tuesday,Apple,iPhone 12,7.0,25961.28,181728.96,Namita Roy,51,Delhi,UPI,4.0
2445,03-09-2023,Sunday,OnePlus,OnePlus 8T,9.0,20122.1,181098.9,Lata Rawat,21,Jodhpur,Debit Card,5.0
285,28-12-2021,Tuesday,Xiaomi,Mi 11,3.0,25840.77,77522.31,Monika Sharma,30,Delhi,UPI,5.0
1067,10-08-2022,Wednesday,Vivo,Vivo Y51,5.0,29211.17,146055.84999999998,Nikhil Bhattacharya,55,Patna,Cash,4.0
1192,09/14/2022,Wednesday,Vivo,Vivo V20,9.0,65723.76,591513.84,Bhavana Bhatnagar,45,Delhi,Cash,3.0
1441,23-11-2022,Wednesday,OnePlus,OnePlus 9,8.0,67843.25,542746.0,Kavita Singh,46,Mumbai,Credit Card,5.0
3591,28-07-2024,Sunday,Samsung,Galaxy A51,1.0,65988.15,65988.15,Mala Siddiqui,37,Delhi,UPI,4.0
3586,07/27/2024,Saturday,OnePlus,OnePlus 9,1.0,45647.29,45647.29,Anjali Pathak,36,Vadodara,Credit Card,3.0
2739,25-11-2023,Saturday,OnePlus,OnePlus 9,3.0,12682.42,38047.26,Rohan Deshmukh,55,Chennai,Credit Card,3.0
3465,22-06-2024,Saturday,OnePlus,OnePlus 9,1.0,,46008.43,Rohan Roy,56,Lucknow,UPI,3.0
1569,29-12-2022,Thursday,Samsung,Galaxy A51,8.0,13977.41,111819.28,Rajesh Ghosh,20,Delhi,Debit Card,4.0
2428,08/29/2023,Tuesday,Vivo,Vivo Y51,2.0,50392.25,100784.5,Jyoti Pillai,26,Mumbai,Cash,4.0
2738,11/25/2023,Saturday,Apple,iPhone SE,7.0,59229.79,414608.53,Mala Roy,41,Delhi,Credit Card,5.0
3293,05-05-2024,Sunday,Vivo,Vivo V20,3.0,58030.91,174092.73,Arun Shah,18,Indore,UPI,
1688,02/01/2023,Wednesday,OnePlus,OnePlus 9,6.0,13831.98,82991.88,Prashant Mathur,59,Bangalore,UPI,3.0
852,06/08/2022,Wednesday,Apple,iPhone SE,8.0,34959.38,279675.04,Tapan Joshi,43,Lucknow,Debit Card,5.0
2208,06/27/2023,Tuesday,Vivo,Vivo S1,9.0,19243.7,173193.30000000002,Vivek Patel,44,Mumbai,Credit Card,4.0
896,06/22/2022,Wednesday,Apple,iPhone SE,2.0,28960.28,57920.56,Radha Kulkarni,35,Ranchi,UPI,5.0
497,25-02-2022,Friday,Samsung,Galaxy Note 20,7.0,57362.76,401539.32,Pankaj Arora,43,Jodhpur,Cash,4.0
2306,07/26/2023,Wednesday,Xiaomi,Redmi 9,5.0,18265.78,91328.9,Lata Verma,24,Delhi,Debit Card,2.0
1783,01-03-2023,Wednesday,Apple,iPhone 12,9.0,46320.62,416885.58,Kiran Rawat,32,Delhi,Debit Card,3.0
336,01/11/2022,Tuesday,OnePlus,OnePlus 8T,9.0,21672.88,195055.92,Kavita Bhattacharya,43,Madurai,Debit Card,5.0
2840,12/25/2023,Monday,Xiaomi,Mi 11,4.0,12070.23,48280.92,Kiran Joshi,45,Delhi,Cash,5.0
3088,03/06/2024,Wednesday,Samsung,Galaxy A51,7.0,50137.22,350960.54000000004,Ayesha Thakur,34,Coimbatore,Cash,4.0
516,03/02/2022,Wednesday,Samsung,Galaxy S21,1.0,54904.38,54904.38,Vinod Kulkarni,20,Lucknow,Cash,3.0
1349,28-10-2022,Friday,Xiaomi,Redmi Note 10,1.0,26640.81,26640.81,Navin Verma,19,Mumbai,Credit Card,5.0
1016,07/26/2022,Tuesday,OnePlus,OnePlus 8T,2.0,16135.86,32271.72,Arun Shah,35,Mumbai,Debit Card,5.0
2817,18-12-2023,Monday,OnePlus,OnePlus 9,2.0,57398.49,114796.98,Prashant Luthra,29,Lucknow,UPI,5.0
3599,30-07-2024,Tuesday,OnePlus,OnePlus 9,3.0,52860.9,158582.7,Ravi Kulkarni,23,Coimbatore,Credit Card,4.0
3593,29-07-2024,Monday,Samsung,Galaxy A51,5.0,10389.7,51948.5,Ayesha Rathod,28,Ranchi,UPI,5.0
2810,12/16/2023,Saturday,Apple,iPhone 12,1.0,31510.46,31510.46,Monika Solanki,38,Lucknow,UPI,2.0
3287,03-05-2024,Friday,Vivo,Vivo Y51,9.0,66418.71,597768.39,Kiran Mishra,42,Bhopal,Cash,4.0
3828,10/07/2024,Monday,Vivo,Vivo Y51,1.0,16278.27,16278.27,Sumit Ghosh,38,Ranchi,Debit Card,5.0
1782,02/28/2023,Tuesday,OnePlus,OnePlus 8T,3.0,49996.8,149990.40000000002,Amit Ahuja,36,Ranchi,Cash,5.0
2570,10/08/2023,Sunday,Xiaomi,Redmi Note 10,7.0,13302.26,93115.82,Neeta Ahuja,26,Delhi,Debit Card,4.0
1786,03/01/2023,Wednesday,Vivo,Vivo Y51,9.0,47217.32,424955.88,Pooja Patel,48,Delhi,Debit Card,3.0
2071,20-05-2023,Saturday,Vivo,Vivo Y51,6.0,41180.07,247080.41999999998,Kiran Chaudhary,47,Bangalore,Credit Card,5.0
357,17-01-2022,Monday,Vivo,Vivo Y51,7.0,47136.11,329952.77,Aditya Patel,38,Rajkot,Credit Card,5.0
3655,16-08-2024,Friday,Apple,iPhone 11,1.0,18583.64,18583.64,Vivek Srivastava,36,Delhi,Cash,4.0
1313,18-10-2022,Tuesday,Xiaomi,Mi 11,6.0,19817.44,118904.63999999998,Nikhil Kapoor,31,Mumbai,UPI,1.0
1636,01/17/2023,Tuesday,Samsung,Galaxy Note 20,8.0,65867.23,526937.84,Priya Mathur,42,Delhi,UPI,5.0
551,13-03-2022,Sunday,OnePlus,OnePlus Nord,5.0,47826.89,239134.45,Rohan Pathak,27,Patna,Cash,2.0
2389,18-08-2023,Friday,Apple,iPhone 11,4.0,56207.88,224831.52,Namita Siddiqui,55,Delhi,Debit Card,2.0
2480,09/12/2023,Tuesday,Apple,iPhone SE,8.0,12364.57,98916.56,Lata Bhattacharya,49,Jodhpur,Credit Card,5.0
2522,09/24/2023,Sunday,Xiaomi,Redmi Note 10,3.0,15880.32,47640.96,Ramesh Mishra,49,Delhi,Debit Card,5.0
2266,07/14/2023,Friday,Xiaomi,Redmi Note 10,5.0,36688.33,183441.65000000002,Aditya Nair,18,Indore,UPI,5.0
2960,01/29/2024,Monday,Apple,iPhone SE,7.0,50524.27,353669.88999999996,Harish Prasad,21,Mumbai,Cash,4.0
1228,09/24/2022,Saturday,Apple,iPhone 12,4.0,16202.68,64810.72,Anjali Chaudhary,59,Hyderabad,Debit Card,3.0
3427,13-06-2024,Thursday,Xiaomi,Mi 11,2.0,27384.26,54768.52,Yogesh Menon,58,Patna,UPI,2.0
3060,02/27/2024,Tuesday,OnePlus,OnePlus 9,9.0,13785.68,124071.12,Krishna Reddy,51,Mumbai,Debit Card,5.0
958,07/09/2022,Saturday,Xiaomi,Redmi 9,2.0,29384.26,58768.52,Namita Goyal,55,Vadodara,Debit Card,3.0
1774,02/26/2023,Sunday,OnePlus,OnePlus 8T,7.0,30339.64,212377.47999999998,Bina Bhattacharya,23,Lucknow,Debit Card,5.0
2142,06/09/2023,Friday,Samsung,Galaxy Note 20,6.0,25953.71,155722.26,Priyanka Mishra,20,Chennai,UPI,4.0
1009,24-07-2022,Sunday,OnePlus,OnePlus 8T,9.0,26143.13,235288.17,Vijay Rawat,38,Bhopal,Cash,5.0
3119,15-03-2024,Friday,OnePlus,OnePlus 9,7.0,63291.4,443039.8,Kavita Teja,36,Delhi,Debit Card,1.0
1093,17-08-2022,Wednesday,Apple,iPhone 12,4.0,69360.44,277441.76,Pooja Menon,24,Delhi,Debit Card,5.0
3772,09/21/2024,Saturday,OnePlus,OnePlus 8T,3.0,48687.62,146062.86000000002,Prashant Roy,34,Delhi,Cash,4.0
2745,27-11-2023,Monday,Samsung,Galaxy S21,9.0,21112.45,190012.05000000002,Devendra Jain,57,Ludhiana,Credit Card,5.0
3642,08/12/2024,Monday,Apple,iPhone 11,9.0,37706.69,339360.21,Nikhil Chaudhary,55,Delhi,Credit Card,5.0
997,20-07-2022,Wednesday,Apple,iPhone SE,4.0,54708.69,218834.76,Ravi Jain,32,Rajkot,UPI,3.0
1680,01/29/2023,Sunday,Apple,iPhone 12,8.0,50443.51,403548.08,Shruti Joshi,47,Indore,UPI,3.0
154,11/21/2021,Sunday,OnePlus,OnePlus 8T,6.0,18084.84,108509.04000000001,Monika Ahuja,43,Delhi,UPI,5.0
3148,03/24/2024,Sunday,Xiaomi,Redmi Note 10,1.0,42528.25,42528.25,Monika Rawat,28,Delhi,Debit Card,4.0
3564,07/20/2024,Saturday,Xiaomi,Redmi 9,5.0,45621.26,228106.30000000002,Umesh Kulkarni,41,Mumbai,UPI,4.0
2909,14-01-2024,Sunday,Samsung,Galaxy A51,6.0,47193.88,283163.27999999997,Sneha Deshmukh,48,Patna,Credit Card,5.0
2838,12/24/2023,Sunday,Apple,iPhone 12,4.0,48624.91,194499.64,Reena Menon,25,Madurai,Cash,2.0
581,22-03-2022,Tuesday,Xiaomi,Redmi 9,1.0,58344.81,58344.81,Rajesh Siddiqui,36,Delhi,Cash,3.0
1471,02-12-2022,Friday,Xiaomi,Redmi 9,4.0,11336.35,45345.4,Umesh Dutta,49,Vadodara,UPI,5.0
704,04/28/2022,Thursday,Apple,iPhone SE,3.0,67575.65,202726.94999999998,Monika Rathod,28,Mumbai,Credit Card,5.0
1213,20-09-2022,Tuesday,Xiaomi,Redmi Note 10,2.0,29684.18,59368.36,Ayesha Siddiqui,35,Indore,Debit Card,3.0
897,22-06-2022,Wednesday,Apple,iPhone SE,9.0,28846.59,259619.31,Tapan Deshmukh,23,Delhi,Cash,4.0
488,02/22/2022,Tuesday,Samsung,Galaxy Note 20,,30263.15,211842.05000000002,Umesh Ghosh,52,Delhi,UPI,4.0
560,03/16/2022,Wednesday,Vivo,Vivo S1,6.0,59477.58,356865.48,Ayesha Sheth,29,Kanpur,Credit Card,4.0
1142,08/30/2022,Tuesday,OnePlus,OnePlus Nord,1.0,47160.89,47160.89,Vinod Dutta,59,Madurai,Debit Card,5.0
1120,08/25/2022,Thursday,OnePlus,OnePlus 9,2.0,56875.42,113750.84,Lalita Sheth,51,Delhi,Cash,3.0
2850,12/28/2023,Thursday,Xiaomi,Redmi 9,2.0,56713.83,113427.66,Priyanka Sharma,38,Indore,Debit Card,2.0
513,02-03-2022,Wednesday,Vivo,Vivo V20,6.0,62493.83,374962.98,Deepika Kulkarni,32,Mumbai,Credit Card,5.0
634,04/06/2022,Wednesday,OnePlus,OnePlus 8T,9.0,60509.52,544585.6799999999,Rajesh Pathak,37,Delhi,Credit Card,5.0
3301,07-05-2024,Tuesday,Xiaomi,Redmi Note 10,9.0,43044.6,387401.39999999997,Pankaj Patel,35,Delhi,Cash,2.0
1665,25-01-2023,Wednesday,OnePlus,OnePlus 8T,4.0,10713.87,42855.48,Harish Joshi,58,Gorakhpur,Debit Card,3.0
1013,25-07-2022,Monday,OnePlus,OnePlus 8T,2.0,37416.33,74832.66,Bina Siddiqui,28,Delhi,Credit Card,5.0
1932,04/11/2023,Tuesday,Xiaomi,Redmi 9,9.0,57097.34,513876.05999999994,Priya Bhattacharya,30,Gorakhpur,UPI,4.0
1151,02-09-2022,Friday,Xiaomi,Mi 11,7.0,13384.08,93688.56,Bhavana Ghosh,31,Madurai,Credit Card,4.0
2839,24-12-2023,Sunday,Samsung,Galaxy A51,4.0,30105.55,120422.2,Amit Teja,43,Kolkata,Credit Card,2.0
3595,29-07-2024,Monday,Apple,iPhone 12,7.0,44381.68,310671.76,Kiran Malhotra,39,Delhi,Cash,5.0
117,11-11-2021,Thursday,OnePlus,OnePlus Nord,6.0,47437.57,284625.42,Jyoti Alva,33,Delhi,Credit Card,5.0
741,08-05-2022,Sunday,Apple,iPhone 11,9.0,48881.9,439937.10000000003,Arun Ghosh,30,Ranchi,UPI,5.0
3535,12-07-2024,Friday,Samsung,Galaxy Note 20,7.0,66456.77,465197.39,Sumit Sharma,58,Delhi,Debit Card,4.0
1975,23-04-2023,Sunday,OnePlus,OnePlus Nord,7.0,51382.1,359674.7,Vivek Teja,50,Bangalore,Credit Card,1.0
1082,08/14/2022,Sunday,OnePlus,OnePlus Nord,3.0,51086.39,153259.16999999998,Yogesh Patel,29,Hyderabad,Credit Card,3.0
1811,08-03-2023,Wednesday,OnePlus,OnePlus 8T,1.0,57000.2,57000.2,Pankaj Bhattacharya,48,Delhi,Cash,5.0
831,03-06-2022,Friday,Xiaomi,Redmi 9,3.0,62914.2,188742.59999999998,Sunita Mathur,39,Rajkot,Credit Card,4.0
120,11/11/2021,Thursday,Apple,iPhone SE,7.0,40339.38,282375.66,Anita Pathak,51,Chennai,Debit Card,2.0
657,13-04-2022,Wednesday,OnePlus,OnePlus 8T,3.0,39954.57,119863.70999999999,Sachin Arora,55,Delhi,UPI,5.0
3494,06/30/2024,Sunday,Apple,iPhone SE,8.0,69527.59,556220.72,Sunita Luthra,27,Mumbai,Debit Card,5.0
3443,17-06-2024,Monday,Apple,iPhone SE,2.0,47388.84,94777.68,Lata Shah,44,Kanpur,UPI,5.0
3751,14-09-2024,Saturday,Xiaomi,Redmi Note 10,4.0,36550.57,146202.28,Priya Siddiqui,18,,UPI,5.0
636,04/07/2022,Thursday,OnePlus,OnePlus 8T,4.0,28995.88,115983.52,Umesh Teja,37,Indore,Credit Card,5.0
370,01/20/2022,Thursday,Samsung,Galaxy A51,7.0,11102.86,77720.02,Reena Teja,36,Delhi,Cash,
269,24-12-2021,Friday,Apple,iPhone 12,1.0,49191.23,49191.23,Pooja Arora,33,Kanpur,Credit Card,4.0
2704,11/15/2023,Wednesday,Samsung,Galaxy Note 20,5.0,60521.45,302607.25,Krishna Sharma,37,Gorakhpur,UPI,3.0
2984,02/05/2024,Monday,Apple,iPhone 12,9.0,45874.66,412871.94000000006,Lalita Dutta,40,Patna,Cash,4.0
2871,03-01-2024,Wednesday,OnePlus,OnePlus Nord,4.0,61732.58,246930.32,Bina Das,55,Mumbai,Credit Card,3.0
2915,16-01-2024,Tuesday,Apple,iPhone SE,7.0,60221.33,421549.31,Vivek Nair,57,Delhi,Credit Card,5.0
47,23-10-2021,Saturday,Vivo,Vivo Y51,9.0,58336.5,525028.5,Pooja Arora,27,Delhi,Credit Card,5.0
3554,07/17/2024,Wednesday,Samsung,Galaxy A51,9.0,63662.98,572966.8200000001,Meena Desai,20,Bhopal,UPI,5.0
992,07/19/2022,Tuesday,Samsung,Galaxy Note 20,1.0,22371.82,22371.82,Prashant Verma,54,Delhi,UPI,5.0
877,16-06-2022,Thursday,Vivo,Vivo S1,4.0,12679.67,50718.68,Deepika Verma,35,Kanpur,Debit Card,3.0
774,05/19/2022,Thursday,Vivo,Vivo Y51,2.0,37232.12,74464.24,Vivek Bhattacharya,55,Kanpur,Cash,5.0
1220,09/22/2022,Thursday,Apple,iPhone 12,7.0,12435.76,87050.32,Manoj Kaur,48,Lucknow,Cash,4.0
1127,27-08-2022,Saturday,Apple,iPhone 11,3.0,52392.99,157178.97,Kunal Patel,45,Delhi,UPI,5.0
5,10-10-2021,Sunday,OnePlus,OnePlus 9,3.0,48168.02,144504.06,Sneha Mehta,38,Gorakhpur,Cash,5.0
3052,02/25/2024,Sunday,Samsung,Galaxy S21,1.0,64529.44,64529.44,Pankaj Mathur,26,Kolkata,UPI,3.0
1596,01/05/2023,Thursday,Vivo,Vivo V20,8.0,48185.72,385485.76,Devendra Rao,18,Indore,Debit Card,1.0
3125,17-03-2024,Sunday,Samsung,Galaxy Note 20,2.0,39675.87,79351.74,Priya Thakur,56,Delhi,Credit Card,1.0
2312,07/28/2023,Friday,OnePlus,OnePlus 8T,1.0,30631.21,30631.21,Bhavana Reddy,33,Mumbai,Cash,2.0
3041,22-02-2024,Thursday,Samsung,Galaxy Note 20,6.0,63991.44,383948.64,Shruti Pathak,55,Delhi,Cash,5.0
3680,08/24/2024,Saturday,Xiaomi,Redmi 9,6.0,53670.05,322020.30000000005,Kunal Deshmukh,31,Kanpur,Credit Card,4.0
2492,09/16/2023,Saturday,Apple,iPhone 11,5.0,25250.66,126253.3,Jyoti Reddy,28,Mumbai,Cash,3.0
3051,25-02-2024,Sunday,Samsung,Galaxy S21,9.0,25554.41,229989.69,Pooja Deshmukh,27,Mumbai,Credit Card,2.0
1078,08/13/2022,Saturday,Apple,iPhone 12,9.0,67738.04,609642.36,Mala Pathak,33,Vadodara,Debit Card,5.0
838,06/05/2022,Sunday,Apple,iPhone 11,5.0,20976.12,104880.59999999999,Anita Pathak,52,Mumbai,Credit Card,3.0
682,04/21/2022,Thursday,Samsung,Galaxy A51,8.0,15519.07,124152.56,Vinod Chatterjee,55,Delhi,Cash,5.0
1716,02/08/2023,Wednesday,Vivo,Vivo V20,9.0,54044.41,486399.69000000006,Kavita Solanki,21,Chennai,Credit Card,3.0
2353,08-08-2023,Tuesday,Vivo,Vivo Y51,7.0,20695.71,144869.97,Anita Srivastava,57,Delhi,UPI,3.0
2618,10/21/2023,Saturday,Vivo,Vivo Y51,3.0,34980.97,104942.91,Tapan Kumar,54,Delhi,Cash,2.0
2362,08/11/2023,Friday,Vivo,Vivo S1,6.0,14230.3,85381.79999999999,Pankaj Mehta,40,Vadodara,UPI,2.0
2198,06/24/2023,Saturday,Samsung,Galaxy Note 20,7.0,40086.85,280607.95,Manoj Luthra,54,Lucknow,Cash,2.0
1149,02-09-2022,Friday,Xiaomi,Redmi 9,6.0,21881.86,131291.16,Ravi Teja,54,Delhi,UPI,5.0
3262,04/26/2024,Friday,Samsung,Galaxy Note 20,8.0,13560.29,108482.32,Mala Roy,53,Lucknow,Credit Card,4.0
575,20-03-2022,Sunday,OnePlus,OnePlus Nord,3.0,28752.62,86257.86,Kavita Dutta,34,Delhi,Credit Card,2.0
51,24-10-2021,Sun,Vivo,Vivo V20,2.0,44265.59,88531.18,Vinod Kaur,37,Ranchi,Debit Card,5.0
854,06/09/2022,Thursday,OnePlus,OnePlus 9,5.0,15629.31,78146.55,Pankaj Sheth,56,Mumbai,Cash,3.0
1983,26-04-2023,Wednesday,OnePlus,OnePlus 9,4.0,65650.21,262600.84,Navin Solanki,49,Bhopal,Debit Card,2.0
2775,06-12-2023,Wednesday,Samsung,Galaxy Note 20,8.0,37983.62,303868.96,Kunal Malhotra,39,Delhi,Credit Card,4.0
1824,03/12/2023,Sunday,OnePlus,OnePlus Nord,3.0,39798.71,119396.13,Sumit Teja,47,Ranchi,Debit Card,5.0
834,06/03/2022,Friday,Samsung,Galaxy Note 20,7.0,10870.91,76096.37,Nikhil Menon,57,Ludhiana,Credit Card,4.0
1116,08/24/2022,Wednesday,Xiaomi,Redmi Note 10,4.0,43068.48,172273.92,Sunita Verma,32,Patna,Credit Card,3.0
1167,07-09-2022,Wednesday,Vivo,Vivo Y51,4.0,31044.24,124176.96,Rohan Sheth,51,Hyderabad,Cash,3.0
2519,23-09-2023,Saturday,Samsung,Galaxy S21,3.0,34983.53,104950.59,Anita Dutta,20,Hyderabad,Debit Card,5.0
1907,04-04-2023,Tuesday,Vivo,Vivo V20,9.0,18853.11,169677.99,Namita Ghosh,27,Mumbai,Credit Card,4.0
972,07/13/2022,Wednesday,Vivo,Vivo S1,1.0,54126.2,54126.2,Devendra Thakur,59,Ludhiana,Credit Card,5.0
2702,11/15/2023,Wednesday,Xiaomi,Redmi 9,6.0,37454.13,224724.77999999997,Anand Joshi,36,Mumbai,UPI,3.0
400,01/28/2022,Friday,OnePlus,OnePlus 8T,4.0,13306.58,53226.32,Vinod Chatterjee,55,Mumbai,UPI,5.0
2560,10/04/2023,Wednesday,Apple,iPhone 11,1.0,37300.93,37300.93,Sneha Ghosh,36,Bangalore,UPI,5.0
2369,13-08-2023,Sunday,Xiaomi,Redmi Note 10,5.0,42376.95,211884.75,Sanjay Jain,51,Mumbai,Cash,4.0
20,10/14/2021,Thursday,Xiaomi,Redmi Note 10,4.0,57717.27,230869.08,Harish Kaur,30,Mumbai,Credit Card,5.0
685,22-04-2022,Friday,Vivo,Vivo Y51,6.0,26768.17,160609.02,Lata Chaudhary,52,Coimbatore,Cash,4.0
36,10/19/2021,Tuesday,Samsung,Galaxy S21,1.0,48027.82,48027.82,Pankaj Shah,57,Kolkata,UPI,3.0
2951,26-01-2024,Friday,OnePlus,OnePlus Nord,6.0,46962.31,281773.86,Pooja Pathak,18,Chennai,Debit Card,4.0
3666,08/19/2024,Monday,Vivo,Vivo S1,7.0,58666.36,410664.52,Deepika Deshmukh,59,Hyderabad,Credit Card,2.0
2876,01/05/2024,Friday,Vivo,Vivo S1,3.0,65796.53,197389.59,Vinod Pathak,29,Lucknow,Debit Card,4.0
525,05-03-2022,Saturday,Vivo,Vivo S1,2.0,61335.33,122670.66,Vivek Siddiqui,36,Indore,Credit Card,5.0
2456,09/06/2023,Wednesday,OnePlus,OnePlus 9,5.0,55178.9,275894.5,Shruti Shah,59,Delhi,UPI,4.0
921,29-06-2022,Wednesday,Xiaomi,Redmi Note 10,3.0,49810.12,149430.36000000002,Sachin Sheth,57,Indore,Cash,5.0
1842,03/17/2023,Friday,Xiaomi,Redmi Note 10,5.0,48243.55,241217.75,Ayesha Solanki,29,Vadodara,Debit Card,5.0
1891,31-03-2023,Friday,Samsung,Galaxy S21,9.0,54098.98,486890.82,Tanuja Rao,27,Mumbai,Cash,5.0
538,03/09/2022,Wednesday,Samsung,Galaxy A51,1.0,30521.36,30521.36,Ravi Kulkarni,51,Bhopal,UPI,3.0
2807,15-12-2023,Friday,Xiaomi,Mi 11,6.0,13001.34,78008.04000000001,Bina Rawat,47,Mumbai,Debit Card,5.0
1706,02/06/2023,Monday,Xiaomi,Redmi Note 10,2.0,68645.5,137291.0,Manoj Goyal,26,Delhi,Debit Card,3.0
3750,09/14/2024,Saturday,Xiaomi,Redmi Note 10,3.0,19848.86,59546.58,Pankaj Teja,22,Delhi,Cash,4.0
3111,13-03-2024,Wednesday,Xiaomi,Mi 11,5.0,13911.99,69559.95,Pankaj Bhattacharya,30,Mumbai,Credit Card,1.0
3248,04/22/2024,Monday,Vivo,Vivo S1,1.0,45056.09,45056.09,Vivek Mishra,36,Ludhiana,Credit Card,1.0
246,12/18/2021,Saturday,Vivo,Vivo S1,5.0,11784.18,58920.9,Pooja Arora,32,Delhi,Credit Card,3.0
3176,04/01/2024,Monday,OnePlus,OnePlus Nord,6.0,35644.27,213865.62,Namita Mehta,27,Kanpur,UPI,5.0
785,21-05-2022,Saturday,Samsung,Galaxy S21,1.0,38871.29,38871.29,Amit Prasad,27,Mumbai,UPI,2.0
1410,11/15/2022,Tuesday,Apple,iPhone 12,1.0,53662.38,53662.38,Ravi Siddiqui,28,Kanpur,UPI,3.0
2538,09/28/2023,Thursday,Samsung,Galaxy Note 20,5.0,10641.52,53207.600000000006,Neeta Pillai,59,Mumbai,UPI,5.0
155,22-11-2021,Monday,Xiaomi,Redmi 9,9.0,28888.3,259994.69999999998,Kavita Goyal,25,Ludhiana,Credit Card,5.0
3010,02/13/2024,Tuesday,Xiaomi,Redmi 9,9.0,56199.54,505795.86,Meena Malhotra,57,Coimbatore,Credit Card,1.0
1687,31-01-2023,Tuesday,Samsung,Galaxy S21,7.0,60793.67,425555.69,Lata Iyer,43,Delhi,Debit Card,3.0
2902,01/12/2024,Friday,OnePlus,OnePlus 9,5.0,28680.35,143401.75,Sachin Jain,41,Mumbai,Debit Card,4.0
3360,05/24/2024,Friday,Apple,iPhone 12,9.0,28572.52,257152.68,Anita Srivastava,19,Delhi,Credit Card,1.0
626,04/04/2022,Monday,Xiaomi,Redmi Note 10,8.0,58714.55,469716.4,Gita Dutta,28,Delhi,Cash,4.0
2734,11/24/2023,Friday,OnePlus,OnePlus 9,2.0,53546.26,107092.52,Sanjay Roy,19,Indore,Cash,2.0
3684,08/25/2024,Sunday,Apple,iPhone 12,1.0,54985.17,54985.17,Nikhil Bhattacharya,33,Hyderabad,Credit Card,2.0
1347,28-10-2022,Friday,OnePlus,OnePlus Nord,1.0,38129.14,38129.14,Ramesh Kumar,45,Mumbai,UPI,4.0
570,03/19/2022,Saturday,Samsung,Galaxy S21,,23878.85,167151.94999999998,Pankaj Kapoor,44,Delhi,Debit Card,5.0
3752,09/15/2024,Sunday,OnePlus,OnePlus 9,5.0,39630.16,198150.80000000002,Tapan Nair,25,Delhi,Debit Card,4.0
1759,21-02-2023,Tuesday,Samsung,Galaxy S21,8.0,17022.7,136181.6,Nikhil Luthra,25,Lucknow,Debit Card,5.0
1817,10-03-2023,Friday,Samsung,Galaxy A51,2.0,17570.18,35140.36,Kiran Solanki,30,Delhi,Debit Card,1.0
2066,05/18/2023,Thursday,OnePlus,OnePlus 8T,5.0,62429.31,312146.55,Anjali Sharma,41,Bangalore,Cash,1.0
128,11/14/2021,Sunday,Xiaomi,Redmi 9,4.0,40511.65,162046.6,Prashant Luthra,26,Madurai,Credit Card,5.0
3328,05/15/2024,Wednesday,Samsung,Galaxy A51,4.0,47357.56,189430.24,Tapan Kumar,24,Jodhpur,Debit Card,5.0
3813,02-10-2024,Wednesday,OnePlus,OnePlus 8T,5.0,34101.43,170507.15,Arun Kumar,44,Delhi,UPI,2.0
2007,02-05-2023,Tuesday,OnePlus,OnePlus 8T,2.0,41234.23,82468.46,Priya Roy,20,Kolkata,Credit Card,4.0
2976,02/03/2024,Saturday,Xiaomi,Redmi 9,3.0,55068.83,165206.49,Aditya Roy,50,Delhi,Debit Card,1.0
981,16-07-2022,Saturday,Vivo,Vivo V20,6.0,50440.44,302642.64,Harish Pillai,23,Delhi,Debit Card,4.0
3809,01-10-2024,Tuesday,Apple,iPhone 11,3.0,44016.75,132050.25,Sunita Roy,28,Delhi,Debit Card,5.0
191,01-12-2021,Wednesday,OnePlus,OnePlus 8T,9.0,10679.96,96119.63999999998,Shruti Chaudhary,45,Jodhpur,Cash,5.0
1140,08/30/2022,Tuesday,Vivo,Vivo V20,7.0,16490.16,115431.12,Rajesh Prasad,21,Delhi,Debit Card,5.0
993,19-07-2022,Tuesday,OnePlus,OnePlus 9,4.0,24991.23,99964.92,Prashant Sharma,34,Mumbai,UPI,3.0
700,04/26/2022,Tuesday,Samsung,Galaxy S21,6.0,52452.13,314712.77999999997,Isha Kaur,59,Ranchi,Debit Card,5.0
3495,30-06-2024,Sunday,Vivo,Vivo V20,4.0,15376.82,61507.28,Anita Kulkarni,37,Patna,UPI,4.0
607,29-03-2022,Tuesday,Xiaomi,Mi 11,8.0,62966.9,503735.2,Sachin Iyer,21,Mumbai,UPI,5.0
181,29-11-2021,Monday,Vivo,Vivo Y51,9.0,35220.0,316980.0,Vivek Nair,34,Gorakhpur,UPI,5.0
302,01/02/2022,Sunday,OnePlus,OnePlus 8T,4.0,44569.56,178278.24,Anita Deshmukh,51,Lucknow,Credit Card,5.0
2545,30-09-2023,Saturday,Xiaomi,Redmi 9,5.0,22386.71,111933.54999999999,Harish Sharma,47,Delhi,Credit Card,5.0
3555,18-07-2024,Thursday,Apple,iPhone 11,1.0,10591.64,10591.64,Lalita Sheth,47,Delhi,Debit Card,5.0
1061,08-08-2022,Monday,Xiaomi,Redmi 9,6.0,23782.14,142692.84,Ramesh Srivastava,27,Hyderabad,Cash,5.0
3613,03-08-2024,Saturday,Vivo,Vivo V20,4.0,35172.38,140689.52,Reena Menon,33,Bhopal,Cash,4.0
3686,08/25/2024,Sunday,Vivo,Vivo Y51,7.0,63873.0,447111.0,Anand Thakur,18,Patna,Cash,3.0
2566,10/06/2023,Friday,Xiaomi,Mi 11,7.0,52471.73,367302.11000000004,Reena Dutta,19,Delhi,Cash,5.0
1070,08/11/2022,Thursday,Samsung,Galaxy A51,5.0,54894.02,274470.1,Radha Gupta,50,Coimbatore,Cash,3.0
2525,24-09-2023,Sunday,OnePlus,OnePlus Nord,9.0,28598.81,257389.29,Mala Pillai,19,Mumbai,UPI,4.0
2206,06/27/2023,Tuesday,Samsung,Galaxy A51,7.0,13340.37,93382.59000000001,Isha Desai,51,Rajkot,Cash,4.0
1244,09/29/2022,Thursday,Apple,iPhone SE,6.0,39685.25,238111.5,Sachin Rao,59,Hyderabad,Debit Card,5.0
3244,04/20/2024,Saturday,Samsung,Galaxy S21,8.0,56745.64,453965.12,Pooja Solanki,31,Chennai,Cash,1.0
17,14-10-2021,Thursday,OnePlus,OnePlus Nord,3.0,14699.62,44098.86,Ramesh Rao,50,Coimbatore,UPI,4.0
3121,16-03-2024,Saturday,Vivo,Vivo S1,3.0,60704.9,182114.7,Namita Reddy,55,Mumbai,Debit Card,1.0
3816,10/03/2024,Thursday,OnePlus,OnePlus Nord,9.0,43002.32,387020.88,Kiran Rathod,51,Delhi,Debit Card,3.0
547,12-03-2022,Saturday,Vivo,Vivo Y51,4.0,34725.79,138903.16,Deepika Das,38,Patna,Credit Card,5.0
659,14-04-2022,Thursday,Xiaomi,Redmi 9,6.0,20163.79,120982.74,Rajesh Prasad,21,Mumbai,UPI,5.0
3589,28-07-2024,Sunday,OnePlus,OnePlus 8T,6.0,22730.82,136384.91999999998,Bina Jain,24,Hyderabad,Credit Card,4.0
3068,03/01/2024,Friday,Samsung,Galaxy S21,7.0,34975.66,244829.62000000002,Sumit Dutta,50,Delhi,UPI,2.0
3501,02-07-2024,Tuesday,Vivo,Vivo V20,9.0,62053.44,558480.96,Isha Desai,34,Delhi,Debit Card,3.0
1505,11-12-2022,Sunday,Apple,iPhone 12,7.0,34396.35,240774.44999999998,Pankaj Desai,24,Mumbai,UPI,1.0
960,07/10/2022,Sunday,Samsung,Galaxy S21,6.0,27860.42,167162.52,Rajesh Kapoor,26,Mumbai,Credit Card,3.0
2927,19-01-2024,Friday,Xiaomi,Mi 11,5.0,36571.01,182855.05000000002,Rohan Pathak,44,Mumbai,Debit Card,5.0
2332,08/02/2023,Wednesday,Xiaomi,Redmi 9,2.0,21317.23,42634.46,Nikhil Patel,34,Ranchi,Cash,2.0
798,05/25/2022,Wednesday,Apple,iPhone 11,1.0,65774.99,65774.99,Bina Mishra,50,Ludhiana,Credit Card,5.0
3349,21-05-2024,Tuesday,OnePlus,OnePlus Nord,3.0,13181.55,39544.649999999994,Priyanka Dutta,55,Mumbai,Debit Card,5.0
226,12/12/2021,Sunday,Vivo,Vivo Y51,7.0,47705.37,333937.59,Monika Deshmukh,58,Bangalore,Debit Card,4.0
2075,21-05-2023,Sunday,Xiaomi,Redmi Note 10,3.0,17484.17,52452.509999999995,Amit Srivastava,57,Delhi,Cash,4.0
3355,23-05-2024,Thursday,Apple,iPhone 11,2.0,36065.4,72130.8,Ravi Reddy,56,Mumbai,UPI,2.0
1800,03/05/2023,Sunday,Vivo,Vivo V20,1.0,42054.83,42054.83,Kavita Srivastava,51,Bhopal,Debit Card,1.0
2486,09/14/2023,Thursday,Vivo,Vivo S1,6.0,59351.07,356106.42,Pankaj Nambiar,55,Gorakhpur,Cash,5.0
3792,09/27/2024,Friday,Xiaomi,Mi 11,6.0,49988.21,299929.26,Monika Kumar,28,Delhi,Cash,4.0
3437,15-06-2024,Saturday,Apple,iPhone 11,5.0,51762.08,258810.40000000002,Sneha Yadav,50,Mumbai,Credit Card,3.0
2278,07/17/2023,Monday,Vivo,Vivo Y51,9.0,55936.29,503426.61,Sanjay Das,33,Delhi,Cash,4.0
2086,05/24/2023,Wednesday,Vivo,Vivo Y51,6.0,12509.3,75055.79999999999,Meena Das,56,Indore,Debit Card,2.0
1694,02/02/2023,Thursday,Xiaomi,Mi 11,8.0,52045.52,416364.16,Bina Kumar,50,Jodhpur,Cash,4.0
2798,12/12/2023,Tuesday,Xiaomi,Redmi Note 10,6.0,62930.0,377580.0,Anita Prasad,33,Delhi,Credit Card,4.0
1046,08/04/2022,Thursday,Samsung,Galaxy A51,9.0,29872.5,268852.5,Meena Dutta,40,Indore,Cash,5.0
470,02/16/2022,Wednesday,Xiaomi,Redmi 9,7.0,62024.8,434173.60000000003,Vinod Prasad,23,Rajkot,Cash,2.0
955,09-07-2022,Saturday,OnePlus,OnePlus Nord,8.0,36832.82,294662.56,Ravi Jain,48,Mumbai,Credit Card,3.0
3812,10/02/2024,Wednesday,Samsung,Galaxy A51,4.0,12305.54,49222.16,Ramesh Kumar,35,Kanpur,Cash,5.0
2736,11/25/2023,Saturday,OnePlus,OnePlus Nord,4.0,53938.25,215753.0,Deepika Pathak,30,Lucknow,Credit Card,3.0
3693,28-08-2024,Wednesday,Samsung,Galaxy S21,9.0,29744.65,267701.85000000003,Rohan Kapoor,59,Coimbatore,Cash,5.0
640,04/08/2022,Friday,OnePlus,OnePlus 8T,6.0,60146.98,360881.88,Kiran Ghosh,30,Jodhpur,Credit Card,5.0
3558,07/19/2024,Friday,OnePlus,OnePlus 9,6.0,19662.77,117976.62,Anjali Jain,57,Delhi,UPI,3.0
1219,22-09-2022,Thursday,Vivo,Vivo S1,5.0,50068.37,250341.85,Sunil Gupta,49,Hyderabad,Debit Card,1.0
1159,04-09-2022,Sunday,Apple,iPhone 12,2.0,22282.84,44565.68,Prashant Nair,43,Ranchi,Debit Card,3.0
1416,11/17/2022,Thursday,Xiaomi,Redmi Note 10,1.0,25603.76,25603.76,Pankaj Gupta,48,Bangalore,UPI,1.0
3470,06/24/2024,Monday,Vivo,Vivo V20,1.0,37753.8,37753.8,Sunita Mathur,21,Coimbatore,UPI,5.0
1528,12/17/2022,Saturday,Vivo,Vivo S1,4.0,43780.78,175123.12,Sunita Verma,57,Mumbai,Cash,1.0
3740,09/11/2024,Wednesday,OnePlus,OnePlus Nord,9.0,66898.56,602087.04,Ramesh Nambiar,35,Delhi,UPI,2.0
1301,15-10-2022,Saturday,Vivo,Vivo V20,8.0,64217.07,513736.56,Sumit Siddiqui,54,Delhi,Debit Card,1.0
3673,21-08-2024,Wednesday,OnePlus,OnePlus 8T,5.0,11341.99,56709.95,Manoj Mehta,51,Patna,UPI,5.0
2849,27-12-2023,Wednesday,Apple,iPhone 12,5.0,35102.48,175512.40000000002,Ravi Sharma,39,Mumbai,Credit Card,5.0
1604,01/08/2023,Sunday,Samsung,Galaxy A51,5.0,63675.87,318379.35000000003,Devendra Menon,24,Indore,UPI,3.0
161,23-11-2021,Tuesday,Vivo,Vivo V20,5.0,25286.06,126430.3,Radha Rao,27,Madurai,UPI,5.0
1705,05-02-2023,Sunday,Xiaomi,Redmi Note 10,6.0,40614.83,243688.98,Sumit Rathod,18,Chennai,Cash,3.0
957,09-07-2022,Saturday,Xiaomi,Redmi Note 10,7.0,38968.61,272780.27,Rohan Rathod,27,Patna,Cash,4.0
3235,17-04-2024,Wednesday,Samsung,Galaxy S21,1.0,52807.44,52807.44,Ravi Teja,22,Mumbai,Cash,3.0
2870,01/03/2024,Wednesday,Xiaomi,Redmi 9,5.0,23214.63,116073.15000000001,Kiran Prasad,18,Rajkot,Cash,2.0
3732,09/08/2024,Sunday,Vivo,Vivo Y51,7.0,21162.04,148134.28,Sachin Joshi,55,Delhi,UPI,5.0
878,06/16/2022,Thursday,Xiaomi,Mi 11,1.0,28573.56,28573.56,Kiran Rathod,51,Madurai,UPI,4.0
1920,04/08/2023,Saturday,Vivo,Vivo Y51,4.0,69224.94,276899.76,Neeta Mathur,57,Rajkot,Cash,4.0
2962,01/30/2024,Tuesday,Samsung,Galaxy A51,2.0,14778.5,29557.0,Meena Chatterjee,20,Coimbatore,Credit Card,5.0
1885,29-03-2023,Wednesday,Xiaomi,Redmi Note 10,1.0,58300.89,58300.89,Vivek Yadav,54,Ranchi,Cash,3.0
2201,25-06-2023,Sunday,OnePlus,OnePlus Nord,4.0,25365.31,101461.24,Rajesh Mishra,54,Ranchi,Debit Card,4.0
99,06-11-2021,Saturday,Xiaomi,Mi 11,6.0,14187.97,85127.81999999999,Nikhil Pathak,46,Patna,Debit Card,4.0
3623,06-08-2024,Tuesday,Apple,iPhone SE,6.0,31737.73,190426.38,Priyanka Joshi,29,Delhi,Cash,5.0
2558,10/04/2023,Wednesday,Apple,iPhone 12,9.0,14110.17,126991.53,Harish Solanki,39,Vadodara,Credit Card,5.0
3184,04/03/2024,Wednesday,Samsung,Galaxy S21,2.0,50855.71,101711.42,Sumit Goyal,32,Ranchi,Cash,5.0
3299,06-05-2024,Monday,Apple,iPhone 12,7.0,58747.37,411231.59,Lalita Patel,46,Delhi,Credit Card,1.0
254,12/20/2021,Monday,OnePlus,OnePlus 9,6.0,16273.77,97642.62,Priya Teja,44,Delhi,UPI,5.0
104,11/07/2021,Sunday,OnePlus,OnePlus 9,3.0,43247.57,129742.70999999999,Mala Das,44,Gorakhpur,Credit Card,5.0
1446,11/24/2022,Thursday,Apple,iPhone SE,5.0,64468.95,322344.75,Rohan Singh,43,Bhopal,Debit Card,5.0
1444,11/24/2022,Thursday,Samsung,Galaxy S21,1.0,13344.98,13344.98,Radha Kaur,46,Delhi,Debit Card,1.0
1649,21-01-2023,Saturday,Samsung,Galaxy Note 20,9.0,45636.44,410727.96,Radha Varma,54,Chennai,UPI,1.0
587,24-03-2022,Thursday,Samsung,Galaxy Note 20,7.0,12344.72,86413.04,Amit Sheth,33,Mumbai,Cash,5.0
628,04/04/2022,Monday,Vivo,Vivo S1,1.0,21391.16,21391.16,Rajesh Ghosh,53,Ranchi,Cash,5.0
1697,03-02-2023,Friday,Vivo,Vivo V20,5.0,59931.47,299657.35,Bina Kumar,41,Chennai,UPI,5.0
3192,04/05/2024,Friday,Xiaomi,Mi 11,1.0,27494.66,27494.66,Anita Varma,39,Mumbai,Cash,3.0
2102,05/29/2023,Monday,Apple,iPhone SE,3.0,24999.92,74999.76,Rajesh Shah,58,Delhi,Cash,5.0
2200,06/25/2023,Sunday,OnePlus,OnePlus Nord,2.0,36902.02,73804.04,Ravi Solanki,42,Delhi,UPI,2.0
404,01/29/2022,Saturday,Samsung,Galaxy S21,8.0,21004.32,168034.56,Vivek Mehta,18,Kolkata,Cash,4.0
1155,03-09-2022,Saturday,Samsung,Galaxy S21,7.0,23429.09,164003.63,Prashant Gupta,20,Mumbai,UPI,5.0
2256,07/11/2023,Tuesday,Samsung,Galaxy A51,8.0,66087.94,528703.52,Amit Srivastava,28,Mumbai,UPI,2.0
2864,01/01/2024,Monday,OnePlus,OnePlus Nord,3.0,69431.91,208295.73,Aditya Luthra,42,Coimbatore,UPI,4.0
1683,30-01-2023,Monday,Samsung,Galaxy Note 20,3.0,40364.99,121094.97,Sanjay Srivastava,41,Mumbai,Debit Card,1.0
3171,30-03-2024,Saturday,Xiaomi,Redmi Note 10,6.0,24690.37,148142.22,Nikhil Bhattacharya,28,Mumbai,Debit Card,4.0
3597,30-07-2024,Tuesday,Vivo,Vivo S1,1.0,33814.72,33814.72,Anjali Chatterjee,22,Chennai,UPI,5.0
2057,16-05-2023,Tuesday,Samsung,Galaxy S21,8.0,54017.31,432138.48,Aditya Iyer,37,Rajkot,Credit Card,4.0
3063,28-02-2024,Wednesday,Samsung,Galaxy S21,9.0,28749.3,258743.69999999998,Pankaj Patel,56,Delhi,Cash,1.0
3645,13-08-2024,Tuesday,Xiaomi,Redmi 9,9.0,14413.03,129717.27,Isha Nair,57,Mumbai,Debit Card,3.0
3109,12-03-2024,Tuesday,Apple,iPhone SE,9.0,59643.05,536787.4500000001,Amit Teja,25,Lucknow,Debit Card,5.0
453,12-02-2022,Saturday,Xiaomi,Redmi Note 10,6.0,13252.7,79516.20000000001,Arun Pillai,24,Delhi,UPI,3.0
2302,07/25/2023,Tuesday,Vivo,Vivo S1,2.0,30440.01,60880.02,Kavita Teja,51,Kanpur,Cash,2.0
1328,10/22/2022,Saturday,Samsung,Galaxy Note 20,8.0,30881.62,247052.96,Anita Arora,20,Kanpur,Debit Card,5.0
2945,25-01-2024,Thursday,Vivo,Vivo V20,2.0,65949.51,131899.02,Rohan Shah,39,Delhi,Cash,3.0
2050,05/14/2023,Sunday,Samsung,Galaxy A51,3.0,12706.95,38120.850000000006,Sachin Shah,54,Mumbai,UPI,5.0
881,17-06-2022,Friday,Apple,iPhone SE,2.0,15254.53,30509.06,Sneha Rao,21,Ranchi,UPI,3.0
3735,09-09-2024,Monday,Apple,iPhone 11,3.0,54385.0,163155.0,Priyanka Pillai,18,Mumbai,Debit Card,5.0
624,04/03/2022,Sunday,Apple,iPhone 12,4.0,63428.17,253712.68,Ayesha Luthra,20,Indore,Debit Card,5.0
2394,08/19/2023,Saturday,Apple,iPhone 11,1.0,46965.54,46965.54,Kiran Rathod,30,Rajkot,Credit Card,2.0
3549,16-07-2024,Tuesday,Xiaomi,Mi 11,9.0,49168.8,442519.2,Kavita Nair,25,Rajkot,Cash,4.0
1788,03/02/2023,Thursday,Vivo,Vivo Y51,9.0,15186.75,136680.75,Devendra Luthra,41,Delhi,Credit Card,4.0
263,22-12-2021,Wednesday,Xiaomi,Redmi 9,5.0,67711.89,338559.45,Deepika Sharma,21,Mumbai,Debit Card,4.0
1635,16-01-2023,Monday,Xiaomi,Mi 11,5.0,63928.92,319644.6,Rohan Rathod,50,Kanpur,UPI,4.0
3370,05/27/2024,Monday,Apple,iPhone 12,9.0,35399.6,318596.39999999997,Aditya Sheth,55,Madurai,UPI,1.0
1439,22-11-2022,Tuesday,Samsung,Galaxy Note 20,2.0,28530.84,57061.68,Sunil Dutta,35,Vadodara,Debit Card,5.0
2199,25-06-2023,Sunday,Vivo,Vivo Y51,6.0,41249.72,247498.32,Pooja Sharma,50,Bhopal,UPI,2.0
1970,04/22/2023,Saturday,Vivo,Vivo Y51,3.0,32435.67,97307.01,Devendra Singh,30,Coimbatore,Debit Card,4.0
2521,23-09-2023,Saturday,Vivo,Vivo Y51,8.0,59614.21,476913.68,Ramesh Das,51,Mumbai,Cash,3.0
1803,06-03-2023,Monday,Apple,iPhone 12,6.0,13693.4,82160.4,Anjali Chaudhary,34,Patna,Cash,1.0
641,09-04-2022,Saturday,Apple,iPhone 12,9.0,34909.82,314188.38,Navin Malhotra,41,Delhi,Debit Card,4.0
3827,06-10-2024,Sunday,Apple,iPhone SE,4.0,27226.55,108906.2,Navin Solanki,26,Lucknow,Credit Card,3.0
2386,08/17/2023,Thursday,Apple,iPhone SE,6.0,28319.55,169917.3,Sneha Prasad,57,Mumbai,UPI,5.0
2599,16-10-2023,Monday,Apple,iPhone 11,5.0,35627.95,178139.75,Kiran Siddiqui,47,Hyderabad,Debit Card,3.0
3627,07-08-2024,Wednesday,Vivo,Vivo Y51,1.0,46000.87,46000.87,Prashant Teja,46,Bangalore,Cash,2.0
1960,04/19/2023,Wednesday,Apple,iPhone SE,5.0,51294.0,256470.0,Tapan Rawat,49,Bangalore,Cash,4.0
2977,03-02-2024,Saturday,Apple,iPhone 12,3.0,66002.53,198007.59,Neeta Mathur,27,Bhopal,Credit Card,1.0
489,23-02-2022,Wednesday,Vivo,Vivo Y51,5.0,42956.11,214780.55,Gita Iyer,36,Ranchi,Credit Card,5.0
1844,03/17/2023,Friday,Samsung,Galaxy A51,1.0,23455.5,23455.5,Vivek Teja,53,Vadodara,Cash,5.0
1735,14-02-2023,Tuesday,Samsung,Galaxy S21,4.0,25192.45,100769.8,Arun Luthra,55,Delhi,Debit Card,5.0
2912,01/15/2024,Monday,OnePlus,OnePlus Nord,2.0,50626.08,101252.16,Umesh Goyal,35,Mumbai,Credit Card,5.0
3220,04/13/2024,Saturday,OnePlus,OnePlus Nord,6.0,15953.73,95722.38,Aditya Rao,33,Indore,UPI,2.0
147,20-11-2021,Saturday,Apple,iPhone SE,8.0,16056.86,128454.88,Rajesh Kaur,32,Indore,Cash,5.0
1535,19-12-2022,Monday,Xiaomi,Redmi Note 10,3.0,51030.58,153091.74,Meena Roy,23,Mumbai,Cash,5.0
1987,27-04-2023,Thursday,Vivo,Vivo S1,1.0,15406.82,15406.82,Neeta Kumar,37,Delhi,Credit Card,4.0
1370,11/04/2022,Friday,OnePlus,OnePlus 9,6.0,26527.47,159164.82,Ayesha Thakur,34,Jodhpur,Credit Card,4.0
2451,04-09-2023,Monday,OnePlus,OnePlus Nord,5.0,32418.08,162090.40000000002,Vinod Nair,18,Ranchi,UPI,5.0
3758,09/16/2024,Monday,Xiaomi,Redmi Note 10,2.0,47955.6,95911.2,Kunal Deshmukh,46,Coimbatore,Cash,4.0
3003,11-02-2024,Sunday,OnePlus,OnePlus 9,1.0,40278.46,40278.46,Kiran Joshi,37,Ludhiana,Debit Card,1.0
2812,12/17/2023,Sunday,Xiaomi,Mi 11,4.0,69787.03,279148.12,Vinod Nair,23,Mumbai,UPI,5.0
660,04/14/2022,Thursday,Apple,iPhone 12,2.0,47249.13,94498.26,Vijay Das,21,Bangalore,Credit Card,5.0
1795,04-03-2023,Saturday,Apple,iPhone 12,1.0,68081.26,68081.26,Navin Malhotra,32,Madurai,Credit Card,5.0
3421,11-06-2024,Tuesday,Apple,iPhone 12,6.0,12896.31,77377.86,Sumit Goyal,27,Delhi,Debit Card,4.0
2512,09/21/2023,Thursday,Apple,iPhone 12,3.0,14153.81,42461.43,Isha Menon,54,Delhi,Debit Card,5.0
3398,06/05/2024,Wednesday,Vivo,Vivo V20,1.0,30766.66,30766.66,Sachin Ghosh,54,Delhi,UPI,5.0
187,30-11-2021,Tuesday,Xiaomi,Mi 11,1.0,56898.13,56898.13,Lata Chaudhary,22,Delhi,Credit Card,5.0
1148,09/01/2022,Thursday,Samsung,Galaxy S21,3.0,68943.43,206830.28999999998,Rohan Jain,26,Mumbai,Debit Card,5.0
3273,29-04-2024,Monday,Vivo,Vivo S1,7.0,58364.93,408554.51,Sunil Dutta,40,Indore,Cash,1.0
609,30-03-2022,Wednesday,Samsung,Galaxy Note 20,1.0,16271.67,16271.67,Sneha Teja,55,Coimbatore,UPI,5.0
2192,06/23/2023,Friday,Apple,iPhone SE,8.0,48072.1,384576.8,Pooja Arora,51,Delhi,Debit Card,5.0
2800,12/13/2023,Wednesday,OnePlus,OnePlus 8T,1.0,33880.39,33880.39,Vijay Rawat,50,Bangalore,Cash,2.0
1931,11-04-2023,Tuesday,Samsung,Galaxy Note 20,7.0,30452.98,213170.86,Meena Roy,39,Ranchi,Credit Card,2.0
3030,02/19/2024,Monday,Xiaomi,Redmi 9,3.0,59272.01,177816.03,Vivek Nambiar,40,Delhi,Credit Card,3.0
198,12/03/2021,Friday,Samsung,Galaxy S21,7.0,61508.22,430557.54000000004,Anand Bhattacharya,30,Delhi,Credit Card,4.0
2932,01/21/2024,Sunday,Apple,iPhone 11,1.0,68660.46,68660.46,Vijay Rao,55,Delhi,Cash,2.0
2328,08/01/2023,Tuesday,Samsung,Galaxy S21,1.0,40792.94,40792.94,Priya Reddy,28,Mumbai,Debit Card,4.0
294,12/31/2021,Friday,OnePlus,OnePlus Nord,1.0,46461.75,46461.75,Lata Rawat,27,Bangalore,Cash,5.0
767,16-05-2022,Monday,Vivo,Vivo V20,6.0,22204.78,133228.68,Sachin Joshi,59,Madurai,Cash,5.0
401,28-01-2022,Friday,Xiaomi,Mi 11,,63272.38,442906.66,Harish Mishra,52,Vadodara,UPI,5.0
123,12-11-2021,Friday,OnePlus,OnePlus 8T,4.0,49337.76,197351.04,Sachin Joshi,45,Mumbai,Credit Card,5.0
3256,04/24/2024,Wednesday,Samsung,Galaxy A51,4.0,50032.8,200131.2,Ramesh Nambiar,51,Mumbai,UPI,1.0
203,05-12-2021,Sunday,Samsung,Galaxy Note 20,6.0,14388.55,86331.29999999999,Umesh Dutta,55,Hyderabad,Debit Card,5.0
3511,05-07-2024,Friday,Xiaomi,Mi 11,6.0,45527.39,273164.33999999997,Pooja Arora,21,Chennai,Credit Card,4.0
836,06/04/2022,Saturday,Apple,iPhone SE,4.0,34136.49,136545.96,Krishna Rathod,47,Delhi,UPI,3.0
2295,22-07-2023,Saturday,Samsung,Galaxy Note 20,9.0,69351.13,624160.17,Anita Pillai,41,Ranchi,UPI,3.0
1440,11/23/2022,Wednesday,Apple,iPhone SE,9.0,46681.42,420132.77999999997,Anita Srivastava,58,Indore,Debit Card,5.0
1734,02/14/2023,Tuesday,OnePlus,OnePlus 9,7.0,58360.7,408524.89999999997,Vivek Nair,28,Ludhiana,Cash,1.0
1696,02/03/2023,Friday,Vivo,Vivo Y51,9.0,66556.16,599005.4400000001,Krishna Bhattacharya,45,Jodhpur,UPI,1.0
3747,13-09-2024,Friday,Apple,iPhone 11,1.0,26200.12,26200.12,Gita Rathod,42,Lucknow,Debit Card,2.0
1708,02/06/2023,Monday,Samsung,Galaxy Note 20,7.0,38840.21,271881.47,Lata Verma,19,Lucknow,Credit Card,5.0
3730,09/08/2024,Sunday,Apple,iPhone 11,9.0,39918.01,359262.09,Jyoti Varma,45,Hyderabad,Cash,4.0
1154,09/03/2022,Saturday,Samsung,Galaxy S21,7.0,10108.72,70761.04,Amit Prasad,26,Delhi,Credit Card,3.0
1662,01/24/2023,Tuesday,Xiaomi,Redmi Note 10,1.0,41425.51,41425.51,Ravi Jain,57,Delhi,UPI,4.0
3475,25-06-2024,Tuesday,Vivo,Vivo Y51,3.0,41909.41,125728.23000000001,Bhavana Mehta,55,Coimbatore,UPI,5.0
2433,30-08-2023,Wednesday,Samsung,Galaxy A51,2.0,49707.44,99414.88,Lalita Rao,59,Coimbatore,Debit Card,5.0
3605,01-08-2024,Thursday,Xiaomi,Redmi Note 10,5.0,28262.07,141310.35,Anita Luthra,40,Delhi,UPI,5.0
1760,02/22/2023,Wednesday,Samsung,Galaxy Note 20,,21095.56,105477.8,Kiran Bhattacharya,51,Mumbai,Cash,5.0
855,09-06-2022,Thursday,Vivo,Vivo Y51,1.0,40755.03,40755.03,Anand Srivastava,45,Mumbai,Cash,5.0
1590,01/04/2023,Wednesday,OnePlus,OnePlus Nord,5.0,40688.86,203444.3,Manoj Siddiqui,30,Mumbai,Debit Card,1.0
2268,07/14/2023,Friday,Vivo,Vivo S1,7.0,47795.23,334566.61000000004,Monika Kumar,26,Mumbai,Cash,5.0
642,04/09/2022,Saturday,Samsung,Galaxy A51,6.0,55892.73,335356.38,Lalita Thakur,32,Mumbai,Credit Card,4.0
2,10/09/2021,Saturday,Vivo,Vivo Y51,6.0,10565.19,63391.14,Sneha Sharma,37,Delhi,Credit Card,3.0
2161,14-06-2023,Wednesday,Vivo,Vivo V20,5.0,69054.44,345272.2,Priya Varma,37,Kanpur,Debit Card,1.0
699,26-04-2022,Tuesday,Xiaomi,Redmi Note 10,9.0,35293.25,317639.25,Lalita Rathod,58,Mumbai,Credit Card,5.0
3759,17-09-2024,Tuesday,OnePlus,OnePlus 8T,7.0,23935.94,167551.58,Lalita Alva,18,Delhi,Credit Card,5.0
3000,02/10/2024,Saturday,Vivo,Vivo V20,6.0,44762.78,268576.68,Isha Kaur,41,Delhi,UPI,1.0
1637,17-01-2023,Tuesday,Xiaomi,Mi 11,6.0,67661.26,405967.55999999994,Prashant Shah,59,Vadodara,Cash,5.0
3185,03-04-2024,Wednesday,OnePlus,OnePlus 9,6.0,63834.6,383007.6,Nikhil Menon,26,Delhi,UPI,2.0
3459,21-06-2024,Friday,Samsung,Galaxy Note 20,7.0,60154.57,421081.99,Pankaj Sheth,59,Ranchi,Debit Card,3.0
3458,06/21/2024,Friday,OnePlus,OnePlus 8T,8.0,16223.81,129790.48,Devendra Rao,23,Ranchi,Cash,5.0
3582,07/26/2024,Friday,OnePlus,OnePlus Nord,4.0,49971.58,199886.32,Priya Prasad,34,Hyderabad,UPI,4.0
1292,10/13/2022,Thursday,Apple,iPhone SE,5.0,16323.82,81619.1,Isha Arora,52,Kolkata,Debit Card,1.0
3659,17-08-2024,Saturday,Vivo,Vivo Y51,7.0,23565.95,164961.65,Rohan Sheth,44,Indore,Credit Card,5.0
2490,09/15/2023,Friday,Apple,iPhone 11,9.0,26565.17,239086.52999999997,Anita Shah,18,Gorakhpur,Debit Card,4.0
1521,16-12-2022,Friday,Apple,iPhone 11,8.0,16931.07,135448.56,Shruti Pathak,59,Chennai,Debit Card,5.0
1854,03/20/2023,Monday,Xiaomi,Redmi Note 10,7.0,66301.7,464111.89999999997,Vinod Prasad,43,Delhi,Cash,5.0
1137,29-08-2022,Monday,Xiaomi,Mi 11,3.0,15475.1,46425.3,Krishna Bhattacharya,44,Patna,Debit Card,4.0
3305,08-05-2024,Wednesday,Apple,iPhone 11,6.0,30016.89,180101.34,Sachin Rao,50,Jodhpur,Cash,2.0
3714,09/03/2024,Tuesday,Xiaomi,Redmi Note 10,5.0,12668.63,63343.149999999994,Tapan Chatterjee,27,Ranchi,Cash,4.0
1632,01/16/2023,Monday,Samsung,Galaxy A51,3.0,39107.91,117323.73000000001,Bina Das,59,Delhi,Cash,3.0
3446,06/17/2024,Monday,Samsung,Galaxy Note 20,7.0,22501.65,157511.55000000002,Rajesh Yadav,18,Madurai,Debit Card,2.0
1999,30-04-2023,Sunday,Apple,iPhone 11,4.0,58477.94,233911.76,Aditya Rao,34,Mumbai,Cash,5.0
664,04/16/2022,Saturday,OnePlus,OnePlus 8T,6.0,18491.27,110947.62,Amit Teja,53,Delhi,Debit Card,5.0
684,04/22/2022,Friday,Xiaomi,Mi 11,9.0,36230.32,326072.88,Anand Joshi,58,Ranchi,Credit Card,5.0
1258,10/03/2022,Monday,OnePlus,OnePlus 8T,4.0,17654.09,70616.36,Prashant Rathod,33,Lucknow,Credit Card,5.0
3620,08/05/2024,Monday,Vivo,Vivo V20,7.0,37528.42,262698.94,Amit Chatterjee,50,Indore,Credit Card,5.0
318,01/07/2022,Friday,Apple,iPhone 11,9.0,17375.31,156377.79,Anand Mehta,40,Bhopal,Debit Card,5.0
649,11-04-2022,Monday,Apple,iPhone SE,8.0,41363.84,330910.72,Manoj Jain,31,Delhi,Cash,5.0
1435,21-11-2022,Monday,Samsung,Galaxy S21,1.0,41961.14,41961.14,Kunal Chaudhary,50,Kolkata,Cash,5.0
1480,12/04/2022,Sunday,Samsung,Galaxy Note 20,1.0,31609.73,31609.73,Sachin Nambiar,42,Patna,Cash,5.0
710,04/29/2022,Friday,Vivo,Vivo S1,3.0,53618.68,160856.04,Aditya Rao,25,Indore,Debit Card,5.0
3431,14-06-2024,Friday,Apple,iPhone 12,2.0,20092.82,40185.64,Sanjay Das,20,Ludhiana,Cash,2.0
1283,10-10-2022,Monday,OnePlus,OnePlus 9,7.0,69155.36,484087.52,Anita Mehta,44,Delhi,Debit Card,5.0
1769,24-02-2023,Friday,OnePlus,OnePlus 8T,4.0,40020.02,160080.08,Anjali Patel,53,Delhi,Cash,4.0
973,14-07-2022,Thursday,OnePlus,OnePlus Nord,9.0,28209.77,253887.93,Bhavana Sheth,56,Delhi,Credit Card,2.0
2676,11/07/2023,Tuesday,Xiaomi,Mi 11,5.0,64697.09,323485.44999999995,Reena Goyal,31,Chennai,Debit Card,2.0
2681,08-11-2023,Wednesday,Apple,iPhone 11,9.0,39998.64,359987.76,Anita Menon,34,Ranchi,UPI,5.0
1307,17-10-2022,Monday,Apple,iPhone SE,7.0,33904.03,237328.21,Vivek Siddiqui,42,Mumbai,Cash,3.0
1401,12-11-2022,Saturday,Vivo,Vivo S1,9.0,62290.43,560613.87,,29,Chennai,UPI,1.0
1409,14-11-2022,Monday,OnePlus,OnePlus 9,5.0,30028.89,150144.45,Vijay Das,18,Delhi,Cash,3.0
3297,06-05-2024,Monday,OnePlus,OnePlus Nord,9.0,68432.67,615894.03,Kiran Pathak,22,Mumbai,UPI,1.0
2238,07/06/2023,Thursday,Xiaomi,Redmi 9,7.0,57179.31,400255.17,Namita Malhotra,19,Delhi,Debit Card,5.0
3303,07-05-2024,Tuesday,Apple,iPhone SE,1.0,46806.73,46806.73,Monika Sharma,33,Gorakhpur,Cash,3.0
1497,09-12-2022,Friday,OnePlus,OnePlus 9,1.0,39254.9,39254.9,Radha Varma,18,Bangalore,Debit Card,4.0
3420,06/11/2024,Tuesday,Samsung,Galaxy A51,4.0,66702.25,266809.0,Anand Nair,57,Indore,Credit Card,2.0
2039,11-05-2023,Thursday,Vivo,Vivo Y51,2.0,26567.12,53134.24,Radha Kulkarni,38,Delhi,Debit Card,1.0
1530,12/18/2022,Sunday,OnePlus,OnePlus 8T,3.0,27292.16,81876.48,Ravi Malhotra,49,Mumbai,UPI,5.0
1664,01/25/2023,Wednesday,Apple,iPhone SE,2.0,57442.17,114884.34,Amit Prasad,28,Delhi,Credit Card,5.0
1355,30-10-2022,Sunday,Vivo,Vivo V20,2.0,14000.94,28001.88,Rajesh Sheth,40,Patna,UPI,1.0
3743,12-09-2024,Thursday,OnePlus,OnePlus 9,1.0,39744.03,39744.03,Sunil Varma,35,Mumbai,Credit Card,4.0
3769,20-09-2024,Friday,Xiaomi,Mi 11,6.0,25145.87,150875.22,Ayesha Ghosh,47,Coimbatore,UPI,3.0
3628,08/08/2024,Thursday,Vivo,Vivo V20,5.0,20849.11,104245.55,Rohan Shah,24,Jodhpur,Debit Card,2.0
1644,01/19/2023,Thursday,Apple,iPhone 11,8.0,40746.39,325971.12,Ravi Bhattacharya,55,Ludhiana,Cash,3.0
1052,08/05/2022,Friday,Samsung,Galaxy Note 20,5.0,67086.56,335432.8,Kunal Yadav,40,Mumbai,Debit Card,5.0
796,05/24/2022,Tuesday,OnePlus,OnePlus 8T,6.0,43403.94,260423.64,Sachin Shah,56,Delhi,UPI,4.0
2694,11/12/2023,Sunday,OnePlus,OnePlus 9,9.0,41118.32,370064.88,Lata Joshi,25,Delhi,Cash,4.0
3061,28-02-2024,Wednesday,Apple,iPhone 12,1.0,16471.35,16471.35,Pankaj Jain,59,Mumbai,Credit Card,5.0
1598,01/06/2023,Friday,Xiaomi,Redmi Note 10,9.0,57985.76,521871.84,Shruti Kulkarni,58,Delhi,UPI,4.0
2605,18-10-2023,Wednesday,Vivo,Vivo Y51,2.0,27691.94,55383.88,Meena Malhotra,40,Coimbatore,UPI,3.0
2730,11/23/2023,Thursday,Apple,iPhone SE,9.0,14193.51,127741.59,Vinod Srivastava,47,Delhi,Cash,5.0
2626,10/24/2023,Tuesday,Vivo,Vivo Y51,3.0,51946.37,155839.11000000002,Rajesh Prasad,40,Mumbai,UPI,3.0
1820,03/11/2023,Saturday,OnePlus,OnePlus Nord,1.0,69534.51,69534.51,Prashant Jain,24,Mumbai,Debit Card,3.0
3158,03/27/2024,Wednesday,OnePlus,OnePlus Nord,6.0,18851.43,113108.58,Bhavana Siddiqui,56,Mumbai,UPI,4.0
3315,11-05-2024,Saturday,Apple,iPhone 12,9.0,37328.27,335954.43,Harish Prasad,41,Patna,UPI,5.0
1723,11-02-2023,Saturday,Xiaomi,Redmi 9,4.0,54875.42,219501.68,Namita Desai,31,Patna,Credit Card,5.0
1184,09/12/2022,Monday,Apple,iPhone 11,9.0,65592.87,590335.83,Sachin Iyer,48,Chennai,Credit Card,5.0
2573,08-10-2023,Sunday,OnePlus,OnePlus Nord,2.0,41199.89,82399.78,Monika Goyal,45,Delhi,UPI,4.0
1060,08/08/2022,Monday,Apple,iPhone SE,2.0,61022.62,122045.24,Ravi Teja,46,Delhi,UPI,5.0
541,10-03-2022,Thursday,Samsung,Galaxy Note 20,8.0,53989.18,431913.44,Radha Sharma,23,Delhi,Cash,4.0
3243,20-04-2024,Saturday,Apple,iPhone 11,4.0,46694.59,186778.36,Nikhil Solanki,47,Hyderabad,Debit Card,5.0
1679,29-01-2023,Sunday,Samsung,Galaxy Note 20,1.0,61812.79,61812.79,Mala Das,37,Delhi,UPI,1.0
2797,12-12-2023,Tuesday,Samsung,Galaxy S21,4.0,68799.17,275196.68,Lalita Patel,18,Delhi,Debit Card,4.0
3702,08/30/2024,Friday,Vivo,Vivo V20,9.0,43169.82,388528.38,Lalita Alva,58,Delhi,UPI,5.0
3479,26-06-2024,Wednesday,Vivo,Vivo V20,1.0,62902.76,62902.76,Nikhil Patel,38,Indore,Debit Card,3.0
2533,27-09-2023,Wednesday,Apple,iPhone 12,8.0,60321.83,482574.64,Radha Sheth,35,Delhi,Credit Card,5.0
1758,02/21/2023,Tuesday,OnePlus,OnePlus Nord,9.0,10966.49,98698.41,Rohan Menon,34,Coimbatore,Debit Card,5.0
1924,04/09/2023,Sunday,OnePlus,OnePlus 8T,8.0,20207.82,161662.56,Vijay Prasad,40,Delhi,Debit Card,5.0
96,11/05/2021,Friday,OnePlus,OnePlus Nord,6.0,45035.59,270213.54,Anjali Pathak,41,Ranchi,Cash,4.0
1021,28-07-2022,Thursday,Apple,iPhone 11,6.0,52659.28,315955.68,Anita Kulkarni,33,Ranchi,Debit Card,5.0
564,03/17/2022,Thursday,Xiaomi,Mi 11,1.0,12870.33,12870.33,Pankaj Patel,23,Madurai,Credit Card,5.0
3313,10-05-2024,Friday,OnePlus,OnePlus 8T,3.0,54370.21,163110.63,Manoj Ahuja,50,Mumbai,UPI,3.0
2791,10-12-2023,Sunday,OnePlus,OnePlus 9,9.0,26481.25,238331.25,Anita Arora,38,Hyderabad,Credit Card,5.0
864,06/12/2022,Sunday,Apple,iPhone SE,4.0,26514.17,106056.68,Rohan Mishra,49,Mumbai,UPI,4.0
3647,13-08-2024,Tuesday,Samsung,Galaxy A51,7.0,54913.88,384397.16,Lalita Shah,20,Bangalore,Credit Card,3.0
1485,05-12-2022,Monday,Vivo,Vivo S1,1.0,61431.58,61431.58,Umesh Varma,56,Delhi,Cash,3.0
2940,01/23/2024,Tuesday,OnePlus,OnePlus Nord,7.0,20654.32,144580.24,Ayesha Ahuja,28,Delhi,Credit Card,3.0
3626,08/07/2024,Wednesday,OnePlus,OnePlus 9,2.0,39803.43,79606.86,Arun Kumar,21,Hyderabad,UPI,3.0
1882,03/28/2023,Tuesday,Samsung,Galaxy Note 20,3.0,35687.4,107062.20000000001,Radha Gupta,58,Mumbai,Credit Card,3.0
1039,01-08-2022,Monday,Apple,iPhone 12,5.0,24285.11,121425.55,Lalita Alva,18,Ranchi,Cash,3.0
207,06-12-2021,Monday,Xiaomi,Redmi Note 10,8.0,32071.04,256568.32,Sneha Jain,43,Rajkot,Cash,5.0
393,26-01-2022,Wednesday,Vivo,Vivo S1,1.0,36631.36,36631.36,Krishna Nambiar,21,Gorakhpur,Cash,5.0
2843,26-12-2023,Tuesday,Xiaomi,Mi 11,6.0,22316.32,133897.91999999998,Vijay Prasad,30,Coimbatore,Debit Card,3.0
871,14-06-2022,Tuesday,Vivo,Vivo V20,2.0,34926.34,69852.68,Ayesha Kaur,22,Jodhpur,Cash,3.0
398,01/27/2022,Thursday,OnePlus,OnePlus 8T,6.0,41628.9,249773.40000000002,Neeta Yadav,59,Coimbatore,UPI,5.0
2815,18-12-2023,Monday,Vivo,Vivo S1,9.0,59400.85,534607.65,Krishna Sharma,36,Delhi,Debit Card,2.0
3691,27-08-2024,Tuesday,Samsung,Galaxy S21,3.0,31946.29,95838.87,Pankaj Pathak,27,Patna,UPI,3.0
3290,05/04/2024,Saturday,Samsung,Galaxy A51,6.0,14820.21,88921.26,Pankaj Singh,53,Delhi,UPI,4.0
1029,30-07-2022,Saturday,Xiaomi,Mi 11,9.0,20991.89,188927.01,Lalita Rao,19,Kanpur,UPI,4.0
2691,11-11-2023,Saturday,Samsung,Galaxy Note 20,5.0,47746.82,238734.1,Shruti Joshi,47,Jodhpur,UPI,2.0
1486,12/05/2022,Monday,OnePlus,OnePlus 9,7.0,12903.75,90326.25,Pankaj Shah,51,Mumbai,UPI,3.0
2661,03-11-2023,Friday,Apple,iPhone 11,7.0,10604.27,74229.89,Pankaj Jain,34,Coimbatore,UPI,5.0
961,10-07-2022,Sunday,OnePlus,OnePlus Nord,9.0,49585.82,446272.38,Lalita Desai,56,Chennai,Cash,2.0
1571,30-12-2022,Friday,OnePlus,OnePlus 8T,7.0,34162.7,239138.89999999997,Kavita Kumar,55,Jodhpur,Cash,1.0
2774,12/05/2023,Tuesday,Xiaomi,Mi 11,4.0,68289.05,273156.2,Kiran Alva,27,Jodhpur,Cash,3.0
1896,04/01/2023,Saturday,Apple,iPhone SE,7.0,40136.49,280955.43,Anita Deshmukh,32,Vadodara,Credit Card,3.0
2732,11/23/2023,Thursday,Samsung,Galaxy S21,2.0,66355.61,132711.22,Navin Gupta,29,Coimbatore,Debit Card,5.0
2147,10-06-2023,Saturday,Samsung,Galaxy S21,1.0,46081.58,46081.58,Mala Thakur,36,Coimbatore,UPI,4.0
805,27-05-2022,Friday,Vivo,Vivo S1,6.0,12145.97,72875.81999999999,Anita Srivastava,23,Delhi,Cash,4.0
1752,02/19/2023,Sunday,OnePlus,OnePlus Nord,6.0,31074.63,186447.78,Mala Kulkarni,39,Delhi,Credit Card,1.0
3646,08/13/2024,Tuesday,Vivo,Vivo S1,3.0,23364.9,70094.70000000001,Neeta Arora,54,Mumbai,Debit Card,4.0
2455,05-09-2023,Tuesday,Xiaomi,Redmi 9,6.0,10467.04,62802.240000000005,Reena Bhattacharya,28,Ludhiana,Debit Card,5.0
503,27-02-2022,Sunday,OnePlus,OnePlus Nord,2.0,33049.65,66099.3,Pooja Patel,55,Delhi,UPI,5.0
3120,03/15/2024,Friday,Apple,iPhone 12,6.0,61284.77,367708.62,Rohan Dutta,42,Gorakhpur,UPI,3.0
3105,11-03-2024,Monday,OnePlus,OnePlus 9,5.0,36407.66,182038.30000000002,Shruti Menon,34,Mumbai,Cash,5.0
2978,02/03/2024,Saturday,Xiaomi,Mi 11,5.0,29024.39,145121.95,Kiran Siddiqui,26,Delhi,Debit Card,4.0
780,05/20/2022,Friday,Apple,iPhone SE,7.0,40387.38,282711.66,Radha Pathak,27,Rajkot,Credit Card,5.0
1864,03/23/2023,Thursday,Xiaomi,Mi 11,5.0,20479.0,102395.0,Gita Rao,55,Jodhpur,UPI,5.0
201,04-12-2021,Saturday,Vivo,Vivo Y51,5.0,30590.43,152952.15,Bhavana Varma,53,Gorakhpur,UPI,5.0
2183,20-06-2023,Tuesday,OnePlus,OnePlus 9,2.0,43292.02,86584.04,Yogesh Menon,20,Vadodara,Debit Card,2.0
3100,03/10/2024,Sunday,Vivo,Vivo S1,2.0,10933.75,21867.5,Nikhil Pathak,43,Lucknow,Debit Card,4.0
2089,25-05-2023,Thursday,Xiaomi,Redmi 9,8.0,34127.87,273022.96,Aditya Joshi,34,Mumbai,Cash,4.0
3066,02/29/2024,Thursday,Apple,iPhone SE,7.0,68714.7,481002.89999999997,Jyoti Alva,25,Madurai,Cash,5.0
2279,18-07-2023,Tuesday,Apple,iPhone 12,8.0,39611.85,316894.8,Pankaj Nambiar,54,Mumbai,UPI,2.0
3562,07/20/2024,Saturday,Samsung,Galaxy A51,4.0,38912.4,155649.6,Vivek Patel,28,Delhi,UPI,5.0
1797,04-03-2023,Saturday,Xiaomi,Redmi 9,3.0,18203.34,54610.020000000004,Vivek Rathod,59,Gorakhpur,Cash,5.0
379,22-01-2022,Saturday,Apple,iPhone SE,3.0,39741.45,119224.34999999999,Arun Luthra,40,Delhi,UPI,3.0
2337,04-08-2023,Friday,Vivo,Vivo V20,3.0,14163.72,42491.159999999996,Ravi Thakur,23,Lucknow,Credit Card,4.0
419,02-02-2022,Wednesday,Apple,iPhone 12,7.0,55636.39,389454.73,Ayesha Menon,52,Vadodara,Debit Card,3.0
1699,04-02-2023,Saturday,Samsung,Galaxy A51,3.0,49942.93,149828.79,Anita Luthra,56,Ranchi,Cash,3.0
392,01/26/2022,Wednesday,Apple,iPhone SE,6.0,46975.24,281851.44,Radha Alva,20,Hyderabad,Cash,4.0
2641,28-10-2023,Saturday,Apple,iPhone SE,7.0,33561.95,234933.64999999997,Vijay Malhotra,43,Mumbai,UPI,5.0
1523,16-12-2022,Friday,Xiaomi,Redmi Note 10,9.0,67577.57,608198.1300000001,Anita Dutta,28,Delhi,Credit Card,5.0
1163,06-09-2022,Tuesday,OnePlus,OnePlus 8T,1.0,18110.98,18110.98,Rajesh Kulkarni,43,Delhi,UPI,5.0
3135,20-03-2024,Wednesday,Vivo,Vivo Y51,2.0,34693.83,69387.66,Harish Mehta,36,Hyderabad,Cash,5.0
1496,12/08/2022,Thursday,OnePlus,OnePlus 8T,6.0,16467.53,98805.18,Jyoti Rawat,28,Kanpur,Debit Card,4.0
2696,11/13/2023,Monday,Xiaomi,Redmi 9,3.0,25638.01,76914.03,Lalita Siddiqui,38,Delhi,UPI,4.0
2028,05/08/2023,Monday,Samsung,Galaxy A51,7.0,31467.1,220269.69999999998,Manoj Jain,35,Mumbai,UPI,4.0
1153,03-09-2022,Saturday,Samsung,Galaxy S21,6.0,27682.89,166097.34,Deepika Gupta,24,Kolkata,Cash,1.0
1368,11/03/2022,Thursday,Samsung,Galaxy A51,6.0,44659.69,267958.14,Navin Malhotra,52,Vadodara,Cash,4.0
2569,07-10-2023,Saturday,OnePlus,OnePlus 9,3.0,13864.31,41592.93,Vivek Siddiqui,31,Kanpur,Cash,5.0
65,28-10-2021,Thu,Apple,iPhone SE,5.0,37138.84,185694.19999999998,Tanuja Dutta,44,Kanpur,UPI,5.0
2063,18-05-2023,Thursday,Samsung,Galaxy A51,4.0,12082.97,48331.88,Krishna Pillai,24,Delhi,UPI,1.0
1181,11-09-2022,Sunday,Apple,iPhone SE,7.0,62496.36,437474.52,Rohan Thakur,31,Delhi,UPI,5.0
3113,14-03-2024,Thursday,Vivo,Vivo V20,6.0,27278.72,163672.32,Harish Kaur,19,Kolkata,UPI,4.0
493,24-02-2022,Thursday,Samsung,Galaxy Note 20,1.0,53269.56,53269.56,Anita Desai,55,Delhi,Cash,5.0
380,01/23/2022,Sunday,Vivo,Vivo S1,4.0,29964.05,119856.2,Mala Roy,45,Jodhpur,Credit Card,4.0
2236,07/06/2023,Thursday,Xiaomi,Redmi 9,4.0,20719.77,82879.08,Manoj Siddiqui,55,Hyderabad,Credit Card,4.0
764,05/15/2022,Sunday,Vivo,Vivo S1,7.0,67278.41,470948.87,Mala Ghosh,55,Rajkot,UPI,5.0
2265,13-07-2023,Thursday,Xiaomi,Redmi Note 10,6.0,44419.19,266515.14,Meena Dutta,30,Chennai,UPI,2.0
792,05/23/2022,Monday,Vivo,Vivo S1,2.0,47862.05,95724.1,Radha Alva,53,Gorakhpur,Credit Card,3.0
1077,12-08-2022,Friday,OnePlus,OnePlus 9,2.0,64638.58,129277.16,Sneha Sharma,58,Ranchi,Debit Card,5.0
879,17-06-2022,Friday,OnePlus,OnePlus Nord,4.0,27538.18,110152.72,Meena Das,29,Mumbai,Cash,2.0
338,01/12/2022,Wednesday,Xiaomi,Redmi Note 10,4.0,19248.85,76995.4,Anand Bhattacharya,56,Bangalore,UPI,5.0
2768,12/04/2023,Monday,OnePlus,OnePlus Nord,3.0,62137.08,186411.24,Jyoti Bhattacharya,24,Madurai,Debit Card,5.0
2344,08/06/2023,Sunday,OnePlus,OnePlus Nord,7.0,61772.76,432409.32,Reena Goyal,52,Delhi,Debit Card,2.0
1017,26-07-2022,Tuesday,Xiaomi,Mi 11,2.0,54647.6,109295.2,Umesh Kulkarni,24,Rajkot,Debit Card,3.0
1276,10/08/2022,Saturday,Xiaomi,Redmi Note 10,3.0,17481.85,52445.549999999996,Harish Sharma,24,Kolkata,Debit Card,4.0
3534,07/12/2024,Friday,OnePlus,OnePlus 9,9.0,21423.0,192807.0,Neeta Ghosh,30,Rajkot,Credit Card,3.0
456,02/13/2022,Sunday,Xiaomi,Redmi Note 10,9.0,52987.18,476884.62,Vijay Varma,51,Delhi,Cash,5.0
3343,19-05-2024,Sunday,OnePlus,OnePlus Nord,1.0,68236.0,68236.0,Nikhil Kapoor,33,Rajkot,Cash,3.0
816,05/30/2022,Monday,OnePlus,OnePlus 9,1.0,50814.27,50814.27,Shruti Verma,44,Hyderabad,UPI,3.0
2318,07/29/2023,Saturday,Samsung,Galaxy S21,3.0,46252.33,138756.99,Umesh Srivastava,25,Delhi,Debit Card,2.0
996,07/20/2022,Wednesday,Xiaomi,Redmi Note 10,1.0,37265.34,37265.34,Kiran Pathak,50,Mumbai,Debit Card,3.0
1982,04/25/2023,Tuesday,Xiaomi,Mi 11,3.0,55640.79,166922.37,Vinod Joshi,47,Delhi,Debit Card,4.0
202,12/04/2021,Saturday,Vivo,Vivo V20,3.0,43695.06,131085.18,Neeta Ghosh,23,Lucknow,Cash,5.0
162,11/23/2021,Tuesday,Samsung,Galaxy Note 20,3.0,64871.57,194614.71,Lata Iyer,26,Mumbai,Credit Card,5.0
1580,01/01/2023,Sunday,Vivo,Vivo V20,3.0,39282.29,117846.87,Meena Desai,25,Mumbai,UPI,1.0
2778,12/06/2023,Wednesday,Xiaomi,Redmi Note 10,7.0,28288.79,198021.53,Vijay Rawat,33,Chennai,Debit Card,5.0
2450,09/04/2023,Monday,Xiaomi,Redmi 9,4.0,14670.35,58681.4,Isha Dutta,53,Chennai,Credit Card,5.0
703,27-04-2022,Wednesday,Apple,iPhone SE,4.0,20778.72,83114.88,Anjali Pathak,51,Hyderabad,Debit Card,4.0
1501,10-12-2022,Saturday,Apple,iPhone 12,8.0,47314.87,378518.96,Sachin Goyal,35,Mumbai,Debit Card,4.0
1130,08/27/2022,Saturday,Samsung,Galaxy Note 20,6.0,17571.71,105430.26,Kiran Pathak,27,Hyderabad,Cash,4.0
2614,10/20/2023,Friday,Apple,iPhone SE,3.0,50075.47,150226.41,Manoj Dutta,30,Mumbai,Credit Card,4.0
3462,06/22/2024,Saturday,Samsung,Galaxy S21,6.0,18469.96,110819.76,Sunita Mehta,36,Mumbai,Cash,4.0
1022,07/28/2022,Thursday,OnePlus,OnePlus 8T,9.0,36342.49,327082.41,Sumit Rathod,44,Gorakhpur,Debit Card,3.0
3074,03/02/2024,Saturday,Samsung,Galaxy Note 20,4.0,39326.76,157307.04,Priyanka Sharma,24,Kolkata,Debit Card,1.0
3460,06/21/2024,Friday,Samsung,Galaxy S21,8.0,58873.23,470985.84,Tanuja Teja,35,Delhi,UPI,2.0
1586,01/03/2023,Tuesday,Apple,iPhone SE,6.0,64172.6,385035.6,Jyoti Iyer,50,Coimbatore,Credit Card,4.0
1956,04/18/2023,Tuesday,OnePlus,OnePlus 8T,8.0,46714.25,373714.0,Anita Deshmukh,40,Vadodara,UPI,4.0
3153,25-03-2024,Monday,Xiaomi,Redmi 9,2.0,34655.29,69310.58,Aditya Jain,41,Delhi,UPI,5.0
2254,07/11/2023,Tuesday,OnePlus,OnePlus 8T,6.0,59519.28,357115.68,Anjali Varma,30,Delhi,Cash,5.0
35,19-10-2021,Tuesday,Xiaomi,Redmi Note 10,1.0,36194.9,36194.9,Shruti Bhatnagar,55,Kanpur,Debit Card,4.0
776,05/19/2022,Thursday,Xiaomi,Mi 11,9.0,29101.12,261910.08,Ravi Bhattacharya,29,Delhi,Cash,5.0
2557,03-10-2023,Tuesday,Apple,iPhone 12,2.0,35268.15,70536.3,Rajesh Kulkarni,44,Delhi,Credit Card,5.0
3500,07/02/2024,Tuesday,Vivo,Vivo Y51,7.0,52844.27,369909.88999999996,Umesh Reddy,57,Ludhiana,UPI,3.0
1479,04-12-2022,Sunday,Vivo,Vivo V20,3.0,16980.91,50942.729999999996,Navin Kapoor,33,Delhi,Cash,3.0
3004,02/11/2024,Sunday,OnePlus,OnePlus 8T,4.0,68534.17,274136.68,Arun Ghosh,35,Jodhpur,Debit Card,3.0
1391,10-11-2022,Thursday,Xiaomi,Redmi Note 10,7.0,54753.54,383274.78,Umesh Teja,53,Delhi,UPI,5.0
2140,06/08/2023,Thursday,Samsung,Galaxy S21,7.0,30910.55,216373.85,Harish Thakur,59,Indore,Credit Card,4.0
1364,11/02/2022,Wednesday,Samsung,Galaxy Note 20,6.0,68173.41,409040.46,Radha Bhatnagar,36,Lucknow,Credit Card,4.0
2946,01/25/2024,Thursday,OnePlus,OnePlus 9,6.0,55005.54,330033.24,Anand Bhattacharya,52,Delhi,Cash,2.0
2613,20-10-2023,Friday,Vivo,Vivo Y51,7.0,21589.47,151126.29,Umesh Bhattacharya,41,Mumbai,Credit Card,5.0
3418,06/10/2024,Monday,Xiaomi,Mi 11,3.0,25324.63,75973.89,Manoj Goyal,34,Mumbai,Debit Card,2.0
2825,21-12-2023,Thursday,Xiaomi,Redmi 9,6.0,54154.12,324924.72000000003,Bhavana Varma,22,Coimbatore,Debit Card,5.0
2042,05/12/2023,Friday,Apple,iPhone 11,6.0,61459.62,368757.72000000003,Sneha Thakur,53,Gorakhpur,Credit Card,4.0
242,12/17/2021,Friday,Xiaomi,Redmi 9,1.0,63738.65,63738.65,Krishna Rawat,37,Mumbai,UPI,5.0
2062,05/17/2023,Wednesday,OnePlus,OnePlus 9,1.0,32733.23,32733.23,Namita Kumar,57,Kolkata,Cash,4.0
2364,08/12/2023,Saturday,Vivo,Vivo Y51,9.0,53181.67,478635.02999999997,Kiran Pathak,47,Jodhpur,UPI,2.0
601,28-03-2022,Monday,OnePlus,OnePlus 8T,6.0,16760.41,100562.45999999999,Harish Teja,48,Mumbai,UPI,4.0
2436,08/31/2023,Thursday,Vivo,Vivo Y51,1.0,37458.74,37458.74,Tapan Varma,33,Delhi,UPI,3.0
1298,10/14/2022,Friday,Apple,iPhone SE,4.0,50351.34,201405.36,Kiran Nair,50,Ludhiana,Credit Card,4.0
2215,29-06-2023,Thursday,Apple,iPhone 12,5.0,40809.88,204049.4,Sumit Teja,47,Delhi,Cash,4.0
2889,08-01-2024,Monday,Apple,iPhone SE,4.0,66870.21,267480.84,Anita Mathur,20,Madurai,UPI,2.0
2069,19-05-2023,Friday,Vivo,Vivo V20,5.0,64652.73,323263.65,Meena Sheth,28,Patna,Cash,5.0
647,10-04-2022,Sunday,OnePlus,OnePlus Nord,8.0,40756.3,326050.4,Pooja Pillai,20,Kolkata,Debit Card,4.0
3557,18-07-2024,Thursday,Xiaomi,Mi 11,3.0,38629.6,115888.79999999999,Monika Bhatnagar,46,Indore,UPI,4.0
3203,09-04-2024,Tuesday,Xiaomi,Mi 11,1.0,32967.66,32967.66,Manoj Mehta,52,Delhi,Credit Card,2.0
1529,18-12-2022,Sunday,Samsung,Galaxy A51,4.0,31397.31,125589.24,Prashant Roy,29,Patna,UPI,5.0
2880,01/06/2024,Saturday,Xiaomi,Redmi 9,1.0,47831.27,47831.27,Sunil Malhotra,45,Jodhpur,UPI,5.0
1268,10/06/2022,Thursday,Xiaomi,Redmi Note 10,6.0,59811.55,358869.30000000005,Anita Mishra,23,Madurai,Credit Card,5.0
3639,11-08-2024,Sunday,Xiaomi,Redmi Note 10,4.0,25542.35,102169.4,Anita Kulkarni,40,Gorakhpur,UPI,5.0
1900,04/02/2023,Sunday,Xiaomi,Mi 11,6.0,60844.37,365066.22000000003,Isha Thakur,52,Delhi,Debit Card,5.0
563,17-03-2022,Thursday,Samsung,Galaxy A51,9.0,66639.75,599757.75,Bhavana Bhatnagar,37,Coimbatore,Cash,3.0
3795,27-09-2024,Friday,Samsung,Galaxy S21,2.0,16405.38,32810.76,Harish Kapoor,49,Vadodara,Debit Card,4.0
2735,24-11-2023,Friday,Samsung,Galaxy A51,7.0,49423.91,345967.37,Aditya Mishra,35,Chennai,Debit Card,4.0
3006,02/12/2024,Monday,OnePlus,OnePlus Nord,8.0,66168.89,529351.12,Shruti Verma,53,Rajkot,Cash,1.0
190,12/01/2021,Wednesday,Xiaomi,Redmi 9,4.0,16069.83,64279.32,Sachin Goyal,55,Bangalore,Cash,3.0
1807,07-03-2023,Tuesday,Xiaomi,Redmi 9,4.0,49998.16,199992.64,Navin Sharma,54,Delhi,Debit Card,3.0
976,07/15/2022,Friday,Apple,iPhone 12,2.0,16117.15,32234.3,Sunil Rawat,34,Patna,Debit Card,4.0
2748,11/28/2023,Tuesday,Vivo,Vivo V20,7.0,40864.23,286049.61000000004,Rajesh Shah,50,Vadodara,Credit Card,5.0
3548,07/16/2024,Tuesday,OnePlus,OnePlus 8T,7.0,36955.59,258689.12999999998,Ravi Gupta,42,Vadodara,UPI,4.0
2048,05/14/2023,Sunday,OnePlus,OnePlus Nord,2.0,53106.84,106213.68,Yogesh Luthra,54,Delhi,Credit Card,5.0
3754,09/15/2024,Sunday,Xiaomi,Mi 11,1.0,38905.35,38905.35,Anjali Ahuja,35,Kolkata,Debit Card,5.0
2559,04-10-2023,Wednesday,Vivo,Vivo Y51,8.0,40644.36,325154.88,Sachin Prasad,54,Coimbatore,Cash,2.0
1083,14-08-2022,Sunday,OnePlus,OnePlus 9,3.0,17526.51,52579.53,Nikhil Ahuja,50,Delhi,Credit Card,4.0
475,18-02-2022,Friday,Xiaomi,Redmi Note 10,5.0,26574.34,132871.7,Manoj Shah,43,Hyderabad,UPI,4.0
3633,09-08-2024,Friday,Apple,iPhone 12,5.0,52888.64,264443.2,Yogesh Menon,24,Madurai,Debit Card,5.0
2905,13-01-2024,Saturday,Vivo,Vivo V20,6.0,63888.65,383331.9,Vivek Luthra,40,Ludhiana,Cash,2.0
748,05/11/2022,Wednesday,Apple,iPhone SE,4.0,54970.98,219883.92,Navin Kapoor,58,Delhi,Cash,4.0
2301,24-07-2023,Monday,OnePlus,OnePlus 8T,2.0,64276.32,128552.64,Lata Kumar,47,Mumbai,UPI,2.0
22,10/15/2021,Friday,Vivo,Vivo S1,9.0,36854.2,331687.8,Jyoti Roy,24,Vadodara,Credit Card,5.0
3386,06/01/2024,Saturday,OnePlus,OnePlus 9,2.0,27715.64,55431.28,Priya Reddy,57,Bhopal,Credit Card,4.0
460,02/14/2022,Monday,Xiaomi,Redmi 9,2.0,67469.81,134939.62,Meena Patel,52,Bangalore,Cash,5.0
1185,12-09-2022,Monday,Samsung,Galaxy Note 20,2.0,63887.43,127774.86,Sunita Singh,23,Madurai,UPI,4.0
2325,31-07-2023,Monday,OnePlus,OnePlus Nord,8.0,59332.67,474661.36,Rajesh Shah,30,Lucknow,Cash,3.0
956,07/09/2022,Saturday,OnePlus,OnePlus 9,3.0,28583.75,85751.25,Rohan Pathak,33,Madurai,Credit Card,2.0
1216,09/21/2022,Wednesday,Vivo,Vivo Y51,7.0,37195.7,260369.89999999997,Gita Mehta,53,Kanpur,Credit Card,5.0
2434,08/31/2023,Thursday,Apple,iPhone 11,2.0,36893.68,73787.36,Devendra Varma,27,Kanpur,Cash,4.0
2854,12/29/2023,Friday,Apple,iPhone 11,3.0,43760.17,131280.51,Yogesh Menon,50,Kanpur,Cash,4.0
3486,06/28/2024,Friday,Samsung,Galaxy Note 20,2.0,56815.56,113631.12,Priyanka Sharma,33,Kolkata,UPI,3.0
1516,12/14/2022,Wednesday,Apple,iPhone 11,1.0,45689.96,45689.96,Sunita Luthra,36,Coimbatore,UPI,5.0
2392,08/19/2023,Saturday,Apple,iPhone 12,6.0,10488.77,62932.62,Vinod Dutta,40,Delhi,Cash,5.0
770,05/17/2022,Tuesday,Samsung,Galaxy S21,8.0,50855.03,406840.24,Rajesh Kaur,51,Patna,Debit Card,5.0
3381,31-05-2024,Friday,Samsung,Galaxy Note 20,9.0,20605.41,185448.69,Priya Teja,34,Delhi,Credit Card,1.0
1686,01/31/2023,Tuesday,Vivo,Vivo S1,3.0,54563.29,163689.87,Sachin Singh,47,Delhi,Credit Card,1.0
131,14-11-2021,Sunday,Samsung,Galaxy Note 20,4.0,27263.11,109052.44,Sanjay Pathak,41,Jodhpur,Cash,3.0
3736,09/10/2024,Tuesday,Xiaomi,Mi 11,1.0,25132.0,25132.0,Harish Kaur,40,Delhi,Credit Card,3.0
2920,01/17/2024,Wednesday,Xiaomi,Mi 11,3.0,64820.18,194460.54,Amit Prasad,49,Mumbai,Cash,5.0
3172,03/31/2024,Sunday,Xiaomi,Redmi Note 10,4.0,52993.22,211972.88,Pooja Sharma,28,Delhi,Cash,1.0
3445,17-06-2024,Monday,Samsung,Galaxy S21,4.0,50958.69,203834.76,,24,Gorakhpur,UPI,2.0
2136,06/07/2023,Wednesday,OnePlus,OnePlus 9,7.0,23138.21,161967.47,Kiran Srivastava,42,Coimbatore,Debit Card,4.0
1483,05-12-2022,Monday,Samsung,Galaxy S21,8.0,63044.52,504356.16,Umesh Dutta,55,Kolkata,Cash,5.0
331,10-01-2022,Monday,Samsung,Galaxy S21,4.0,52359.42,209437.68,Ramesh Dutta,59,Mumbai,UPI,3.0
1239,27-09-2022,Tuesday,Xiaomi,Redmi 9,6.0,46288.11,277728.66000000003,Ravi Varma,30,Kanpur,Debit Card,5.0
467,16-02-2022,Wednesday,Xiaomi,Mi 11,4.0,22763.62,91054.48,Kavita Gupta,44,Delhi,UPI,5.0
2170,06/16/2023,Friday,Xiaomi,Redmi Note 10,2.0,19182.56,38365.12,Rajesh Sheth,44,Lucknow,Credit Card,2.0
1639,18-01-2023,Wednesday,OnePlus,OnePlus Nord,9.0,20302.05,182718.44999999998,Neeta Yadav,42,Mumbai,Cash,3.0
3093,08-03-2024,Friday,Apple,iPhone 12,2.0,69422.45,138844.9,Vivek Alva,43,Delhi,Cash,5.0
3773,21-09-2024,Saturday,Apple,iPhone SE,2.0,34648.56,69297.12,Sneha Teja,27,Mumbai,Credit Card,2.0
1096,08/17/2022,Wednesday,Apple,iPhone SE,3.0,11730.18,35190.54,Sanjay Patel,43,Delhi,Cash,5.0
1131,28-08-2022,Sunday,Xiaomi,Redmi Note 10,3.0,50673.7,152021.09999999998,Krishna Goyal,26,Lucknow,Cash,5.0
1295,14-10-2022,Friday,OnePlus,OnePlus 9,8.0,42612.38,340899.04,Bhavana Luthra,41,Patna,Credit Card,4.0
861,11-06-2022,Saturday,Xiaomi,Mi 11,9.0,38908.21,350173.89,Manoj Pathak,56,Ranchi,UPI,5.0
3508,07/04/2024,Thursday,Vivo,Vivo S1,5.0,30147.2,150736.0,Arun Teja,42,Rajkot,UPI,4.0
3175,01-04-2024,Monday,Xiaomi,Mi 11,9.0,61066.65,549599.85,Jyoti Ghosh,33,Madurai,UPI,3.0
